0,1,2,3,4,5,6,7,8,9,10,11,12,13,14,15,16,17,18,19,20,21,22,23,24,25,26,27,28,29,30,31,32,33,34,35,36,37,38,39,40,41,42,43,44,45,46,47,48,49,50,51,52,53,54,55,56,57,58,59,60,61,62,63,64,65,66,67,68,69,70,71,72,73,74,75,76,77,78,79,80,81,82,83,84,85,86,87,88,89,90,91,92,93,94,95,96,97,98,99
0.96067053,0.7104754,0.5564082,0.69089967,0.5256649,0.5322852,0.31843084,0.0949437,0.6582791,0.13686353,0.5229147,0.50026643,0.66662335,0.28336042,0.04212892,0.78430736,0.46219206,0.2948293,0.79435307,0.81027526,0.36714417,0.82997555,0.8773543,0.19802034,0.41758752,0.7663493,0.80694234,0.8845068,0.4842713,0.5839937,0.87553203,0.43986452,0.030704916,0.6639381,0.08840269,0.11231202,0.8931731,0.4547884,0.12654555,0.9373126,0.70248806,0.5632935,0.6102168,0.91341853,0.52445036,0.6330483,0.158723,0.566582,0.33219844,0.9878578,0.1823436,0.7047168,0.084938765,0.1506381,0.7151601,0.3407356,0.09444046,0.9742732,0.8025404,0.64899385,0.35421777,0.2873996,0.44323224,0.35082662,0.09925318,0.16213638,0.37262458,0.22034132,0.077883124,0.46436936,0.9799235,0.74672383,0.8718638,0.7311133,0.5968302,0.8849036,0.87313867,0.80787164,0.022154331,0.17210203,0.8870867,0.47580224,0.59796757,0.3380586,0.2847507,0.7004896,0.38465685,0.00051534176,0.3670237,0.4254791,0.41009754,0.095608115,0.3349291,0.06840056,0.19859588,0.3929094,0.3954686,0.9136114,0.32200003,0.9648567
0.88638175,0.03715855,0.62079656,0.6149146,0.31048864,0.17432076,0.29193962,0.2327249,0.3275206,0.8481261,0.39370722,0.5305285,0.67001444,0.37716985,0.94729865,0.92196685,0.025179625,0.33308053,0.29510778,0.27066207,0.5569536,0.086067855,0.61601293,0.8998676,0.91531616,0.97239596,0.82021785,0.051563263,0.25970173,0.14052969,0.8829577,0.58947253,0.95517194,0.29683,0.68386334,0.2523774,0.45682478,0.71911776,0.01596272,0.10591912,0.477404,0.23234677,0.7734935,0.6531798,0.258559,0.28433067,0.41298813,0.18354928,0.0731684,0.42367196,0.1331644,0.34027165,0.9736142,0.2847889,0.22091311,0.7596427,0.22678798,0.34283864,0.8368217,0.14061731,0.92499334,0.4066733,0.2216031,0.2378487,0.84326386,0.074141264,0.7126305,0.45391577,0.08442438,0.27696937,0.6296367,0.009290695,0.9768766,0.8828953,0.96365666,0.9623097,0.43186378,0.90893346,0.29149568,0.7050609,0.055719256,0.5528868,0.5279969,0.8336979,0.37722814,0.28639853,0.9521784,0.8974246,0.7278513,0.50699466,0.6684691,0.6110481,0.93387794,0.14631659,0.6771073,0.44035548,0.48496276,0.81840205,0.2702902,0.4285335
0.79579633,0.29232407,0.19932353,0.11499405,0.82619727,0.0028364658,0.9306892,0.984438,0.2253589,0.76071185,0.40641373,0.39205247,0.5741721,0.86231244,0.84713525,0.68751603,0.38969755,0.60252035,0.0048198104,0.540079,0.41628885,0.8361726,0.88279146,0.14087051,0.34095013,0.4489454,0.41190714,0.74927515,0.43159884,0.08710265,0.72172976,0.1740709,0.8015834,0.5727197,0.31269205,0.021321654,0.69634205,0.22536862,0.56377816,0.61221373,0.9731668,0.21167326,0.015675187,0.9405991,0.24439901,0.4103251,0.72691834,0.3467312,0.44569695,0.0034110546,0.46247828,0.101697266,0.09917992,0.7023929,0.72686535,0.36653298,0.22516179,0.13600993,0.87271804,0.5166753,0.16667575,0.74948907,0.47424692,0.7241546,0.6778515,0.8858249,0.40583432,0.6204168,0.36406684,0.46084255,0.5928509,0.807552,0.8020732,0.37998998,0.7196617,0.26176298,0.33461303,0.044811666,0.8477428,0.3934455,0.19336724,0.506945,0.3134678,0.08711183,0.79053915,0.41822958,0.82177716,0.43636644,0.19311053,0.27590877,0.31486297,0.050936818,0.6018596,0.18843031,0.7653702,0.640792,0.6060732,0.9642176,0.1581325,0.81387675
0.6713606,0.029381752,0.21897614,0.86500657,0.31535625,0.44333184,0.16464299,0.605512,0.17958486,0.71215487,0.43364018,0.4717108,0.92095566,0.021442473,0.57700104,0.7870491,0.73162377,0.3467695,0.7802005,0.25798625,0.6864334,0.5014854,0.41139096,0.09185243,0.81731296,0.5623409,0.6948406,0.5766021,0.39190102,0.37793517,0.0967527,0.4068733,0.061565578,0.8446227,0.09261668,0.67395157,0.96445864,0.521561,0.28770965,0.8103842,0.8259944,0.6995506,0.933238,0.7701232,0.88596,0.27173853,0.834467,0.33593774,0.12106687,0.46924114,0.1715309,0.17568439,0.15523696,0.046746433,0.5352218,0.72267145,0.37003446,0.34675986,0.9460894,0.24216342,0.8530843,0.43843484,0.25341094,0.041663766,0.68092644,0.7530669,0.21024626,0.09043658,0.7651837,0.5335064,0.010219991,0.10843533,0.79843223,0.90977097,0.30970365,0.68134654,0.9583557,0.68721086,0.09614116,0.6302061,0.94513667,0.84877664,0.7042233,0.4796732,0.80159515,0.879037,0.28075814,0.42688292,0.026999712,0.29296333,0.086203456,0.42932862,0.82259786,0.7482569,0.17474318,0.36345702,0.61418045,0.36254758,0.28251326,0.8098172
0.9795364,0.32346368,0.6886863,0.30156952,0.6594552,0.93817985,0.3979758,0.019973278,0.61623096,0.44226253,0.7953458,0.81306547,0.34629256,0.06870133,0.5261471,0.63136697,0.26080817,0.34204566,0.51555336,0.45461386,0.6691417,0.41946644,0.68695927,0.6252173,0.12821001,0.90048623,0.9130338,0.5122473,0.5359481,0.24555802,0.39706767,0.522535,0.09500611,0.69591194,0.731384,0.7746987,0.45650405,0.16531557,0.83279747,0.93019664,0.39166868,0.047124863,0.32927424,0.610833,0.5816905,0.32786936,0.9494149,0.95842755,0.5000102,0.11912727,0.92485595,0.52003205,0.13782257,0.09507978,0.87093306,0.52378315,0.2200386,0.94667006,0.09410566,0.0832783,0.07304478,0.50090665,0.8852334,0.5119092,0.22050643,0.38885975,0.15439731,0.92238456,0.40997446,0.9458163,0.7517662,0.87589973,0.6722669,0.15002137,0.10103291,0.61333084,0.40505224,0.061627984,0.18394029,0.058000386,0.662141,0.6892925,0.4082716,0.6027329,0.85726446,0.29079074,0.25572795,0.4822535,0.8725679,0.53098047,0.91230166,0.68367404,0.5371553,0.51343644,0.6738797,0.85504943,0.28734422,0.10695499,0.21072066,0.2397582
0.5547509,0.48929006,0.109351575,0.5435009,0.96098036,0.24485272,0.7847299,0.7131929,0.62369615,0.6938169,0.23222607,0.8829844,0.32535744,0.8170027,0.34847748,0.90904975,0.6051084,0.301073,0.9845435,0.20177054,0.9229362,0.548445,0.9869911,0.19075716,0.03182769,0.9761496,0.07142091,0.7756894,0.42597407,0.5555507,0.35652024,0.23586345,0.22276318,0.02949965,0.4355592,0.4482593,0.6274518,0.5164097,0.53456056,0.520003,0.65488756,0.7724754,0.043533146,0.60491884,0.21131128,0.98075265,0.016660452,0.53053105,0.6578913,0.5512127,0.34481043,0.3887437,0.5758786,0.9817665,0.79419994,0.054380476,0.23459405,0.7917727,0.330128,0.36587662,0.69097316,0.821175,0.4787792,0.81805694,0.19952846,0.7676463,0.7867345,0.49452412,0.35081238,0.06338596,0.17295617,0.48448604,0.5491291,0.027895272,0.27765918,0.18405849,0.039770246,0.6513603,0.34658384,0.15097487,0.8842854,0.69852495,0.18262362,0.7209941,0.82996655,0.65156627,0.31594807,0.12329078,0.5338933,0.7066455,0.4887486,0.0018925071,0.25901818,0.5963703,0.74888694,0.33218944,0.014015138,0.3861496,0.33144498,0.34589744
0.5324358,0.09802967,0.72939366,0.37401026,0.4684621,0.35405844,0.68592453,0.1301648,0.82928586,0.25208735,0.76697344,0.7406467,0.23725706,0.045264482,0.43449533,0.9736442,0.80677956,0.220294,0.13674289,0.40585905,0.04038304,0.73078823,0.3344993,0.4650728,0.7501431,0.97583365,0.23939145,0.32162523,0.34032542,0.94335717,0.82723767,0.972087,0.81755763,0.62676436,0.5000278,0.17821902,0.95933676,0.36038196,0.073036194,0.80191034,0.14424247,0.6697537,0.28877014,0.7069545,0.29828024,0.15663648,0.2010898,0.8251523,0.598051,0.40753853,0.7382889,0.28458554,0.6563689,0.9098648,0.268004,0.9835774,0.67118746,0.60652786,0.6369136,0.16202527,0.895673,0.28555334,0.79834634,0.40025902,0.79340106,0.030281782,0.29029113,0.020248294,0.27201968,0.26431948,0.32546848,0.13188928,0.93367994,0.99048024,0.4605496,0.09033984,0.6507644,0.7830924,0.47014564,0.78821605,0.71779716,0.60786414,0.68943626,0.9330009,0.67069465,0.42934853,0.10271788,0.8231696,0.9355826,0.9220262,0.57725453,0.3612917,0.3341946,0.5134721,0.68407524,0.13596994,0.048772454,0.84440964,0.47163588,0.5227945
0.1399504,0.20510274,0.39384854,0.5273883,0.8721861,0.29615492,0.49760073,0.28460622,0.34749895,0.21556091,0.8069522,0.1717354,0.32726622,0.9675384,0.4788779,0.5335344,0.25788665,0.6836979,0.76411664,0.78715897,0.16552472,0.61923283,0.24944156,0.4553548,0.8055996,0.9659273,0.41651583,0.63841176,0.72323877,0.71149415,0.448955,0.9546317,0.98896056,0.6103935,0.5011583,0.663419,0.24631882,0.09101933,0.35575992,0.8261579,0.38286364,0.3297695,0.97383106,0.95935494,0.027662873,0.7301947,0.30983603,0.9350303,0.09903753,0.16455233,0.3362168,0.08030236,0.43872398,0.4440753,0.115404546,0.38867074,0.32523364,0.5190028,0.9499502,0.0528996,0.8932195,0.6335776,0.051546156,0.07617366,0.84483707,0.3869998,0.12011695,0.038297832,0.05057299,0.66203845,0.051562548,0.47645485,0.6868253,0.24487823,0.46345854,0.60753864,0.89020216,0.302202,0.81515074,0.11014265,0.026593864,0.76205736,0.9017301,0.1440472,0.8516751,0.4676699,0.78799474,0.8158459,0.7692641,2.270937e-05,0.7091556,0.77936506,0.6116789,0.48748547,0.93672884,0.23073685,0.82635707,0.478882,0.79405993,0.31173843
0.17847377,0.8311512,0.57489794,0.50934684,0.5196063,0.8348277,0.5968043,0.059521854,0.03171885,0.52096385,0.11200911,0.73030937,0.5205025,0.59595597,0.9853752,0.6378801,0.01596737,0.6133455,0.96616775,0.65619236,0.39244998,0.72578335,0.28501862,0.37984043,0.19452178,0.58090043,0.69919086,0.026929498,0.14818078,0.2521779,0.9502839,0.4489709,0.37588578,0.22629672,0.048511147,0.11689979,0.6733763,0.5813763,0.80304396,0.1675604,0.48714405,0.19104278,0.074582756,0.084763765,0.8053114,0.5837537,0.646398,0.97373706,0.46964675,0.28100204,0.036086857,0.4569326,0.30680066,0.09407759,0.015239954,0.5565146,0.81812286,0.72643673,0.23866701,0.23946595,0.5857245,0.7715622,0.49755335,0.5117741,0.8840758,0.4708175,0.35906982,0.109001875,0.90725744,0.569971,0.9766422,0.21286303,0.16889298,0.9494493,0.15467948,0.20808524,0.108178735,0.5644718,0.25246358,0.99642813,0.3327657,0.14742053,0.58968896,0.7145225,0.5816936,0.7193295,0.98965544,0.45749265,0.20727652,0.05614239,0.6655894,0.15773875,0.9418638,0.65443265,0.3760149,0.15929669,0.5464328,0.27453357,0.95733935,0.15075153
0.36181247,0.39516622,0.15291113,0.17219883,0.891962,0.8894217,0.21329123,0.30356658,0.26402104,0.99508446,0.31206423,0.60869396,0.89840084,0.21711338,0.42832947,0.4078169,0.7936455,0.47196347,0.9998866,0.8588152,0.62343997,0.5767251,0.56938016,0.9848632,0.43830395,0.9535621,0.30314952,0.60383356,0.760105,0.7660524,0.38039035,0.3153602,0.576924,0.41196483,0.836648,0.35720706,0.039581656,0.89432245,0.1781109,0.1060946,0.9645559,0.73824894,0.7800176,0.83770424,0.32596493,0.8615713,0.28916454,0.8491257,0.8712675,0.69651765,0.8043393,0.43879443,0.88122255,0.24981272,0.87749743,0.2378757,0.043933332,0.20385128,0.659788,0.3693387,0.5080336,0.6956929,0.44902378,0.21305221,0.28071648,0.42055255,0.9153755,0.4223827,0.44038504,0.66020256,0.7911595,0.45327443,0.27246106,0.9111036,0.25022078,0.5300967,0.2343477,0.48534167,0.9228213,0.6848336,0.22120011,0.7122964,0.6241228,0.83700794,0.50324553,0.1449914,0.013052106,0.15650356,0.5127341,0.49672383,0.87809205,0.69120157,0.82341284,0.26303488,0.69728196,0.3355838,0.6680855,0.8363416,0.6037828,0.76305646
0.054122984,0.16947359,0.39601445,0.45967132,0.34363502,0.3134495,0.75520855,0.91825783,0.8913462,0.78056157,0.15541804,0.9614668,0.13282299,0.020533144,0.98355985,0.9227679,0.18780595,0.40550733,0.69836456,0.3352071,0.28985614,0.40610266,0.96158636,0.6364166,0.8965328,0.75370604,0.19787192,0.3635074,0.96600217,0.44814348,0.51304406,0.54435694,0.5832722,0.0755074,0.005013287,0.4945119,0.59893006,0.3538481,0.42470574,0.9927249,0.7787442,0.38862157,0.28937536,0.9737451,0.6468891,0.27650762,0.15403908,0.6603147,0.41572684,0.4972058,0.6078418,0.11060369,0.48461163,0.46879858,0.71895075,0.66112787,0.54247636,0.17382395,0.9111141,0.6073477,0.54836816,0.088775456,0.82883906,0.9112898,0.9490087,0.8568728,0.23788339,0.35201442,0.8381488,0.03885734,0.7181574,0.48263562,0.46382713,0.22684306,0.8426003,0.7317917,0.80548066,0.7076791,0.91970086,0.4052549,0.28219116,0.7276806,0.36897063,0.824032,0.17018336,0.27272934,0.63598526,0.3345272,0.26548326,0.43146008,0.197178,0.9403362,0.15749729,0.6875388,0.5825425,0.635601,0.2031706,0.44645238,0.048357308,0.6690535
0.908975,0.03421873,0.37716293,0.7631006,0.9603087,0.02182138,0.28744358,0.026040673,0.63756526,0.4778095,0.22276908,0.58112353,0.20003188,0.67067015,0.020047903,0.7674974,0.607508,0.14845222,0.7372515,0.50377434,0.74080426,0.100070834,0.6538397,0.7239955,0.052523553,0.79398435,0.018707693,0.805184,0.88043106,0.98246855,0.14579642,0.39083117,0.59167963,0.7094399,0.111204684,0.80957955,0.30652654,0.49145448,0.63772357,0.7110809,0.030576527,0.700186,0.44688267,0.9293538,0.32098156,0.16689885,0.55321455,0.86982703,0.10851371,0.65289986,0.55609614,0.90413284,0.5418994,0.22265422,0.38082314,0.42715758,0.03120172,0.42373866,0.038482964,0.052076697,0.717966,0.65408933,0.82005376,0.6127956,0.32759595,0.46674562,0.3447435,0.077524364,0.30325156,0.4270354,0.34526265,0.8078272,0.07573801,0.78814584,0.798654,0.70957464,0.17307162,0.28218544,0.026092112,0.93479997,0.8920662,0.7947907,0.64707583,0.11392468,0.105837524,0.7342199,0.3752132,0.52354175,0.82105744,0.62907046,0.6070792,0.76185083,0.361642,0.90648866,0.7871176,0.0021325946,0.10092491,0.3053599,0.081146955,0.78486735
0.7006446,0.20728219,0.2547809,0.061458826,0.18111396,0.054251075,0.47485942,0.7741226,0.45506555,0.08860725,0.19579756,0.9804135,0.38419265,0.28393072,0.76935476,0.104836345,0.4938891,0.5205124,0.8430292,0.1424244,0.657668,0.5423753,0.70482576,0.83480996,0.2183358,0.8070472,0.9762859,0.3566119,0.09708929,0.2538514,0.56790763,0.12595099,0.3724951,0.42871928,0.6564197,0.6068599,0.114886224,0.5045484,0.14461976,0.9491268,0.8901218,0.3104853,0.88181084,0.24671423,0.315525,0.3340206,0.16039765,0.67107165,0.35586298,0.42114872,0.08130741,0.9666296,0.7634593,0.40571344,0.6564756,0.12361246,0.15964663,0.20734304,0.24031943,0.89262545,0.5734125,0.52596325,0.17553794,0.8015539,0.7068472,0.85683316,0.04464048,0.02576375,0.032974303,0.00017279387,0.29346967,0.3018322,0.4589103,0.020533383,0.47114718,0.01403904,0.025013983,0.62449217,0.35411388,0.4072706,0.49446732,0.86522377,0.40386462,0.1650852,0.15673208,0.30339867,0.0866887,0.6761499,0.048230946,0.60883504,0.6306466,0.9824102,0.79157734,0.96469206,0.0079933405,0.024285376,0.19861555,0.646052,0.58916205,0.33294737
0.3857628,0.99332714,0.40364975,0.81328034,0.23153794,0.6919435,0.74119097,0.9496945,0.86486614,0.05471748,0.49324822,0.41742396,0.31070304,0.84054154,0.5553575,0.20819104,0.5644203,0.8166657,0.92755675,0.60266674,0.46651244,0.75680745,0.95768094,0.8359015,0.7669478,0.8210277,0.6592761,0.2303254,0.0013009906,0.750996,0.07836473,0.62244666,0.09597957,0.58238345,0.61374784,0.11883414,0.06559855,0.61010146,0.90641016,0.54958594,0.34350777,0.51449907,0.77612776,0.91303194,0.94539,0.6305441,0.96009594,0.7809008,0.15848374,0.77425927,0.31182992,0.014071286,0.40405363,0.33544004,0.9129016,0.49221975,0.34918004,0.90276134,0.9156927,0.82811016,0.4039293,0.381967,0.32436395,0.5586485,0.6322217,0.81269544,0.26612335,0.8915682,0.4259568,0.46198004,0.41649854,0.95699024,0.53775036,0.8646741,0.10132921,0.81878334,0.8473753,0.12746489,0.8059841,0.75732774,0.5316508,0.5558827,0.23180223,0.8987617,0.6315231,0.85486466,0.30866158,0.9530455,0.29274964,0.059870243,0.22673541,0.7566488,0.022663116,0.10961145,0.7341341,0.28922588,0.8921508,0.81078696,0.6438608,0.6120574
0.17977446,0.1582585,0.14975965,0.8804771,0.5466155,0.97631824,0.51627636,0.98431146,0.5739138,0.32857925,0.7455551,0.16479492,0.044400036,0.21879268,0.28301495,0.34182495,0.4230606,0.2716881,0.8590698,0.2821195,0.31098044,0.15803778,0.73242223,0.968639,0.34079194,0.5766806,0.9661293,0.11721736,0.336147,0.7335531,0.6713741,0.6808834,0.011153042,0.5884921,0.5502766,0.998698,0.96705943,0.602716,0.71266603,0.92051125,0.09416884,0.057075977,0.8088333,0.71220535,0.64447653,0.7736908,0.13821155,0.4037097,0.43545604,0.28352165,0.5907468,0.5783463,0.67475367,0.8686647,0.11476451,0.7091995,0.0004685521,0.6696047,0.76240844,0.42934543,0.5376099,0.36334366,0.8083026,0.97782546,0.9568205,0.39884156,0.85773575,0.010884643,0.45574343,0.9301056,0.045186162,0.011665702,0.9078049,0.94745606,0.23098356,0.121712685,0.59588265,0.54494834,0.05263865,0.60697883,0.647554,0.3747248,0.29430872,0.23201424,0.6543158,0.877725,0.020731091,0.11601943,0.090978265,0.4623024,0.6775698,0.938867,0.81107634,0.73015267,0.50350636,0.017021596,0.39955252,0.73658586,0.72131646,0.7519025
0.86684585,0.8290869,0.98819613,0.9229427,0.2546543,0.39364463,0.8284399,0.7520005,0.56910884,0.6564683,0.55897844,0.9143323,0.6444682,0.51991665,0.3018644,0.9641325,0.005471945,0.864599,0.27004832,0.36885297,0.806843,0.36015904,0.7744173,0.17399472,0.535771,0.3194747,0.24006706,0.8675718,0.23881763,0.33220845,0.3727342,0.3080343,0.89551455,0.37520164,0.5427234,0.0018796921,0.7977862,0.236898,0.71439064,0.07067102,0.59226996,0.6902018,0.24258387,0.8487196,0.9438721,0.86636645,0.90017134,0.4215834,0.07091254,0.5415931,0.1603285,0.30482602,0.92010313,0.3291149,0.29492497,0.5038121,0.29566634,0.75590086,0.3389991,0.19930834,0.3338614,0.49798143,0.77428365,0.6825591,0.988156,0.5344048,0.42694122,0.39581287,0.6820239,0.055954278,0.36297506,0.5593591,0.06584126,0.5696854,0.34398025,0.76159173,0.9189188,0.520945,0.8839024,0.4066257,0.9410804,0.5022513,0.9054282,0.6285231,0.8514934,0.9775486,0.04397708,0.9794313,0.090794384,0.76210374,0.046837866,0.85408884,0.39286155,0.23503834,0.21382558,0.7422822,0.11092317,0.93495905,0.97183603,0.56084573
0.78145117,0.53493005,0.92315024,0.82685626,0.5698046,0.6454234,0.41144854,0.65016973,0.07475531,0.99675447,0.385763,0.5219904,0.3127461,0.08554095,0.3745172,0.78064024,0.59598,0.13100082,0.21891028,0.29303676,0.4788291,0.25836104,0.8347263,0.6280355,0.75328803,0.17741418,0.5313035,0.77219343,0.4453106,0.37982047,0.12048584,0.8383612,0.79698145,0.2955891,0.5488169,0.74094313,0.80823654,0.11924213,0.15179378,0.53563386,0.636544,0.004952252,0.6655819,0.48026603,0.3374995,0.27667964,0.41607952,0.115796864,0.89151865,0.6073894,0.2817816,0.4842131,0.06393933,0.42735207,0.49122053,0.12841976,0.65004325,0.06238234,0.3618517,0.25538749,0.15039688,0.8113395,0.85031164,0.21870136,0.5113779,0.35512275,0.30183935,0.1724472,0.24595582,0.15255982,0.91696763,0.046889126,0.6521166,0.19949776,0.9952265,0.9617121,0.7785922,0.008905947,0.023482263,0.35254192,0.38186175,0.8307434,0.56107897,0.81063765,0.67035687,0.15894675,0.5600961,0.42743474,0.36133087,0.7083958,0.2837298,0.9724157,0.27390075,0.84794146,0.053425908,0.9031816,0.28087342,0.6074537,0.8031932,0.74726427
0.6940602,0.54744565,0.62217623,0.006513357,0.7547657,0.80346334,0.72121507,0.6777805,0.02376759,0.81752515,0.8326335,0.30968994,0.431576,0.4658695,0.7916188,0.013697386,0.45877266,0.36269337,0.94522214,0.9925984,0.7126898,0.3749017,0.9736108,0.6195632,0.52364,0.003963053,0.7016756,0.29015934,0.025012732,0.9411695,0.09849602,0.86178637,0.13626903,0.20716327,0.93050635,0.45016128,0.9456101,0.12782401,0.4493739,0.63070667,0.4104427,0.8569095,0.8850915,0.22978073,0.27982748,0.33104837,0.47882617,0.26799762,0.66145563,0.1584515,0.25859672,0.15169394,0.06387997,0.93787396,0.63325864,0.9218278,0.79111296,0.5012189,0.20023328,0.32230753,0.7995572,0.7087475,0.6504033,0.3322233,0.7912279,0.47489548,0.10444164,0.032129824,0.6646944,0.16144913,0.2751037,0.2986632,0.7720577,0.3782854,0.6808687,0.47099137,0.74612546,0.12680036,0.27128857,0.628213,0.95461583,0.72464764,0.16763335,0.4757818,0.9959083,0.85684544,0.5115203,0.87912494,0.25357085,0.17831051,0.79719317,0.6276711,0.83777255,0.44404894,0.7035247,0.24151379,0.12614489,0.66264534,0.15724999,0.9147871
0.035141885,0.38523746,0.3136493,0.37025464,0.25849277,0.4175316,0.44612348,0.4523846,0.3257944,0.9080504,0.94997805,0.93088233,0.79152447,0.34510982,0.61393684,0.69578207,0.96921504,0.2540111,0.6592243,0.826785,0.46357936,0.7245965,0.7284377,0.051888704,0.097344875,0.56067526,0.86247873,0.2170335,0.5913558,0.9393694,0.89824843,0.12559569,0.28994715,0.69324327,0.01718527,0.9673776,0.9513889,0.2732007,0.221901,0.71425986,0.9539631,0.33935046,0.31759,0.9052291,0.6707072,0.64158124,0.97163284,0.0073961616,0.8972316,0.5363574,0.22682899,0.17334563,0.08051866,0.2612028,0.17212522,0.4619885,0.5033565,0.33484083,0.3703552,0.4092278,0.5387054,0.64702106,0.9292434,0.3349766,0.05280447,0.14970422,0.053001285,0.38582665,0.1427306,0.50244075,0.16117829,0.3370852,0.2636764,0.8516483,0.050263107,0.9379356,0.9827652,0.8814891,0.13841778,0.039418817,0.21776706,0.45476037,0.59693533,0.42038918,0.64807814,0.32802302,0.52426356,0.9860759,0.6533493,0.7608194,0.08698529,0.7990224,0.04909414,0.5690849,0.45614904,0.07136732,0.60715634,0.8528406,0.6320008,0.5870085
0.20476234,0.7431928,0.45351362,0.09063512,0.49010295,0.091094494,0.97632164,0.61753166,0.14873934,0.2566902,0.38767964,0.34100503,0.14431638,0.52561784,0.8408677,0.98514354,0.17927521,0.6657405,0.46797317,0.84569556,0.78795934,0.579245,0.7157647,0.6372511,0.21959782,0.6758984,0.8001601,0.675372,0.6676847,0.08962226,0.63926816,0.032930136,0.3769034,0.36862278,0.40614122,0.34601986,0.7963365,0.907714,0.67505693,0.1308046,0.1449908,0.80884516,0.85423124,0.8790405,0.82039183,0.057261825,0.6904405,0.7745673,0.7864946,0.56745774,0.08809054,0.8894894,0.639105,0.3357584,0.23685986,0.7021916,0.63996273,0.17999196,0.965946,0.563334,0.72230244,0.6439621,0.059640765,0.3076775,0.13882166,0.4179055,0.4956712,0.5721195,0.88825154,0.050016105,0.27213913,0.50263786,0.82051724,0.32800454,0.46154046,0.46712232,0.4303426,0.09062868,0.9125838,0.355811,0.4575191,0.31862438,0.7888632,0.83248127,0.42037958,0.18340409,0.021693766,0.69529426,0.699963,0.6907737,0.52080476,0.6546835,0.5161162,0.6980746,0.3562743,0.98734564,0.04172969,0.31703222,0.048766494,0.703483
0.06634599,0.07551402,0.87328345,0.19722962,0.74099016,0.5830881,0.55159855,0.7736851,0.6414053,0.68481946,0.9666642,0.7234856,0.14392203,0.8600395,0.5660066,0.46000296,0.5846052,0.6788968,0.7868203,0.9651208,0.40293235,0.28151232,0.9897665,0.036022067,0.907048,0.4385743,0.47955108,0.89797515,0.64177495,0.60036284,0.55064267,0.081792414,0.2762409,0.5948764,0.7317679,0.5001064,0.023563623,0.98686916,0.084706366,0.43342233,0.59109885,0.12543356,0.9476819,0.9940423,0.96600354,0.8645099,0.95009637,0.40216768,0.5272635,0.768183,0.38174433,0.75997883,0.26313585,0.7592399,0.5199262,0.5602536,0.279665,0.40888548,0.2434128,0.7041383,0.15112251,0.9298826,0.94359267,0.9574687,0.62261015,0.33347285,0.11886418,0.49332893,0.7904734,0.8766174,0.7943762,0.41929644,0.28736687,0.9017394,0.7915301,0.4523275,0.8735175,0.854812,0.41232932,0.0154953,0.054121256,0.0013754964,0.0793013,0.59655195,0.42477453,0.6253874,0.4205662,0.32301766,0.4004963,0.5189383,0.6309367,0.41163892,0.92216635,0.0148255825,0.7386944,0.94596744,0.113603115,0.38620853,0.6605059,0.90549016
0.28503346,0.2121368,0.14976454,0.6835945,0.30616558,0.45525438,0.9511517,0.05716473,0.8324462,0.34539413,0.47821224,0.8255864,0.578163,0.88297826,0.76551884,0.31580132,0.9566279,0.025243402,0.17850304,0.92942154,0.10308087,0.21730334,0.7469314,0.18566519,0.3415889,0.2327252,0.53211343,0.32718825,0.61172086,0.847713,0.5285232,0.29766244,0.3969764,0.55858856,0.26516497,0.6605253,0.9634918,0.6380953,0.87925106,0.58919525,0.03102827,0.2025525,0.7927667,0.2627955,0.06676173,0.4367057,0.75666606,0.5196735,0.65667,0.34045273,0.37460667,0.11172944,0.05439955,0.28812844,0.7475892,0.8976209,0.80438596,0.09288204,0.1813553,0.55187076,0.04280132,0.94324315,0.030922413,0.6607799,0.20773286,0.043944478,0.011814773,0.5506024,0.4086256,0.74805945,0.243182,0.6704835,0.6868612,0.046393514,0.039634407,0.47887748,0.59993696,0.3443905,0.6921322,0.5606888,0.09035629,0.20340788,0.7735863,0.031109512,0.21146673,0.52132624,0.56802016,0.86732256,0.1895222,0.90111226,0.10485047,0.39122504,0.026670635,0.8630788,0.12501025,0.4213658,0.037213445,0.3681301,0.3174011,0.07992643
0.43735492,0.09257501,0.3779766,0.6858002,0.12204206,0.7162991,0.22756672,0.94069475,0.8295036,0.012386858,0.62841344,0.49077362,0.6218373,0.43092024,0.54072726,0.9949413,0.8892347,0.86808234,0.074876726,0.74398845,0.38500172,0.1282804,0.6702028,0.36116397,0.4203781,0.460851,0.09900302,0.17017192,0.9280369,0.5190608,0.5220751,0.90943545,0.11974478,0.5037608,0.91921407,0.24606454,0.25397712,0.22190237,0.74545515,0.5599852,0.80412567,0.4705693,0.18217355,0.5316422,0.44940573,0.9842276,0.81943387,0.6635522,0.0015953183,0.19168979,0.8825302,0.36613458,0.55840003,0.16807687,0.26342022,0.37634516,0.11832547,0.20183319,0.9472775,0.15965366,0.6663098,0.19781595,0.18943661,0.75639045,0.91632646,0.8571524,0.36076862,0.41314232,0.4648363,0.17820609,0.03560394,0.15931559,0.64384884,0.30621582,0.5418411,0.20875472,0.44638997,0.7099359,0.22687942,0.22078335,0.47824377,0.9595139,0.78204256,0.3260057,0.16751486,0.35559684,0.184506,0.31284183,0.77231455,0.0905565,0.120881855,0.11080915,0.27603996,0.5161273,0.11962557,0.01491487,0.31539446,0.24506968,0.6013895,0.34457332
0.42951697,0.034941673,0.053753853,0.3550818,0.05649352,0.6745193,0.41295928,0.37431604,0.8385087,0.1289401,0.48967904,0.2989818,0.8866283,0.57393545,0.25530463,0.9502377,0.54397416,0.7447981,0.23189723,0.00018948317,0.4682474,0.7672798,0.1002785,0.54084903,0.7486022,0.14853352,0.3746298,0.39670032,0.9375436,0.11651695,0.87246215,0.54188293,0.23516363,0.6836809,0.53317034,0.11498922,0.37155306,0.8937958,0.7876864,0.13952142,0.5644817,0.7002527,0.20298833,0.75672156,0.12434292,0.46514404,0.18694162,0.4983158,0.5262952,0.22734797,0.70076317,0.9118146,0.42242032,0.87420297,0.9338859,0.9511285,0.11765033,0.36868203,0.80532444,0.18085063,0.27868837,0.730409,0.08845639,0.84703314,0.7478993,0.95987535,0.8540726,0.38840353,0.3052566,0.25409192,0.053952932,0.5009823,0.4355467,0.96091515,0.48556685,0.2387653,0.4067493,0.7116833,0.12175393,0.004879117,0.79776,0.73881817,0.058507144,0.8431705,0.7187842,0.27178383,0.499004,0.55544865,0.06502277,0.44630092,0.346981,0.8520069,0.6393337,0.4911163,0.8410898,0.4592027,0.62579113,0.64300174,0.33765817,0.17973506
0.15060061,0.81698376,0.21378279,0.2672578,0.59334177,0.8103015,0.20033109,0.206034,0.06576753,0.28062665,0.3605067,0.11151159,0.63118446,0.3640157,0.3636709,0.5190287,0.9795982,0.14726609,0.70975757,0.026045024,0.8752814,0.2987398,0.8217662,0.005523622,0.44725937,0.56352997,0.11861652,0.46911907,0.5207683,0.5093097,0.84057754,0.3291639,0.9685246,0.08889794,0.04215783,0.44973785,0.05913627,0.34402096,0.86966765,0.32051146,0.5088977,0.6536094,0.8882267,0.74992436,0.80653447,0.60144335,0.3446958,0.5247921,0.36402744,0.028288126,0.55831224,0.11401397,0.3320567,0.97228676,0.4840616,0.42662674,0.31837386,0.6778353,0.45790845,0.97563994,0.31256253,0.5076929,0.36747068,0.028817892,0.06400722,0.17149794,0.31654733,0.35930318,0.91434085,0.7761249,0.9769417,0.6950789,0.8003882,0.45726532,0.75153023,0.3284486,0.021644652,0.838638,0.76370466,0.35451072,0.6521234,0.09086132,0.9738569,0.236435,0.8534021,0.4806887,0.48453593,0.87651587,0.09728223,0.73265976,0.40211004,0.56248456,0.5449486,0.2762553,0.6347781,0.7595253,0.8457491,0.59742343,0.97294694,0.24248874
0.04532659,0.72860646,0.60901433,0.3444339,0.16997546,0.0346691,0.9630435,0.86282414,0.81042814,0.97372985,0.4448794,0.0006377697,0.9713399,0.8099884,0.6104193,0.3458801,0.38295877,0.95768684,0.6938427,0.26645952,0.3682961,0.52014905,0.31093687,0.72998106,0.8851806,0.22897434,0.75956094,0.9624774,0.047495782,0.46357936,0.7408605,0.07344735,0.48442322,0.86608166,0.6849035,0.10710579,0.8879763,0.2731992,0.63656193,0.90546054,0.07620466,0.6150969,0.9920229,0.04989469,0.5682156,0.09290397,0.22526741,0.6998467,0.80609673,0.829828,0.80221593,0.32249033,0.5128077,0.66882885,0.7054899,0.1063205,0.82870233,0.17824847,0.6103564,0.14623469,0.9507678,0.20330453,0.7108548,0.66005015,0.16198504,0.6454875,0.86038256,0.7390765,0.22312516,0.3451569,0.27733213,0.37512094,0.107337594,0.827085,0.6219567,0.12147969,0.33511412,0.28261578,0.63696724,0.1315397,0.5084174,0.16017896,0.50015175,0.06573486,0.7587962,0.95576656,0.32214677,0.40860128,0.22685617,0.123414874,0.18000185,0.476977,0.9594922,0.79569346,0.19322002,0.3345592,0.64887214,0.5521408,0.61738646,0.47115773
0.98125935,0.38545668,0.67397124,0.7663637,0.48644775,0.6486665,0.1816333,0.9029227,0.047139168,0.20899439,0.84677297,0.609358,0.5397192,0.25001705,0.13603151,0.89398575,0.19331187,0.8750457,0.2090851,0.40811324,0.1293155,0.44422835,0.8920259,0.12379044,0.8600129,0.8709219,0.6541848,0.121062696,0.9724941,0.68076175,0.80117255,0.022670627,0.7896173,0.21477115,0.84077114,0.7995223,0.4904893,0.35147035,0.71324605,0.2878031,0.1050902,0.2315697,0.46810234,0.011845112,0.2657296,0.4423452,0.12739736,0.8803526,0.96360654,0.08273059,0.68099356,0.5595199,0.0842191,0.87611175,0.77799326,0.6704142,0.3074779,0.87845224,0.008685052,0.33414745,0.6765598,0.041493893,0.6602495,0.7501205,0.53268284,0.65246814,0.6306981,0.6068658,0.68838924,0.005449176,0.43789518,0.3847646,0.4867574,0.60130113,0.7922473,0.65730405,0.7623336,0.19379866,0.5648243,0.34078562,0.6506013,0.20575929,0.16285247,0.615303,0.08107436,0.771002,0.2662171,0.41160947,0.46822226,0.78054345,0.13103414,0.8060733,0.104788125,0.3113231,0.8139823,0.60484093,0.5909717,0.0061578155,0.032719553,0.40810966
0.5938728,0.45858508,0.898336,0.49134094,0.36527127,0.5329106,0.25909585,0.5930641,0.72881645,0.9004864,0.62702227,0.4129362,0.53082454,0.12785381,0.9659641,0.6379897,0.5723206,0.36005378,0.37229967,0.31099647,0.41581994,0.42054808,0.051988363,0.740706,0.7228158,0.8683908,0.07408941,0.7193778,0.53562695,0.7345503,0.5809043,0.52235615,0.86044717,0.79817593,0.03938985,0.80855155,0.09773767,0.45386708,0.25549287,0.5154564,0.71894395,0.2616359,0.66297865,0.992881,0.97636473,0.03897947,0.07938439,0.6555326,0.9614772,0.60613877,0.70671487,0.9041533,0.69774985,0.22102153,0.9916842,0.782181,0.32945865,0.8608105,0.5392795,0.4322706,0.3941278,0.49154007,0.90061647,0.35710627,0.5055337,0.97624534,0.9123617,0.23656654,0.6461113,0.42152292,0.5937071,0.7970212,0.03535217,0.7917272,0.83312386,0.009824336,0.18212408,0.4443282,0.2316705,0.693115,0.91210234,0.94814575,0.26895374,0.94581586,0.5392012,0.7092475,0.48139805,0.013104141,0.62626934,0.9530244,0.37353343,0.27114606,0.39804298,0.6071687,0.8050304,0.2939936,0.305439,0.9772343,0.84088635,0.583908
0.8794486,0.24694729,0.545343,0.1250304,0.08158487,0.43033993,0.35220796,0.41920173,0.006503463,0.37159324,0.4012,0.1266082,0.32774055,0.34249115,0.5211076,0.40128803,0.39501852,0.74764705,0.5162297,0.43401945,0.26065987,0.30247086,0.24130172,0.62186486,0.9971457,0.882484,0.7129827,0.9816671,0.6264169,0.33883953,0.9839629,0.16464788,0.5308579,0.47458446,0.899349,0.82489777,0.23806202,0.07996148,0.6018186,0.12534547,0.3791427,0.45805442,0.66993564,0.21991259,0.9178151,0.029895663,0.9849556,0.20286608,0.9432234,0.49344265,0.22001493,0.77355707,0.37033796,0.22917008,0.9872562,0.19733983,0.4917215,0.29586548,0.16179943,0.38326102,0.46962827,0.63404834,0.84119517,0.21280533,0.83983463,0.7522777,0.83213913,0.13953543,0.9506841,0.93737876,0.32453007,0.9581538,0.9151865,0.8296449,0.42868787,0.7078326,0.5640194,0.35032153,0.6069669,0.4505269,0.103327155,0.8980282,0.47488195,0.07266796,0.32507253,0.49482214,0.37679303,0.41112167,0.7835532,0.3332616,0.3245563,0.26569146,0.72513294,0.6989174,0.46668845,0.6602129,0.75815886,0.33822984,0.5936554,0.8040551
0.3234918,0.7169019,0.03461188,0.2818213,0.44972026,0.51355165,0.839033,0.46211952,0.46515924,0.7972552,0.306091,0.34240907,0.09597474,0.066049516,0.65064204,0.554927,0.46860665,0.90604985,0.58361375,0.172723,0.47640252,0.6790426,0.90141994,0.52529746,0.2967322,0.4575472,0.19956678,0.49974746,0.41450316,0.8572198,0.64172256,0.2640242,0.18186218,0.28314507,0.0788672,0.6717304,0.9997599,0.5209672,0.45272076,0.6304562,0.98456985,0.38827753,0.76359403,0.08568311,0.9761122,0.80033696,0.7716874,0.86709815,0.19073278,0.3027048,0.37539107,0.06285548,0.979024,0.9252794,0.93834955,0.18962371,0.48729724,0.3175221,0.07607764,0.27032167,0.73065025,0.6928655,0.4442811,0.1144892,0.75491816,0.18091452,0.94003475,0.30270535,0.5899085,0.2887206,0.2067622,0.1152066,0.5700237,0.6726,0.81902707,0.5439388,0.065707326,0.5485862,0.14917016,0.867722,0.19231266,0.04683298,0.8490596,0.08983326,0.60397434,0.5652884,0.62630445,0.32289827,0.68290347,0.8701587,0.6306419,0.7558245,0.63541156,0.032806277,0.39274728,0.98372704,0.07836008,0.8262844,0.008670092,0.42654985
0.14615762,0.0028428435,0.92788374,0.036134124,0.8732464,0.1872009,0.019073963,0.5120597,0.36862546,0.7593281,0.1532197,0.5552367,0.980135,0.34755433,0.026394367,0.85040915,0.6928492,0.6374942,0.5166743,0.01690936,0.10644323,0.41165495,0.8700702,0.12788719,0.6423196,0.9509129,0.33174223,0.8396327,0.77705204,0.939191,0.061020374,0.6928186,0.57231367,0.38725454,0.8956421,0.62388486,0.2617917,0.10368645,0.8368931,0.101878345,0.5750203,0.8982672,0.06405574,0.56582636,0.064023316,0.3256023,0.7401869,0.10938263,0.70211214,0.71578836,0.2807141,0.3599897,0.3667875,0.17768085,0.74576473,0.5033373,0.99940264,0.9972931,0.56087446,0.62977415,0.35285926,0.108733416,0.20717943,0.502267,0.10979825,0.60033965,0.77646345,0.6650515,0.8935891,0.9157626,0.1789025,0.42922962,0.1462233,0.428842,0.45811224,0.23185652,0.75210756,0.2177344,0.59791666,0.7401821,0.23086923,0.8190804,0.9432654,0.3166095,0.13018852,0.69661486,0.3621943,0.084863424,0.24158818,0.5319439,0.050760806,0.60374963,0.43451405,0.59819525,0.7883323,0.16237551,0.090583146,0.0206002,0.864701,0.33246684
0.32992715,0.41803116,0.14838177,0.15623498,0.28331345,0.6307344,0.069184124,0.48087704,0.42634135,0.055513382,0.9710038,0.62051314,0.6533623,0.11727369,0.95382524,0.42745453,0.16567612,0.1313585,0.112739325,0.822629,0.8950453,0.7906815,0.6261909,0.86325204,0.2830329,0.16244829,0.30200607,0.81024545,0.6868236,0.4766289,0.7129951,0.83031,0.5924861,0.23287469,0.31614214,0.6957587,0.5815157,0.909873,0.1453579,0.38526464,0.57038844,0.767542,0.68095267,0.3258707,0.561222,0.5313982,0.44699037,0.38499683,0.4783048,0.36284304,0.13423389,0.8169382,0.5261589,0.7148264,0.5873315,0.7381824,0.055185676,0.32574105,0.06587869,0.1518349,0.026025295,0.80072325,0.14998388,0.6946649,0.4146884,0.51038665,0.24326903,0.62766325,0.14640361,0.66856396,0.673294,0.09788656,0.70043564,0.61088574,0.18894386,0.6735156,0.5011854,0.6717063,0.13634169,0.97940636,0.19478983,0.91977406,0.25144428,0.23054016,0.49417347,0.4909222,0.28058952,0.5382882,0.10114151,0.48972112,0.93609893,0.42602402,0.8032156,0.8101357,0.3120619,0.210917,0.69248295,0.7770824,0.5240788,0.4750318
0.72462314,0.7420521,0.31825083,0.8947165,0.9597664,0.664832,0.78397995,0.9286974,0.61104596,0.24925572,0.4790541,0.07010901,0.16096663,0.73793,0.32288814,0.77636015,0.89418685,0.8437125,0.93913734,0.44926655,0.6591365,0.041076362,0.25375253,0.7157153,0.09805405,0.2357806,0.6516843,0.08876556,0.20254076,0.2429285,0.47139823,0.070323944,0.6074877,0.5822096,0.7893658,0.16168332,0.606499,0.92552257,0.8028981,0.23744476,0.9754482,0.798862,0.74426556,0.37368625,0.4978196,0.026631713,0.036838055,0.88003534,0.91251683,0.708177,0.025071084,0.0038871765,0.6274679,0.27801514,0.61232847,0.32249737,0.050929308,0.16531897,0.86027825,0.48499918,0.851956,0.9714346,0.17774177,0.5573812,0.5213967,0.70299625,0.024556696,0.7550884,0.33509016,0.065095305,0.21281904,0.016221702,0.751864,0.014789283,0.81347764,0.8742732,0.93161845,0.68100804,0.98954386,0.4926709,0.5251612,0.42392844,0.07496458,0.7279337,0.5137387,0.5459258,0.025173366,0.53331965,0.68292564,0.57607967,0.95758027,0.726336,0.8505732,0.19070715,0.42258614,0.75138086,0.5027359,0.6850549,0.89332026,0.66710246
0.037670374,0.46899605,0.9517225,0.47919476,0.50954443,0.7335132,0.92953366,0.4608518,0.94095284,0.07667214,0.6196033,0.8839976,0.014693677,0.77647907,0.8329423,0.35531145,0.018577516,0.8089309,0.39598072,0.73151636,0.8022332,0.95570445,0.33757365,0.23758334,0.53944016,0.5316548,0.5313377,0.28220814,0.36632586,0.99456275,0.9518783,0.5172947,0.6589162,0.7741719,0.009660721,0.8613004,0.87230223,0.23950082,0.6359179,0.6915852,0.32183075,0.51191324,0.45405698,0.32038337,0.08412516,0.903529,0.84177697,0.2826652,0.8400235,0.7687128,0.77896094,0.9585039,0.7028251,0.6851061,0.8041953,0.24878412,0.16463792,0.38833606,0.7779994,0.09084338,0.83079773,0.64802456,0.61702704,0.41984254,0.5067069,0.2268244,0.0130960345,0.9937564,0.8501112,0.15937829,0.53237474,0.16821373,0.7241261,0.68803513,0.25801992,0.2079556,0.29397273,0.511531,0.28150558,0.86354995,0.05190152,0.56607234,0.8975311,0.4242494,0.4646842,0.38679898,0.3979357,0.296656,0.063776016,0.7313146,0.8307381,0.5239623,0.81117356,0.9892112,0.7491931,0.21404809,0.27950048,0.61653733,0.6107915,0.16780263
0.41095775,0.5256869,0.27869594,0.9660127,0.13018703,0.8831239,0.056012392,0.88961893,0.83436716,0.80503947,0.37148064,0.11351168,0.23142713,0.98994654,0.52209145,0.18151057,0.48629302,0.44098926,0.7624735,0.5175982,0.61057127,0.11800468,0.71328616,0.0011622906,0.13255215,0.71009386,0.5130865,0.46092087,0.72288156,0.56242466,0.990355,0.5942879,0.94596314,0.08473724,0.7990896,0.8916888,0.60654604,0.9566321,0.12804234,0.2863134,0.57464033,0.551406,0.9443693,0.06246668,0.31820476,0.41243684,0.9076153,0.51716846,0.87512594,0.0336197,0.060564697,0.45215005,0.037769794,0.2769962,0.3626374,0.6063029,0.6348986,0.07284486,0.77666754,0.6122708,0.938023,0.9000967,0.6781794,0.93522274,0.07146609,0.019283652,0.33569592,0.50731164,0.1886611,0.12974972,0.8011094,0.81066906,0.70565915,0.2156946,0.455204,0.19684386,0.7828996,0.35608947,0.19681054,0.14003569,0.7741496,0.983183,0.9947837,0.1459688,0.6802074,0.58876145,0.8185935,0.4898306,0.04018396,0.1725263,0.080895305,0.42038918,0.48691654,0.93133086,0.73843914,0.74552596,0.83370936,0.889052,0.31832045,0.7779762
0.9497181,0.14775342,0.58251566,0.9511029,0.3900386,0.72480863,0.5752711,0.6893274,0.43189865,0.30982178,0.45399523,0.71885914,0.9446587,0.91464734,0.85431015,0.011496186,0.75424904,0.4177189,0.2796831,0.9898936,0.76054406,0.54101557,0.11824602,0.023443282,0.60228163,0.27732104,0.89293814,0.33520097,0.38793087,0.43949908,0.55579966,0.59552896,0.88203424,0.8460914,0.70330185,0.55726546,0.9602793,0.18030918,0.73165256,0.8701273,0.3494014,0.26664835,0.40379494,0.3591926,0.41990966,0.6217407,0.3805883,0.093284905,0.9267795,0.69683903,0.647205,0.3869099,0.33242625,0.51893175,0.06535709,0.71204925,0.36459893,0.4201485,0.40857315,0.5815277,0.7709592,0.7685069,0.21245968,0.25348473,0.60451674,0.0791322,0.031615555,0.32583284,0.9821325,0.29784465,0.34178948,0.047809422,0.5374865,0.25532788,0.7830407,0.41190434,0.45463818,0.06662947,0.56489766,0.74772626,0.5410584,0.5123657,0.158054,0.12448108,0.8862911,0.96619266,0.73973787,0.576212,0.5900462,0.2404769,0.72002345,0.6798008,0.36953294,0.7704465,0.8328956,0.7672538,0.7689063,0.7108499,0.79158294,0.7968799
0.68512475,0.28937125,0.39984083,0.5791783,0.5621742,0.9987589,0.8937445,0.041972637,0.23827505,0.083141685,0.72696596,0.13949645,0.9259857,0.2829607,0.84509856,0.85139495,0.59465176,0.5922941,0.012679458,0.37034798,0.5799834,0.11132461,0.69202757,0.12606514,0.9007967,0.9238959,0.18212503,0.62468576,0.61578476,0.25285256,0.5333118,0.35981143,0.74907327,0.103075504,0.5071568,0.2733267,0.26759863,0.76698834,0.97280526,0.4424044,0.7774635,0.76824063,0.68450046,0.115362525,0.1172775,0.77317536,0.99392277,0.6455609,0.17088687,0.46595144,0.23274446,0.15148497,0.544516,0.26943725,0.33367062,0.21863645,0.50335073,0.0640493,0.3482284,0.33572203,0.21038657,0.5028473,0.96270406,0.48476195,0.277354,0.5050275,0.93528664,0.19823694,0.5827313,0.26008892,0.8783193,0.29932213,0.6059289,0.2808519,0.84081435,0.6422857,0.6368483,0.71751654,0.43336624,0.9260828,0.5926622,0.44071776,0.88998896,0.9362212,0.34865552,0.54092985,0.54244775,0.68556434,0.8571266,0.14102733,0.8590047,0.36885005,0.49141026,0.77988076,0.5142435,0.023827195,0.12091148,0.46430093,0.36482382,0.1880824
0.18142235,0.3634501,0.8918799,0.36909533,0.16082197,0.5914149,0.835338,0.78628546,0.8046448,0.643911,0.04771191,0.4155646,0.3695438,0.6559763,0.5071814,0.9278967,0.3030365,0.0033097863,0.18282539,0.40093845,0.58424246,0.8174394,0.6544748,0.6184606,0.82356894,0.8126136,0.3138309,0.979111,0.016030312,0.6156574,0.95217067,0.1415379,0.8944002,0.5961088,0.34281117,0.74679047,0.810568,0.56073874,0.8472885,0.16060811,0.12310541,0.5037609,0.40263414,0.21143001,0.15521663,0.5569124,0.68259466,0.057681203,0.7024259,0.86713624,0.7538351,0.23064631,0.8727521,0.12780493,0.27672172,0.2573833,0.122419894,0.70862955,0.5214801,0.37332493,0.2948681,0.11571592,0.19961375,0.97527796,0.50077796,0.757414,0.08420718,0.6812938,0.16710144,0.67038274,0.17954147,0.87640435,0.28856975,0.5808677,0.9790842,0.7729007,0.3325354,0.6100656,0.22208667,0.25445294,0.03565961,0.0027931929,0.4828921,0.78008795,0.5948209,0.46025175,0.18057054,0.17762947,0.75662935,0.4380877,0.37286943,0.72954005,0.75639933,0.44159704,0.02894944,0.6807348,0.6113569,0.8922709,0.043036163,0.97670805
0.70821494,0.07430339,0.9503036,0.62118155,0.09853929,0.99120533,0.66615343,0.02456808,0.3451097,0.2600643,0.67552054,0.24623638,0.5763683,0.88458836,0.84802306,0.34539622,0.34169012,0.23273045,0.62399215,0.05799228,0.3330903,0.9402422,0.8884396,0.63293016,0.72705114,0.114025116,0.13946575,0.37814683,0.1940046,0.8187018,0.6498175,0.7607903,0.5826995,0.80030733,0.95058733,0.34080178,0.92036974,0.65941715,0.23780346,0.36634302,0.7546621,0.8505774,0.1524604,0.76733863,0.64379156,0.6624591,0.32429278,0.03247732,0.54862267,0.40481305,0.27831447,0.54488724,0.51244235,0.10631293,0.22068465,0.20732898,0.2294473,0.6186825,0.5325609,0.64814913,0.08156735,0.9667338,0.8917663,0.786613,0.4604717,0.8490049,0.89630306,0.26689255,0.708772,0.4684624,0.69355625,0.50643384,0.38742864,0.5147462,0.53443485,0.7948039,0.28403085,0.7731084,0.17564058,0.9883046,0.6335095,0.06405085,0.9010258,0.84681034,0.105434716,0.010945439,0.36499017,0.8337372,0.89200956,0.4568922,0.20097363,0.8002448,0.44048733,0.045101345,0.98674333,0.9255196,0.0116837025,0.3813187,0.17480117,0.16086382
0.68466437,0.5371482,0.65855813,0.10408121,0.24378234,0.77472013,0.31970954,0.8373703,0.7215661,0.010117054,0.21257865,0.08187348,0.9674448,0.581777,0.17774671,0.5521252,0.9762526,0.33484983,0.99647295,0.60614526,0.5296121,0.59239185,0.9031178,0.8618252,0.634652,0.8564456,0.24817556,0.9711913,0.7712676,0.011850715,0.11041725,0.8810787,0.1230886,0.5093775,0.8055025,0.5664325,0.2766428,0.36977845,0.078943074,0.20485497,0.5638795,0.25156444,0.45555013,0.33274496,0.41178143,0.26858187,0.9002938,0.6671288,0.16310978,0.4111269,0.6802682,0.2458052,0.24188864,0.53031087,0.07730061,0.75756264,0.83991873,0.77109724,0.431584,0.2482636,0.4762777,0.24841815,0.020187676,0.42223984,0.018639982,0.25221086,0.5077747,0.88308465,0.8917166,0.3439377,0.6604208,0.8870473,0.9382372,0.29812765,0.5993562,0.34675634,0.37264055,0.70753556,0.7889204,0.45860827,0.84268117,0.06006491,0.73672545,0.40708888,0.48334503,0.09295374,0.03390968,0.26465112,0.6104367,0.8725519,0.12620115,0.2668904,0.22384751,0.9956747,0.22937596,0.24887037,0.5183811,0.02696991,0.33888292,0.69975114
0.02353257,0.7165766,0.9335005,0.29644352,0.56122506,0.34349906,0.73468447,0.8161569,0.4174757,0.86592406,0.4027201,0.036628306,0.19669521,0.2679838,0.78404343,0.013976991,0.1784051,0.6123957,0.48121363,0.28106016,0.75066024,0.08347356,0.8296598,0.7384284,0.32300562,0.82685244,0.037954688,0.5150739,0.33606082,0.23081207,0.47392303,0.5465666,0.30178392,0.5252803,0.21931362,0.3966381,0.7449023,0.85884345,0.6488041,0.13822055,0.9442572,0.4537112,0.09966099,0.5272348,0.5363803,0.30013508,0.62451595,0.9443415,0.29869008,0.4890294,0.5316419,0.035336852,0.026428163,0.24091733,0.9295127,0.98646486,0.06481749,0.3594765,0.122155726,0.96824914,0.31703055,0.66040146,0.957173,0.14334118,0.29095268,0.9653647,0.0064067245,0.23255074,0.9550483,0.48095047,0.4711215,0.93453604,0.9729758,0.325005,0.30214238,0.77893966,0.7689271,0.26993096,0.94680655,0.59058416,0.8191901,0.17297935,0.3799423,0.06671244,0.79790187,0.942911,0.29597783,0.9786671,0.046192825,0.08695066,0.7464224,0.39636028,0.57325876,0.88379186,0.67900753,0.9192027,0.5104306,0.050014853,0.56807727,0.9001131
0.07151508,0.5555287,0.37242872,0.9706072,0.7210669,0.70923823,0.6286011,0.3482101,0.51445323,0.17593408,0.9958111,0.6360906,0.001524508,0.121153474,0.02627778,0.09915763,0.6000116,0.55868715,0.14630848,0.3246522,0.8581308,0.034537375,0.34606928,0.18779916,0.6933536,0.5632672,0.5471456,0.47415084,0.98046386,0.9545801,0.57997966,0.8324894,0.7560135,0.38776892,0.095454276,0.61735976,0.16139579,0.4379719,0.89835167,0.98577636,0.2581343,0.5698114,0.7622931,0.16507661,0.5402379,0.44373298,0.022905827,0.56973356,0.79267883,0.6454617,0.56456333,0.11033225,0.013934433,0.8542284,0.5598422,0.4017582,0.8196407,0.2203728,0.72071445,0.26014626,0.5402627,0.4053744,0.82440984,0.27313787,0.43230063,0.9071585,0.36698288,0.18939954,0.19710839,0.8729586,0.86300874,0.81024224,0.2636692,0.75993204,0.77428436,0.31969237,0.88998395,0.34337455,0.9208313,0.18704039,0.053243577,0.95194316,0.10389924,0.15178132,0.33714402,0.6713212,0.52362317,0.47852582,0.3176787,0.47587633,0.4882933,0.63095546,0.23419887,0.7029616,0.66127557,0.6235331,0.23762184,0.9665101,0.5947033,0.08334839
0.9293443,0.09237677,0.2763005,0.5049304,0.029842496,0.43058443,0.40072262,0.16205609,0.74663556,0.9754199,0.5291468,0.5097207,0.38010746,0.15931576,0.751759,0.61970216,0.9147883,0.9946236,0.8100993,0.6759459,0.87830085,0.97100616,0.98351437,0.48281527,0.45874798,0.9385524,0.7068575,0.8465699,0.45933402,0.004553914,0.7479582,0.8173527,0.011170566,0.7432484,0.16048563,0.50443673,0.6913633,0.3275512,0.57869804,0.23683041,0.26190078,0.5168129,0.43001115,0.21304345,0.841544,0.23162282,0.55771625,0.13363546,0.61149263,0.98302543,0.06914002,0.6688191,0.017327726,0.7520205,0.026438057,0.3187676,0.7529907,0.82419753,0.626016,0.2913357,0.8900834,0.6458494,0.17773551,0.8962732,0.25871134,0.051935613,0.5922404,0.9731891,0.9941802,0.10310984,0.6548588,0.64201546,0.3498407,0.46758276,0.34803426,0.6223723,0.1738128,0.74254185,0.3466665,0.93365955,0.01911223,0.31804943,0.41134697,0.58487684,0.34303004,0.03085202,0.6401954,0.86557144,0.6969652,0.121558964,0.6822692,0.5066576,0.30486453,0.83546174,0.8581249,0.76024854,0.949343,0.64412886,0.7501138,0.09485686
0.8606194,0.7858936,0.6344163,0.36950195,0.41433758,0.6715455,0.010786414,0.15917891,0.51937115,0.009763837,0.7278989,0.21768916,0.5781176,0.5742176,0.070916116,0.3597198,0.36389583,0.16229653,0.70386785,0.66512424,0.4787917,0.87404644,0.21061629,0.07707095,0.41022277,0.054243922,0.069451034,0.48204362,0.3725406,0.9052421,0.34660947,0.51960915,0.73420864,0.34592742,0.5145744,0.99695766,0.4660763,0.10488939,0.36717504,0.82984126,0.55928195,0.377339,0.30255026,0.74126595,0.8342405,0.33899337,0.67071694,0.31267273,0.5473629,0.36879736,0.67544603,0.091321826,0.6804532,0.750641,0.38223565,0.66983384,0.07860738,0.5176066,0.9232141,0.6266829,0.1974296,0.84301966,0.7507743,0.5652882,0.14185071,0.3977757,0.69800425,0.622527,0.028920889,0.6845899,0.08890772,0.61839706,0.7860791,0.17560679,0.6759485,0.57449305,0.39276397,0.5598889,0.25192863,0.9037053,0.7885829,0.2653435,0.21752036,0.48375404,0.6754586,0.78127986,0.7782519,0.87790614,0.89287746,0.03564775,0.9752658,0.21109861,0.8849816,0.7798315,0.3504194,0.7720945,0.76355344,0.6835083,0.9678377,0.6308239
0.09187406,0.59392583,0.44657075,0.7201283,0.59806585,0.69900334,0.38142103,0.92191947,0.6350894,0.6140369,0.2824694,0.8353415,0.0016075373,0.20286381,0.5994718,0.84400403,0.93071765,0.5958661,0.75447613,0.93278515,0.08313894,0.098951936,0.34324968,0.7318358,0.4958431,0.90901303,0.60751736,0.34594405,0.25612944,0.25676447,0.016581714,0.33767283,0.21613306,0.028630435,0.9313727,0.5022516,0.8382888,0.29454505,0.66976535,0.9370699,0.42872858,0.5518679,0.44141126,0.883652,0.33942652,0.3287751,0.67512965,0.20996392,0.12238538,0.6377511,0.2423802,0.9243225,0.663018,0.25641322,0.93191385,0.99317354,0.5833906,0.4072672,0.3206234,0.9351058,0.69383144,0.91456753,0.8406357,0.82006466,0.95394605,0.60677063,0.10774404,0.8342107,0.9163609,0.71320575,0.5452917,0.8613445,0.19469678,0.30656487,0.9127627,0.8598498,0.45550048,0.15169561,0.92647195,0.56787026,0.082849026,0.5035706,0.3715188,0.49921042,0.8258751,0.39648038,0.85851586,0.27335852,0.8484687,0.640957,0.15851319,0.51883537,0.97934,0.23829257,0.31484443,0.032660127,0.35105872,0.24943727,0.6687861,0.7683139
0.41582352,0.5107589,0.60605574,0.0552876,0.37823224,0.68942237,0.897635,0.46186817,0.11891043,0.9359968,0.35688126,0.51895565,0.79262966,0.34954643,0.9133977,0.28757918,0.07308185,0.48979634,0.37359184,0.28313643,0.10438019,0.044502795,0.83104134,0.50480175,0.4911238,0.27837008,0.813369,0.075706005,0.45714778,0.5416625,0.795313,0.086910725,0.54241204,0.9549286,0.024803579,0.072630584,0.6810465,0.13330603,0.14021379,0.63241804,0.1829012,0.41071188,0.72672945,0.018523514,0.68024874,0.7204993,0.70488375,0.40395004,0.29824442,0.12360382,0.80446404,0.78263474,0.31563014,0.15525639,0.09215933,0.20081502,0.61353284,0.9746191,0.7843479,0.6456236,0.6387844,0.55466324,0.32935154,0.70278317,0.8141475,0.23312467,0.052298307,0.50796866,0.28591186,0.5016911,0.08590114,0.6586143,0.112293065,0.99044013,0.2867465,0.22532684,0.729787,0.147888,0.28849417,0.1679287,0.026864707,0.8785168,0.29152858,0.70738745,0.96562666,0.8659103,0.84540826,0.8045985,0.49642146,0.47588933,0.21562654,0.65786445,0.6955099,0.8868104,0.7787042,0.3266462,0.98212963,0.6427866,0.14000577,0.8806932
0.31862205,0.23329079,0.32234246,0.5963454,0.54154134,0.5420959,0.9949324,0.02636379,0.40885377,0.104629934,0.99761873,0.5894325,0.90123826,0.26317388,0.5718078,0.8405855,0.3562827,0.302801,0.26364326,0.6044727,0.28580856,0.37390858,0.15004921,0.04779166,0.9050314,0.3426581,0.7937266,0.32853836,0.9389472,0.4665606,0.40832752,0.83714664,0.91715807,0.13207716,0.11156911,0.9767293,0.8058062,0.6631591,0.6686545,0.429933,0.48306417,0.87524486,0.74442005,0.57454526,0.8125189,0.8000699,0.25831676,0.81906444,0.5777225,0.2504006,0.5097861,0.79049057,0.23458326,0.29951018,0.68988687,0.32943177,0.60808307,0.33233023,0.07537502,0.9007721,0.3659274,0.9854852,0.584689,0.47603697,0.5468924,0.16078788,0.54551834,0.3234331,0.703118,0.55670327,0.65317225,0.6940805,0.24915373,0.9827251,0.7033057,0.37994993,0.07566708,0.31673497,0.052340686,0.20709324,0.8056716,0.20315653,0.11116445,0.43453777,0.6775788,0.87587726,0.60452515,0.440311,0.71872914,0.20812184,0.80694497,0.21878076,0.6791416,0.15973157,0.764971,0.48900622,0.9431438,0.8908418,0.29530406,0.46725243
0.16089106,0.876277,0.3031718,0.042247415,0.8651316,0.042368054,0.6612491,0.6396982,0.24956834,0.5060386,0.9194472,0.95695114,0.17315662,0.010829866,0.7110622,0.8377879,0.24863088,0.05357927,0.34556007,0.08908689,0.02238816,0.7758843,0.40164638,0.41489142,0.6217746,0.8942122,0.090828,0.19646472,0.22304255,0.7557522,0.33842748,0.11811644,0.8757671,0.007334888,0.53241724,0.5379096,0.4023133,0.49565506,0.42837554,0.803815,0.05648625,0.28357637,0.7844961,0.94826216,0.6453345,0.4755026,0.73865074,0.17167789,0.049866676,0.34425765,0.13030857,0.13844085,0.22960311,0.021630943,0.039429545,0.8040843,0.48134208,0.18470818,0.8423218,0.9430886,0.49982262,0.34644294,0.9634212,0.86767477,0.25769842,0.27025974,0.055795312,0.53903395,0.78882325,0.70892423,0.5077176,0.7388719,0.7381828,0.4731959,0.74613273,0.36341715,0.84614855,0.069877446,0.29277545,0.74599785,0.20010972,0.97831315,0.938112,0.15487283,0.63796747,0.8337703,0.106057584,0.2529977,0.49939615,0.9479739,0.62488425,0.5799917,0.30523217,0.62729686,0.0793255,0.5286025,0.8545174,0.8848416,0.65577674,0.49346012
0.4604692,0.58829683,0.97558075,0.16849852,0.93645465,0.19211239,0.104833245,0.26211166,0.49046677,0.32953006,0.23835564,0.95227754,0.51543003,0.36101812,0.07733768,0.2458567,0.9421875,0.929022,0.46250796,0.9479929,0.6900054,0.7038438,0.6408787,0.054987967,0.70341563,0.731838,0.7758795,0.7419436,0.81637007,0.18716973,0.1098879,0.41232985,0.8284003,0.49628073,0.19153333,0.84541655,0.17411005,0.82209784,0.14218879,0.44511014,0.24190563,0.82009906,0.07640439,0.9424843,0.38131928,0.39699328,0.4778582,0.5990554,0.6061651,0.28188533,0.98627776,0.62591225,0.558021,0.85835266,0.45885366,0.6895528,0.14655763,0.83794874,0.6881597,0.26982093,0.69355357,0.21339154,0.9178267,0.20885807,0.12361115,0.71640396,0.98950905,0.20407146,0.97303134,0.36928976,0.4645198,0.44064206,0.51151085,0.83752,0.6264115,0.848895,0.8592722,0.6774411,0.8418461,0.8043067,0.6878386,0.06106931,0.32558352,0.91403747,0.9385279,0.6315655,0.6244773,0.90274906,0.85090786,0.48107618,0.26340723,0.14807439,0.9582084,0.28380108,0.22242528,0.8443116,0.072009206,0.63302684,0.8643541,0.55743384
0.80507374,0.14643133,0.41133642,0.36263013,0.80149025,0.8107172,0.954716,0.92565846,0.81221545,0.9203569,0.21123415,0.8569153,0.068553865,0.8602217,0.07978964,0.6141303,0.7452245,0.6266839,0.51748466,0.86657906,0.8959668,0.6976677,0.8220719,0.20569962,0.0965935,0.25560176,0.9252911,0.68317306,0.77262455,0.02952826,0.02744937,0.3550375,0.4545825,0.032164216,0.9098875,0.8582071,0.8856527,0.14824647,0.7126883,0.13797355,0.9662059,0.14222199,0.99315166,0.45313442,0.32277077,0.56431794,0.16666913,0.43598813,0.49608678,0.06526941,0.41419303,0.015565515,0.9042064,0.15234691,0.10636884,0.2265116,0.43137568,0.7667279,0.36894083,0.13430321,0.35288495,0.065546334,0.5213012,0.06482369,0.6271552,0.98418945,0.61061263,0.76558393,0.83400685,0.7460051,0.6008409,0.8780279,0.15024751,0.23225635,0.8283314,0.93388385,0.4616179,0.26599896,0.92657936,0.66209626,0.14562637,0.9279481,0.9995807,0.03800869,0.037123382,0.90171313,0.39875096,0.3155673,0.42981988,0.6308322,0.107524514,0.99668545,0.84119046,0.57814276,0.5445228,0.02741462,0.47072172,0.86550283,0.61875695,0.32890916
0.4814142,0.062420905,0.82560176,0.20355189,0.08279526,0.1650027,0.7396926,0.99431837,0.49000317,0.057570994,0.36134,0.62620574,0.83018315,0.7043443,0.05567825,0.429923,0.97166044,0.1378234,0.9910914,0.68234324,0.83017135,0.6262386,0.932196,0.6743196,0.18178892,0.8003532,0.92100084,0.9848014,0.74511063,0.20320994,0.25579512,0.12822753,0.8736961,0.5588957,0.628204,0.6631357,0.026761413,0.6236804,0.74291253,0.49727935,0.6793002,0.3875932,0.397394,0.2756605,0.37481976,0.65650004,0.16165924,0.5258613,0.5988659,0.94810337,0.24710196,0.7627397,0.13943255,0.58279693,0.9385572,0.6448234,0.46911663,0.67468244,0.21735358,0.20469123,0.49910825,0.86886287,0.81247187,0.81995517,0.0071849227,0.17450106,0.061563253,0.6500715,0.7219409,0.0817346,0.7445361,0.36901635,0.54520845,0.1411215,0.40730286,0.6129866,0.49144363,0.80132616,0.31446147,0.64653474,0.76374614,0.4864787,0.07357168,0.8443372,0.86025745,0.0005235672,0.8778008,0.66555285,0.8286985,0.56764615,0.82133824,0.17458117,0.6003193,0.9075463,0.9738773,0.7109753,0.53160614,0.8354083,0.5270406,0.41822493
0.64970094,0.6736767,0.9640283,0.88150656,0.90979195,0.45074016,0.5519688,0.25158644,0.60962933,0.13438642,0.04333335,0.24523985,0.5779418,0.08455759,0.7325752,0.020135581,0.43120545,0.29203957,0.014847338,0.5479302,0.49442267,0.20104039,0.04042232,0.7993787,0.9264013,0.75013244,0.4245748,0.846933,0.2769565,0.55396515,0.55287653,0.48201632,0.3630755,0.26023734,0.89762527,0.061757088,0.71693075,0.7817829,0.88924307,0.41045123,0.8750296,0.63947517,0.8775259,0.36441886,0.86554915,0.85712415,0.74568325,0.4499523,0.37733734,0.49575514,0.74100196,0.7600819,0.41617954,0.50341386,0.6380998,0.8366341,0.005745232,0.7521967,0.55895746,0.8406744,0.5037351,0.85283357,0.36699444,0.5347072,0.7221516,0.66385835,0.015900552,0.94619495,0.5622682,0.30883473,0.88665897,0.33511806,0.94262254,0.88894814,0.9463155,0.6811207,0.3700838,0.9485518,0.110740006,0.37343508,0.48147994,0.33571035,0.100030184,0.7196595,0.90347743,0.69271517,0.7557369,0.106782734,0.09763992,0.4343831,0.83098924,0.7692264,0.6127007,0.7615284,0.07927889,0.5536529,0.67834836,0.48016465,0.23579228,0.35749
0.23106313,0.58138645,0.21980304,0.23235565,0.9135514,0.3478759,0.39393312,0.5202101,0.3018679,0.34223568,0.41975236,0.6855154,0.3729875,0.31119543,0.11698747,0.7269777,0.19288492,0.7559915,0.07607007,0.29753482,0.16278917,0.44080865,0.838381,0.070491016,0.92664397,0.09190166,0.3551913,0.3803212,0.20263344,0.99889827,0.97562426,0.91215867,0.06480557,0.74380594,0.5928502,0.7363297,0.5390486,0.8262144,0.82731134,0.03277886,0.71107715,0.726114,0.39910138,0.02945149,0.94706815,0.42433703,0.675236,0.8614098,0.707574,0.19120717,0.38695985,0.31403708,0.3317213,0.8021054,0.9407118,0.9655034,0.90799785,0.32914597,0.4543982,0.49617362,0.79521054,0.16899806,0.5843073,0.99985135,0.8784294,0.2252037,0.26824164,0.43735182,0.02710861,0.7955432,0.640841,0.84193265,0.50630426,0.88933796,0.96609294,0.5832987,0.8488133,0.9030135,0.42646372,0.55274016,0.5364193,0.64938664,0.3830228,0.9435727,0.9390066,0.5285714,0.012714922,0.8467105,0.01648736,0.12859535,0.18663603,0.23102772,0.85327256,0.35414803,0.092131436,0.5474196,0.76799977,0.8998097,0.014247119,0.48239917
0.29815614,0.43524837,0.13729,0.6316119,0.8206672,0.7869455,0.08828986,0.6172177,0.8758289,0.5756315,0.41969883,0.97351944,0.07119793,0.1344065,0.76585686,0.2999969,0.69747084,0.55041146,0.61493444,0.13073301,0.55012524,0.70139664,0.2553528,0.785263,0.14668328,0.7350683,0.78077435,0.5670748,0.71337956,0.6759531,0.32184905,0.41965652,0.3476959,0.0003195405,0.67579824,0.0513013,0.35092437,0.9278329,0.83593947,0.5477255,0.7440446,0.44763595,0.922719,0.5348205,0.29820096,0.00075018406,0.057812333,0.073355794,0.19631511,0.56525767,0.51315355,0.23120785,0.9031741,0.6634676,0.120927334,0.4234087,0.49560958,0.87953645,0.16304111,0.26687282,0.55266756,0.13178551,0.9017841,0.6533963,0.95883656,0.75552803,0.8063167,0.025265157,0.14812511,0.65587986,0.00083345175,0.60244846,0.74498963,0.29248583,0.81273985,0.5926279,0.66499084,0.11845833,0.3199607,0.22918999,0.35434562,0.08140981,0.21178675,0.80573845,0.025448978,0.6966555,0.56883264,0.37289935,0.5552467,0.25543374,0.60959375,0.78835917,0.5679703,0.9867194,0.48981774,0.68080133,0.36788595,0.08218336,0.70270175,0.2951976
0.9966526,0.04709816,0.7711732,0.82244384,0.058547437,0.28892285,0.5759445,0.81321293,0.5485371,0.040404797,0.724135,0.23112363,0.65820575,0.71970034,0.5104186,0.5855158,0.46116507,0.986918,0.43591934,0.40555584,0.265572,0.9580176,0.5885644,0.855763,0.28253615,0.15625411,0.124308944,0.37560707,0.3681913,0.0325585,0.50438726,0.7737174,0.8807666,0.10619956,0.20592046,0.06545329,0.78177166,0.6853035,0.2425561,0.918148,0.6050921,0.1361801,0.045218945,0.6391722,0.294828,0.30816162,0.059647977,0.3050869,0.4242869,0.4827283,0.1116088,0.7411154,0.07661426,0.24774814,0.3967904,0.12080556,0.07364184,0.7599492,0.76256746,0.19093949,0.8124522,0.22205693,0.72500813,0.5826657,0.8363964,0.97513497,0.73670876,0.7360774,0.831944,0.8194158,0.390872,0.088771105,0.36181343,0.28863305,0.62098277,0.9588704,0.18672377,0.102184474,0.20552623,0.8645983,0.28281903,0.5896785,0.8006136,0.7819885,0.97272,0.9869804,0.39597374,0.3249809,0.78736466,0.943212,0.5921343,0.46223927,0.6357992,0.75588137,0.0034509897,0.31339902,0.3090468,0.4627099,0.09707737,0.25508702
0.3863563,0.4706661,0.9984678,0.7256381,0.55454636,0.38462842,0.71914476,0.3933413,0.5218627,0.5470518,0.20988029,0.2804703,0.5046094,0.23633158,0.26126027,0.87846094,0.951123,0.9057671,0.9635031,0.076722264,0.22233725,0.3634836,0.0775156,0.42984104,0.2185095,0.260966,0.12838155,0.10790259,0.23735094,0.85424393,0.21404952,0.2277236,0.6149141,0.50213915,0.7168453,0.6194659,0.24627638,0.8289816,0.41570652,0.73421997,0.7044417,0.5474243,0.3554572,0.7771235,0.12112725,0.054674625,0.86851096,0.6877409,0.9052162,0.48098266,0.12735069,0.37805492,0.9677672,0.4408859,0.9314877,0.20856369,0.7059989,0.17883927,0.6439485,0.48428088,0.86306566,0.04061109,0.7012768,0.20385605,0.33484906,0.4392671,0.42998338,0.4307636,0.6674625,0.6803445,0.049500406,0.4613458,0.9212477,0.16204453,0.9036027,0.61005986,0.55639666,0.9171342,0.67491,0.8812675,0.99116766,0.45655233,0.025677502,0.8929594,0.7624143,0.74387324,0.88607794,0.093337715,0.8820781,0.4823513,0.5158847,0.7368338,0.29909587,0.2142803,0.96142954,0.85053176,0.09199804,0.11873633,0.7665645,0.459737
0.525692,0.5787884,0.2417041,0.5768661,0.86266357,0.46814245,0.2796095,0.867486,0.39526135,0.9431467,0.7898889,0.8485464,0.38716418,0.043205023,0.005061567,0.20894778,0.31383657,0.71877545,0.8394921,0.38193738,0.46434933,0.11488652,0.09402144,0.27382642,0.7858209,0.18973547,0.6059964,0.5651274,0.60947883,0.12675494,0.5162009,0.29923898,0.55157447,0.075865805,0.6444337,0.52558404,0.275877,0.7391242,0.013137758,0.54441524,0.5968298,0.8620605,0.5456529,0.6407496,0.24062693,0.1472581,0.16176546,0.7472997,0.5567276,0.46730417,0.07775235,0.6264523,0.63485146,0.775965,0.77677816,0.77194893,0.3670349,0.6456131,0.62160224,0.5203777,0.12993544,0.015213728,0.73627,0.6172689,0.2637537,0.5009239,0.929686,0.4829647,0.4429766,0.3097751,0.84807783,0.248523,0.44379687,0.55455357,0.10059667,0.59783584,0.81706774,0.35755622,0.93131536,0.07821047,0.71209747,0.47821146,0.080456436,0.16031784,0.8280459,0.8640878,0.92842525,0.12584555,0.051427186,0.81802887,0.23158836,0.54742223,0.1729247,0.8960275,0.19629425,0.39324903,0.016540587,0.60935277,0.21882802,0.059420884
0.51665175,0.21640903,0.107059956,0.6448357,0.00699687,0.19851977,0.45024097,0.89166534,0.65949696,0.8593462,0.9616896,0.79447097,0.39608824,0.59737545,0.8632193,0.06633878,0.42347664,0.3226238,0.9782729,0.39195627,0.717174,0.5762796,0.7987984,0.66622657,0.4349013,0.5320399,0.8433083,0.9897554,0.92981786,0.29849058,0.7246761,0.76056033,0.09455365,0.44984764,0.34695297,0.21912056,0.24274784,0.65492123,0.081719816,0.08599472,0.6722824,0.3254063,0.5640091,0.20489192,0.73009795,0.78678393,0.14292598,0.83593214,0.4456944,0.5114888,0.54487795,0.3343011,0.45365733,0.5095203,0.9703407,0.38741297,0.18675584,0.44996428,0.8263518,0.16050637,0.19494355,0.65130293,0.3316124,0.94009244,0.56822187,0.9121331,0.745639,0.15668762,0.023802638,0.29263312,0.5786649,0.44653618,0.21351135,0.033990443,0.6828843,0.36760837,0.9349426,0.57601875,0.8454358,0.48631042,0.8048269,0.5497775,0.87692356,0.8392556,0.068066716,0.94303495,0.046059668,0.41772765,0.2952265,0.7599217,0.8331016,0.017822266,0.46265668,0.51580095,0.8104407,0.19676685,0.5858717,0.83496815,0.93914413,0.53103614
0.19907689,0.1583901,0.27010047,0.30338848,0.47769254,0.8498169,0.6365045,0.5131406,0.5729236,0.82857496,0.002286911,0.41790783,0.69344,0.47092855,0.29125917,0.36052418,0.44100857,0.99024576,0.79736996,0.34637707,0.14476919,0.31761932,0.29814374,0.32645476,0.72699386,0.77666456,0.7459733,0.14110309,0.92523366,0.6212974,0.3296852,0.77651167,0.02725321,0.67605925,0.8207926,0.04241413,0.12271184,0.1518938,0.726637,0.49658853,0.3730567,0.65161836,0.17788142,0.56393635,0.8671073,0.82266796,0.5215075,0.14927036,0.9884839,0.7574457,0.21470547,0.75766844,0.036485076,0.8410101,0.8599226,0.21364039,0.52197814,0.9245845,0.6474026,0.75565505,0.40791845,0.7766727,0.5435352,0.936593,0.3261236,0.47574455,0.8644448,0.18869853,0.32254577,0.13732892,0.28602642,0.0096536875,0.5793941,0.74856144,0.52058136,0.5627565,0.44840872,0.764349,0.5516004,0.61013967,0.4528975,0.3660869,0.21754396,0.67079496,0.80387706,0.23232198,0.92902356,0.8634081,0.24199033,0.68419284,0.24810922,0.5616706,0.62611437,0.623161,0.36820334,0.74238324,0.9437988,0.41702247,0.28276366,0.80973923
0.9738871,0.1660195,0.095448315,0.21464449,0.5089168,0.9943892,0.08468205,0.88246113,0.22421086,0.5911569,0.6619462,0.7923253,0.989933,0.5405776,0.026040375,0.36202013,0.3710941,0.5196544,0.23487234,0.65604645,0.4120564,0.9989317,0.82862246,0.019334435,0.36766905,0.59275115,0.80572796,0.5280866,0.927921,0.31739312,0.47887444,0.2045458,0.6845369,0.34664774,0.20349914,0.8989763,0.13413554,0.420008,0.6913071,0.4432373,0.5624456,0.28393376,0.65009314,0.11632645,0.41278392,0.29044837,0.5696223,0.02118653,0.6274936,0.025723279,0.9480833,0.9342576,0.9732898,0.0954327,0.1631304,0.73539263,0.31086254,0.55402946,0.0041702986,0.5104323,0.36157387,0.16114748,0.15069818,0.7400334,0.21662581,0.1529507,0.27752268,0.15908247,0.5748072,0.7086665,0.3661406,0.18831849,0.44367242,0.40965283,0.55132955,0.32191747,0.35935622,0.91854334,0.8527472,0.059607506,0.8667641,0.08363718,0.58643395,0.80524045,0.5717993,0.8223742,0.7006352,0.28927958,0.2594518,0.47387624,0.56629544,0.44920552,0.86502314,0.30607277,0.10196453,0.21324432,0.43660426,0.88660526,0.4079678,0.9867116
0.97393674,0.48852003,0.7563022,0.17081493,0.7855873,0.91519195,0.89594793,0.55669135,0.81270516,0.502336,0.74477804,0.41626018,0.7438623,0.454935,0.96898425,0.060762227,0.823558,0.30080962,0.7762314,0.7702474,0.10034853,0.31079268,0.07220942,0.7148909,0.53791803,0.93398637,0.08370566,0.03396797,0.36891896,0.67373294,0.705727,0.93974704,0.72942156,0.70881003,0.022346258,0.50032717,0.28605324,0.7331845,0.10949153,0.39742702,0.4523782,0.63083965,0.22490907,0.6310638,0.67434394,0.16305387,0.3204645,0.6911292,0.64175,0.29101503,0.4675395,0.9697205,0.15348703,0.135939,0.94077283,0.8832392,0.9042968,0.97038025,0.4945823,0.6270347,0.54798377,0.11731857,0.7890165,0.20840609,0.79694444,0.77517754,0.276744,0.116258204,0.19322038,0.59665185,0.4285037,0.038458705,0.041202784,0.3500539,0.70107174,0.05220604,0.5797912,0.9420916,0.685441,0.7287603,0.053023517,0.47297215,0.59456176,0.26330346,0.0930838,0.31401765,0.68586534,0.40544897,0.518724,0.96847194,0.6690889,0.73306054,0.6375956,0.8161163,0.24674934,0.28486574,0.15583181,0.1603995,0.3527307,0.25629115
0.05468929,0.30765152,0.5949492,0.13472295,0.2475959,0.40256387,0.91691226,0.5049326,0.23333395,0.0743441,0.3257478,0.05076778,0.694153,0.17914915,0.47856462,0.2655087,0.7728191,0.3766821,0.44733077,0.9986218,0.66396785,0.03491807,0.4340868,0.70437664,0.89653736,0.6264565,0.54118925,0.40540862,0.34469372,0.4904979,0.61812377,0.15925026,0.032785654,0.31690532,0.6038335,0.40123647,0.047593296,0.70079577,0.12866944,0.16004258,0.04704964,0.82844186,0.6469997,0.016904533,0.22313106,0.72962874,0.25343066,0.32470465,0.22937876,0.8476955,0.47699583,0.74468976,0.26558644,0.24123919,0.27744412,0.084482074,0.6147226,0.7063235,0.014318585,0.9046062,0.8219991,0.071964145,0.6164676,0.73722696,0.31352347,0.22764766,0.07074213,0.6770838,0.19395828,0.700491,0.16832,0.18019056,0.36847728,0.48935634,0.18113178,0.119831026,0.43445987,0.13454694,0.022020876,0.57924485,0.31689912,0.51031226,0.82655615,0.7358466,0.45951658,0.47608697,0.21279758,0.7445672,0.33238602,0.46425074,0.5601572,0.88947546,0.47330678,0.4081759,0.48767823,0.0694865,0.3363952,0.41512036,0.34042925,0.61217016
0.5903424,0.91502476,0.48521888,0.09404558,0.2994771,0.42857778,0.86866033,0.6902657,0.845807,0.8388603,0.67694587,0.6407494,0.17779869,0.43943155,0.929767,0.5504433,0.17694938,0.6076869,0.22909516,0.63829297,0.7175692,0.6264881,0.3339625,0.72315407,0.30304646,0.31995702,0.7620144,0.37926793,0.51003647,0.33059686,0.65491813,0.47565722,0.1802966,0.98394173,0.28100348,0.42230797,0.9356187,0.29300308,0.6662095,0.5518422,0.11279571,0.58014536,0.43600005,0.35501587,0.16422206,0.8918894,0.37210077,0.35282892,0.94325614,0.20405245,0.40806258,0.7823287,0.23970664,0.08583605,0.39861184,0.87554073,0.746547,0.57343423,0.5733374,0.62489784,0.35190064,0.97440696,0.23209387,0.51343364,0.41509068,0.047108352,0.9384867,0.32138997,0.013203263,0.50954556,0.07341671,0.3210268,0.92923635,0.36530858,0.69464654,0.86504364,0.007631719,0.8189381,0.8860968,0.7633604,0.50558144,0.03291279,0.6928543,0.04618603,0.7526588,0.4065295,0.4227864,0.1818068,0.37179667,0.084830046,0.6422091,0.56883055,0.7231655,0.9970431,0.4547614,0.032441795,0.5232514,0.19758296,0.09090567,0.074519455
0.40635884,0.35596466,0.8839867,0.2604481,0.096328616,0.92046446,0.14283234,0.31464952,0.4907875,0.43162876,0.6614332,0.39883995,0.7924157,0.2998653,0.94234955,0.58995175,0.90755624,0.95315856,0.5861631,0.10572773,0.67100513,0.48922622,0.09185332,0.1550625,0.7314253,0.20582694,0.5479918,0.2174238,0.371648,0.95247054,0.502489,0.33065325,0.31610233,0.46447176,0.44226396,0.49650753,0.5919609,0.9851015,0.5117124,0.036660314,0.12561059,0.982394,0.5958121,0.33572346,0.3265345,0.8378712,0.081255436,0.4941051,0.13388753,0.35536003,0.6774326,0.7317199,0.88409215,0.40671927,0.7482333,0.7791333,0.23260546,0.4397784,0.44691062,0.99079007,0.38634062,0.8701027,0.41833156,0.44471222,0.6983048,0.7211473,0.5416778,0.46123135,0.9766565,0.5664253,0.09000009,0.9830061,0.5100857,0.009631813,0.24479532,0.9918975,0.15209025,0.80025464,0.8682054,0.35191768,0.57629347,0.8822633,0.71671927,0.8721256,0.500323,0.14675373,0.36738276,0.6124224,0.25596905,0.8028054,0.66307443,0.6547499,0.95007163,0.22353369,0.2775488,0.2711528,0.48197544,0.6712356,0.79467773,0.6922223
0.980419,0.44331872,0.73040116,0.63100535,0.5620272,0.9372124,0.26096106,0.1690951,0.4057371,0.2195642,0.52659047,0.82594645,0.77899295,0.8725488,0.73790675,0.011839747,0.7001466,0.49432504,0.40602714,0.6828993,0.61733466,0.63194,0.37700874,0.43196702,0.7128509,0.23945636,0.19291317,0.73243546,0.67926544,0.009031236,0.70774615,0.7565645,0.52305174,0.42046082,0.50589186,0.50393933,0.9629998,0.7442539,0.2635134,0.5351582,0.6741982,0.3842671,0.22686195,0.7349574,0.6934199,0.56999844,0.43858296,0.14595634,0.89738417,0.21659774,0.11093563,0.40325952,0.87985843,0.76444453,0.5946759,0.1269384,0.95204675,0.64339006,0.34188586,0.17609239,0.052212358,0.13114208,0.18555695,0.7330084,0.8468877,0.538105,0.1808359,0.8762277,0.093086064,0.6720572,0.9959863,0.67994916,0.30356908,0.3176099,0.9380304,0.82246387,0.3699999,0.08055246,0.22777706,0.9344278,0.4131251,0.5855438,0.60821104,0.31657112,0.036430478,0.47849423,0.47095132,0.16251683,0.5770928,0.041880965,0.72370034,0.8072895,0.090976596,0.43153465,0.544773,0.974267,0.22239977,0.14155602,0.2823164,0.016930044
0.12609541,0.85122573,0.26069945,0.88429797,0.36465132,0.028976023,0.43363363,0.76584774,0.39964044,0.20700479,0.05587262,0.18797576,0.21720612,0.99963874,0.59449446,0.12298685,0.80150914,0.21781719,0.55086625,0.25016302,0.17511898,0.9147821,0.3346784,0.75770164,0.4470358,0.31796145,0.2083112,0.7576388,0.51881623,0.41545492,0.65657425,0.23012024,0.93920493,0.8066468,0.786833,0.45378858,0.20681489,0.7388515,0.8936872,0.29331452,0.3038717,0.12399548,0.27596855,0.8200204,0.3055356,0.51061547,0.27098292,0.5917351,0.8132512,0.5904309,0.17725801,0.78199416,0.16504717,0.44028723,0.673812,0.6498827,0.0103568435,0.6046121,0.022540152,0.37892616,0.5162771,0.6794261,0.41608173,0.8244185,0.8888175,0.48368448,0.6280681,0.29063988,0.33765644,0.811831,0.6756622,0.096568346,0.8827872,0.7420363,0.5327399,0.59013444,0.44930476,0.0072366,0.18840325,0.10158318,0.41952568,0.29739398,0.123083055,0.51866156,0.9744404,0.32522988,0.8729838,0.0331555,0.100699544,0.16617787,0.123728216,0.36754197,0.58181363,0.91406274,0.93106556,0.92416954,0.55848515,0.31597567,0.5124092,0.86970216
0.54643726,0.24961859,0.66230166,0.064800024,0.62591904,0.70148003,0.38891643,0.28097385,0.81479615,0.4796813,0.97039205,0.26468354,0.44316143,0.6248737,0.30979472,0.8442188,0.105596125,0.2569834,0.8562922,0.07797563,0.3355717,0.030644298,0.07760948,0.011467576,0.5801336,0.012914717,0.50859785,0.88287365,0.9016574,0.93715847,0.8726806,0.013268292,0.04537022,0.0016778111,0.099093616,0.73313344,0.9147001,0.8921719,0.6406651,0.8647108,0.23856795,0.53314805,0.6509061,0.7524934,0.03109777,0.45477688,0.61940986,0.37430352,0.359927,0.36870897,0.041968107,0.37339795,0.90071535,0.21376032,0.067462444,0.45670468,0.7181824,0.5828288,0.09257573,0.8549754,0.6121547,0.630437,0.8301936,0.16821039,0.27668887,0.052777946,0.5422672,0.8988652,0.89778346,0.31764477,0.7990782,0.12488872,0.22773516,0.19175309,0.45898497,0.4475292,0.37150562,0.88881403,0.990166,0.32949066,0.13385618,0.14116615,0.27529383,0.7498093,0.655733,0.94589204,0.93960905,0.19441909,0.980469,0.9247632,0.47672552,0.968467,0.022106528,0.71414167,0.47800326,0.35971862,0.001102984,0.5006468,0.7711966,0.7524488
0.9511018,0.48470807,0.48669088,0.30604815,0.3834437,0.9867427,0.70696604,0.046179354,0.93695617,0.8252096,0.2870453,0.8849514,0.8834178,0.47857547,0.39279294,0.15308148,0.6899584,0.5959926,0.49280268,0.24732524,0.14348799,0.053744912,0.46478635,0.5287548,0.9486342,0.21956486,0.69628453,0.646446,0.472524,0.7262984,0.77787846,0.310198,0.34634155,0.32568806,0.89605135,0.41505307,0.81854135,0.099527,0.02932328,0.9353504,0.41030008,0.50296646,0.36311966,0.9883634,0.2609396,0.9974576,0.42838812,0.35749513,0.53509843,0.30112565,0.37908494,0.16013956,0.5067838,0.015458763,0.5927714,0.35155296,0.45743936,0.62936944,0.44934136,0.4456551,0.84197783,0.051689804,0.6436655,0.69217694,0.9729456,0.9161254,0.11349207,0.9794753,0.87336665,0.85201144,0.25430065,0.54566586,0.49626535,0.99357134,0.014298499,0.2666704,0.18346971,0.1482377,0.23729831,0.91770077,0.26889408,0.304626,0.7400707,0.95665526,0.45959437,0.7949515,0.2969421,0.97158486,0.6196476,0.31566507,0.384943,0.4081449,0.7364083,0.25719476,0.5895123,0.33364958,0.6680567,0.2153765,0.23344421,0.9677386
0.2552042,0.096633196,0.871849,0.37552464,0.05022192,0.50869715,0.0664438,0.31681538,0.94099665,0.93219507,0.2178688,0.7767987,0.12224054,0.1889404,0.12474519,0.1656971,0.67787105,0.06047392,0.24699634,0.4591322,0.17073786,0.57087916,0.62279993,0.7210676,0.33495688,0.2054336,0.26931232,0.92152435,0.70442086,0.9707979,0.32874596,0.29081136,0.7938991,0.70555156,0.7552686,0.8178199,0.5969806,0.08762169,0.21201354,0.76350975,0.2664749,0.2918324,0.86780834,0.4425937,0.44791323,0.8023277,0.025004625,0.68874246,0.11336279,0.8821837,0.54491603,0.37676662,0.29324758,0.056882143,0.7089028,0.8691398,0.08093041,0.36161774,0.98699605,0.510558,0.9213737,0.005414605,0.66605914,0.3272549,0.61408,0.5869818,0.8927396,0.49622375,0.32532883,0.161951,0.34345204,0.394781,0.8539964,0.5257918,0.107636094,0.8287041,0.07899296,0.018405259,0.5409905,0.4479757,0.013855636,0.2979738,0.66927874,0.9074638,0.7331285,0.40234143,0.41868436,0.054312944,0.7294975,0.83002394,0.6474662,0.19125581,0.31840074,0.13765329,0.88953984,0.014007151,0.6953353,0.25497603,0.1635176,0.7671203
0.42843246,0.18775654,0.9060531,0.19700193,0.10901177,0.8212701,0.5639489,0.15049416,0.40552014,0.7831761,0.3057844,0.7634146,0.7912255,0.1680066,0.9702799,0.9008925,0.56762236,0.19608188,0.32092047,0.087577164,0.12572962,0.41916174,0.76370203,0.7282998,0.9649808,0.6836467,0.015069544,0.2758932,0.6618167,0.4561093,0.69513315,0.05524081,0.13995057,0.6627746,0.17563987,0.33178777,0.028820992,0.8634008,0.74749386,0.7257273,0.83738,0.08087337,0.85270214,0.9147492,0.18634254,0.051862657,0.5953812,0.5253414,0.2531799,0.8398168,0.91672224,0.97514105,0.43147534,0.62285423,0.014225841,0.8402094,0.7927635,0.07088292,0.98868024,0.5307805,0.25337166,0.69167614,0.86395687,0.9786435,0.03477043,0.569931,0.849311,0.9005722,0.55214906,0.90759057,0.13200217,0.7767133,0.5102319,0.36455327,0.6864539,0.8962263,0.6759247,0.9531036,0.7789716,0.98964936,0.5424995,0.027292848,0.65491843,0.9203091,0.6027589,0.912674,0.9052569,0.45288742,0.060513616,0.6042909,0.92683566,0.9947503,0.067388415,0.77816504,0.103064,0.90308946,0.082977414,0.5902576,0.87708765,0.006883383
0.76870257,0.76242876,0.9901927,0.78982973,0.63697743,0.5144491,0.9054709,0.3393554,0.56969935,0.91305107,0.058315873,0.2709793,0.9197953,0.68749166,0.697996,0.40081412,0.04140979,0.99555004,0.47843027,0.0749203,0.86573523,0.69003475,0.40881985,0.016230464,0.36654407,0.9542582,0.06796628,0.9381298,0.34431517,0.26692945,0.68160754,0.45014727,0.40625054,0.68900865,0.8186831,0.53202844,0.7539296,0.5326964,0.7037813,0.005078733,0.71505755,0.62959075,0.0312559,0.24631459,0.74245644,0.6168151,0.21839136,0.6136491,0.72658956,0.26307344,0.52001816,0.6006007,0.9354627,0.28703493,0.27953553,0.9165491,0.4786622,0.6519803,0.34588408,0.09760177,0.640526,0.4852376,0.40813845,0.23189044,0.66357803,0.31341428,0.64909333,0.88578933,0.8807055,0.28511703,0.7843424,0.67837805,0.6181218,0.16425508,0.1203084,0.22172534,0.77516425,0.8547844,0.75009245,0.7707973,0.74259937,0.13073415,0.07782495,0.054543495,0.5971606,0.22310865,0.53140086,0.69053996,0.74094987,0.008662999,0.597062,0.52129614,0.016938746,0.2738257,0.652025,0.51827276,0.37057072,0.3335256,0.28865772,0.1384424
0.36347944,0.9831348,0.789962,0.2839384,0.5811092,0.051095784,0.7330951,0.6462251,0.62347203,0.9736082,0.60030454,0.1676634,0.3806426,0.7803886,0.3736664,0.8861901,0.4299292,0.9584218,0.645717,0.6359475,0.16456193,0.8924819,0.30096054,0.8655002,0.055287004,0.3399704,0.47876024,0.27535844,0.6859748,0.1616388,0.27977896,0.3275208,0.80286455,0.5733514,0.91824925,0.67429537,0.66857314,0.12068033,0.24242741,0.77798086,0.4418419,0.5728455,0.55597734,0.98127174,0.025461257,0.3326342,0.8044074,0.14772695,0.9457586,0.53099376,0.024283051,0.6423786,0.29558975,0.18807274,0.22097564,0.8379042,0.9471732,0.46377462,0.71227247,0.29338938,0.93219525,0.109012246,0.69069326,0.75941306,0.8598104,0.031196415,0.62464637,0.5844509,0.046084404,0.68193364,0.15505373,0.19211268,0.08685297,0.76877314,0.052646577,0.06320536,0.67984486,0.957299,0.25796986,0.7172381,0.61029416,0.65876323,0.57342225,0.54032105,0.9926821,0.72409344,0.1701951,0.9649431,0.5121673,0.47277945,0.23381662,0.7795275,0.57069504,0.5053277,0.16070968,0.37514722,0.042455614,0.70701045,0.71572536,0.32997352
0.67923546,0.75350124,0.9966029,0.8318796,0.8052706,0.8693221,0.10545021,0.032018065,0.72320443,0.44630414,0.623288,0.7425376,0.28627133,0.47834945,0.43897158,0.8945263,0.15995002,0.85330594,0.8792604,0.3812396,0.88438344,0.48573345,0.756426,0.61954266,0.2639225,0.053966224,0.64730126,0.4399255,0.3135382,0.6727118,0.1444745,5.5015087e-05,0.8777574,0.9138815,0.8765447,0.7929327,0.3565495,0.7515856,0.46918762,0.5459539,0.44333255,0.77784365,0.23753399,0.9235385,0.587887,0.22827387,0.41597372,0.84811735,0.7306678,0.00916791,0.5818404,0.6003529,0.74729234,0.7942394,0.43536842,0.37651426,0.7633518,0.008120358,0.57085115,0.36203313,0.48331118,0.22510773,0.7267667,0.9193006,0.72949296,0.8637014,0.3544581,0.8435359,0.8374661,0.6133656,0.21114469,0.39130658,0.22861296,0.32684618,0.10254055,0.7784272,0.6633359,0.55159926,0.52143216,0.6684506,0.014808476,0.09156555,0.020331025,0.8567237,0.66504383,0.1000613,0.58543074,0.5385501,0.44192588,0.53866196,0.8286218,0.091335416,0.071556866,0.10482347,0.06721032,0.3570546,0.6585505,0.12766755,0.3331197,0.5557138
0.42085427,0.21105379,0.6878337,0.6327446,0.74859244,0.97886777,0.29688102,0.22207284,0.50432205,0.40321922,0.44554043,0.7144715,0.0042544007,0.026141226,0.81701124,0.92134446,0.9400482,0.32871515,0.33990806,0.16274446,0.028927028,0.43199807,0.49056232,0.18905497,0.5046558,0.9435136,0.933448,0.18454182,0.051723897,0.34608585,0.5824081,0.5399098,0.2733429,0.35211802,0.9878058,0.6137255,0.7491418,0.5600036,0.23925304,0.2076801,0.95630926,0.6714287,0.73775625,0.25638014,0.44540155,0.22635889,0.32383037,0.9782606,0.4148143,0.6652406,0.6161613,0.37685704,0.79322314,0.94075954,0.9156188,0.23323333,0.8836954,0.43000418,0.4658031,0.7136242,0.69284713,0.21449709,0.14509869,0.8954943,0.80783606,0.9023638,0.6440615,0.2724529,0.87594336,0.3325857,0.019944847,0.46680778,0.29793805,0.21246982,0.9519698,0.053046763,0.45931894,0.73334074,0.88284576,0.7314992,0.09904975,0.037659824,0.34208202,0.16285628,0.9383341,0.5783043,0.35417187,0.06424916,0.46440536,0.36313814,0.7946726,0.8497892,0.12008226,0.1976636,0.92918324,0.10047799,0.59031224,0.064266145,0.76967,0.6624958
0.9845342,0.7703724,0.010270238,0.47071427,0.23338568,0.088973105,0.4393217,0.9286586,0.028884828,0.5244004,0.12108493,0.20401895,0.105368435,0.5566843,0.4849183,0.055306494,0.43342757,0.18417865,0.5809887,0.60623443,0.45154423,0.41563958,0.06600332,0.2198345,0.78564334,0.87744653,0.71852356,0.27280945,0.302818,0.5785382,0.3152367,0.5043019,0.55147636,0.1334725,0.40916413,0.40638584,0.15468144,0.35339504,0.90083647,0.44873744,0.68008596,0.97838485,0.4491591,0.51816976,0.9459941,0.25768882,0.7365509,0.7611413,0.7569848,0.0353204,0.13214111,0.6100685,0.7751162,0.86960244,0.18192703,0.75805867,0.7264203,0.49208134,0.2621981,0.29853964,0.3579672,0.26867247,0.12793493,0.6995868,0.8127253,0.3277501,0.907583,0.4743067,0.8985838,0.69076145,0.54708844,0.31105006,0.2369318,0.15287429,0.17324507,0.24357879,0.83506984,0.22602612,0.8035992,0.46686703,0.98622495,0.54171,0.47751594,0.6811272,0.89394146,0.9634879,0.1318677,0.78969926,0.9918357,0.7693101,0.028203368,0.63913584,0.87947303,0.8966973,0.108781874,0.5373713,0.6011578,0.6596101,0.08767456,0.9612031
0.9558393,0.3388595,0.4727614,0.81109947,0.028096557,0.9179877,0.7268111,0.868549,0.11897403,0.0634284,0.08275211,0.21750861,0.058919013,0.880084,0.10761231,0.007694423,0.48894727,0.94336766,0.2402342,0.22952121,0.20639145,0.7095582,0.41478378,0.4674353,0.53010875,0.0040031075,0.6478707,0.27685565,0.71760446,0.3890463,0.15998548,0.9362758,0.08964604,0.9891997,0.32666188,0.6337214,0.9745687,0.1922549,0.3414824,0.5264985,0.008598864,0.83149004,0.9559767,0.29884928,0.8935372,0.43294883,0.8611861,0.21727061,0.947785,0.27959377,0.598632,0.8290424,0.35153705,0.2727943,0.60305303,0.094687045,0.40533316,0.86802644,0.2602684,0.93563306,0.5888259,0.101789,0.08740252,0.4763363,0.95059913,0.67404926,0.078433216,0.17828983,0.18922663,0.4024548,0.85962844,0.12264192,0.33379734,0.060316563,0.9692585,0.8937239,0.6510232,0.35513306,0.2569502,0.46326,0.010067999,0.5823214,0.64014316,0.09793377,0.68144166,0.09341425,0.04948914,0.5622035,0.55448544,0.48863488,0.4634208,0.9247395,0.07452375,0.14550406,0.39045137,0.3205781,0.6625545,0.13798082,0.8888252,0.5774323
0.7550913,0.3772512,0.046636224,0.21913105,0.990146,0.23701972,0.73033935,0.09681302,0.0058219433,0.87362397,0.288099,0.79624057,0.8172229,0.1408928,0.52071583,0.21826273,0.8229773,0.26688725,0.35561144,0.80865294,0.20767456,0.21886802,0.04571998,0.9586971,0.80388,0.42923635,0.09072733,0.104876995,0.5723532,0.8693795,0.5765526,0.482966,0.9873469,0.48040462,0.67862034,0.7360267,0.59899104,0.14033854,0.73736864,0.9084736,0.3890394,0.6190467,0.44113642,0.13689405,0.0747568,0.19987041,0.2902897,0.11396581,0.20144415,0.14089257,0.55579585,0.27321672,0.39058495,0.60245633,0.55266607,0.124174476,0.123592734,0.2516498,0.7431365,0.2969157,0.7638781,0.8282095,0.15606874,0.20713085,0.12545896,0.2603112,0.74210477,0.7498831,0.45412225,0.19787163,0.27769136,0.18524408,0.81839395,0.8191917,0.48059136,0.81534094,0.5890276,0.05231768,0.8733146,0.7580437,0.93220776,0.8232345,0.49316937,0.12495011,0.69204295,0.786999,0.20281923,0.99802023,0.51459634,0.06272435,0.06796074,0.26764917,0.25336957,0.18744135,0.6058784,0.58714134,0.5020766,0.32193452,0.4366461,0.10758901
0.7873592,0.745914,0.88072896,0.5804402,0.3481121,0.21956974,0.2209841,0.4364701,0.22641677,0.117420495,0.5124413,0.8346954,0.8541231,0.47740543,0.37144196,0.35139793,0.39664614,0.9323215,0.5723948,0.73916656,0.21297002,0.9726241,0.8464513,0.4584782,0.14219028,0.9187131,0.7198206,0.26422048,0.0022513866,0.23965669,0.3957734,0.14318866,0.51047575,0.76768875,0.58597106,0.91761976,0.39302415,0.17323297,0.5368434,0.73128283,0.7633019,0.025172412,0.9991313,0.26700687,0.89153874,0.3529532,0.52975345,0.07706255,0.093999624,0.12344134,0.9611418,0.2585156,0.9292614,0.5474656,0.6752878,0.5418104,0.23437607,0.95669156,0.112148464,0.23515666,0.21357137,0.70212543,0.35349262,0.97788566,0.8705462,0.8211069,0.5238755,0.7368335,0.34561175,0.26147145,0.034483433,0.1236518,0.5638853,0.71658313,0.98818564,0.6332639,0.49474293,0.7760909,0.6197498,0.23452967,0.5647443,0.36380708,0.3420884,0.8642595,0.830151,0.91622996,0.6186004,0.064273596,0.51293427,0.9415918,0.3373068,0.14480889,0.169025,0.94341296,0.5285042,0.7713342,0.09651953,0.37526536,0.8117306,0.983265
0.38186902,0.80717796,0.8917515,0.0881989,0.7959563,0.21578008,0.15789455,0.2785055,0.68336517,0.36831105,0.18925738,0.87926185,0.69671535,0.32175577,0.27768648,0.6499649,0.22006708,0.5120471,0.55589795,0.58839196,0.5777379,0.8971387,0.43108362,0.50268805,0.91460836,0.5700403,0.76958776,0.09150487,0.8063985,0.79013276,0.08977038,0.93042713,0.022038281,0.68493015,0.41687292,0.79998946,0.17758214,0.47144896,0.66052765,0.5921825,0.8906788,0.04975742,0.36320275,0.5908295,0.29685396,0.83403873,0.44048834,0.73551345,0.64540184,0.33939552,0.8539158,0.53396285,0.13850659,0.50238633,0.99552035,0.48518425,0.16307545,0.92702484,0.0020350814,0.11978078,0.76877105,0.17923403,0.45335603,0.25659162,0.10849404,0.5742148,0.9516241,0.29621595,0.9918457,0.0068244934,0.16915995,0.026320875,0.003060937,0.78753906,0.32516724,0.07660723,0.3694809,0.12913579,0.9569372,0.4348197,0.19662714,0.444422,0.93089306,0.31591362,0.65546924,0.81431097,0.3531512,0.355909,0.9081375,0.37022066,0.8445198,0.20831656,0.13972664,0.14637512,0.8907767,0.06093186,0.13362509,0.216438,0.3237695,0.1593718
0.25026459,0.7139511,0.7508633,0.5931504,0.7792589,0.059954464,0.687448,0.36610758,0.43663532,0.9695705,0.76307726,0.99115944,0.8124001,0.12454796,0.6346967,0.5024978,0.058237195,0.78616357,0.8017,0.8109379,0.8065064,0.1714471,0.48789632,0.020782053,0.13502604,0.91380227,0.90677226,0.31505436,0.16399431,0.72839504,0.26089162,0.6404885,0.6470357,0.591112,0.89995295,0.61520875,0.6914171,0.21945882,0.08550644,0.71867496,0.83641297,0.63798267,0.8666013,0.100844204,0.71431077,0.2342627,0.16293114,0.057190657,0.26357985,0.61574346,0.79182714,0.64030015,0.5206958,0.21881151,0.68563634,0.19848293,0.8712713,0.5260952,0.20157921,0.42090505,0.9071393,0.8738173,0.21713793,0.32336038,0.6802141,0.6246169,0.6856236,0.12413752,0.92136353,0.8546862,0.8581031,0.10121697,0.44645697,0.3960681,0.6454571,0.5342631,0.5000518,0.55402094,0.91415447,0.52194375,0.4580711,0.9345889,0.60618997,0.60569495,0.8477915,0.21837974,0.9152577,0.19459969,0.46848023,0.3545394,0.7834787,0.46433836,0.73992175,0.36337316,0.29105937,0.7796851,0.774707,0.51640606,0.8229581,0.050067306
0.7099393,0.3400948,0.6999633,0.9085998,0.98488444,0.5695832,0.044162452,0.15554923,0.63958275,0.33417422,0.101165235,0.8193823,0.38853663,0.9704402,0.70135564,0.116996706,0.76438713,0.89978784,0.3825735,0.34817338,0.24940568,0.40721005,0.115738034,0.778562,0.5882636,0.019764304,0.9957477,0.33284116,0.76122177,0.09800649,0.46831995,0.53457147,0.687933,0.38655335,0.119359076,0.4517445,0.82731766,0.56541914,0.13403267,0.8911327,0.23019046,0.6894611,0.29798967,0.99139196,0.09987891,0.6823346,0.7173975,0.6888774,0.41925806,0.049164116,0.8167017,0.40049273,0.81415987,0.10777551,0.012631774,0.23625189,0.48179126,0.15865791,0.27778703,0.5572829,0.3394931,0.0763827,0.4061395,0.05177623,0.7354098,0.37426794,0.65167195,0.9770877,0.7000514,0.65763026,0.7506582,0.6589407,0.9642344,0.84397256,0.31611657,0.97408885,0.27341062,0.64299595,0.685969,0.31143856,0.6117897,0.5683352,0.24054271,0.38150966,0.7836373,0.19323456,0.5673188,0.24646193,0.436507,0.8079519,0.96822375,0.21175867,0.21458423,0.44052577,0.9000025,0.58031934,0.0263623,0.06620538,0.076400876,0.53368723
0.5316783,0.8776461,0.6930791,0.7836538,0.88975537,0.7247212,0.5479026,0.25192666,0.0879069,0.889306,0.008944392,0.8435825,0.2652871,0.60650516,0.5959021,0.7182299,0.6838561,0.06746262,0.7979173,0.40739608,0.514873,0.73073477,0.88114417,0.5426567,0.819311,0.15651584,0.39148176,0.5369286,0.33545417,0.13239235,0.97552925,0.14945519,0.6888244,0.98138523,0.28858387,0.1718986,0.34434772,0.26537454,0.5905244,0.76149,0.061406493,0.48838776,0.71825665,0.430475,0.31791592,0.09141439,0.046304524,0.7395312,0.5735091,0.8214257,0.9980568,0.41881198,0.5700252,0.9718583,0.7507551,0.95341974,0.62628466,0.37992328,0.33961385,0.94257754,0.7966194,0.9531028,0.5637119,0.56379473,0.49692506,0.9852695,0.023153365,0.2735269,0.30916578,0.777576,0.008694351,0.70848465,0.11307275,0.96080106,0.7324217,0.65701926,0.6348819,0.09514177,0.98716486,0.9094057,0.35974258,0.8883432,0.28972954,0.8770381,0.8569963,0.9861972,0.7305471,0.3897943,0.21463859,0.79110515,0.2927612,0.5825481,0.34854096,0.017001212,0.045739055,0.08093023,0.72261924,0.51791024,0.065636516,0.21274364
0.21564144,0.12003833,0.101273,0.6359565,0.784267,0.6228133,0.76736546,0.69087696,0.5659863,0.5189477,0.7834434,0.56107664,0.77804905,0.68216115,0.8032125,0.27961224,0.44604814,0.55327725,0.30110693,0.15349478,0.54747796,0.23378474,0.28661424,0.92668706,0.0013538003,0.9945762,0.31227666,0.24581498,0.3682418,0.54791933,0.12206781,0.758774,0.87871665,0.10204232,0.10502589,0.37284404,0.30780727,0.51939917,0.9662121,0.013747811,0.25168413,0.114563346,0.6312494,0.8836514,0.6717241,0.4167325,0.58407205,0.64789873,0.9133349,0.13639367,0.24760759,0.32618022,0.18954545,0.07531744,0.58565897,0.49615794,0.31246573,0.42586577,0.7926858,0.4545855,0.6597888,0.60292375,0.14698899,0.581223,0.59722245,0.2001012,0.385763,0.8113129,0.16724521,0.54652274,0.24663734,0.62269026,0.57475454,0.40878928,0.63704515,0.7943498,0.63282955,0.6504909,0.26229334,0.96971005,0.8647052,0.89341784,0.5375019,0.7096103,0.18779361,0.7042057,0.788626,0.33659947,0.7062082,0.3951854,0.48105794,0.25210977,0.04167068,0.55020654,0.22695369,0.31192333,0.8308023,0.05947411,0.7056482,0.30069995
0.19107562,0.9415503,0.46603078,0.11225146,0.2419644,0.86817336,0.80996406,0.7000847,0.5515327,0.31279296,0.45026428,0.8688246,0.060467064,0.68475115,0.10729909,0.30736578,0.20063198,0.76139784,0.8406072,0.9095605,0.40577728,0.32143188,0.8545444,0.82495195,0.52892023,0.29045022,0.08470452,0.81945795,0.0701893,0.06941515,0.21384156,0.88470054,0.34886765,0.5783793,0.73381877,0.24748045,0.36225033,0.058398187,0.98634654,0.6511065,0.82400733,0.001837492,0.058297634,0.22015065,0.5052234,0.8236846,0.3539536,0.59957653,0.6526885,0.54481286,0.65459424,0.8415785,0.82537925,0.8093222,0.94974875,0.41196823,0.8841318,0.34396,0.24770504,0.4908051,0.3740126,0.66850483,0.4877702,0.2094068,0.1997658,0.4526627,0.37815535,0.63226986,0.056360126,0.8537807,0.63922894,0.24439901,0.19577795,0.2631098,0.67757875,0.3919596,0.29966456,0.26702124,0.043150008,0.6353444,0.17601448,0.8326203,0.77808803,0.54217875,0.7551431,0.82719004,0.57013834,0.66820174,0.24250054,0.46180147,0.27194202,0.7646422,0.013405621,0.33746582,0.63230824,0.51683575,0.35360283,0.006342113,0.94953054,0.9482516
0.015580654,0.524486,0.56487435,0.8627944,0.08132583,0.5237493,0.3591938,0.9683235,0.39338905,0.38456738,0.27590984,0.24712801,0.24262762,0.5089278,0.033453047,0.97185594,0.9583787,0.09376931,0.48336077,0.61070114,0.08087742,0.5195693,0.23417884,0.2957191,0.8641563,0.99308836,0.58952373,0.41934425,0.5808519,0.52618635,0.76072717,0.9805171,0.12834817,0.492566,0.06004548,0.7863051,0.96859735,0.61677265,0.23983979,0.11058426,0.3052935,0.3453694,0.80587953,0.97159714,0.17471838,0.85581297,0.57302177,0.39046335,0.38324362,0.22901648,0.43430662,0.38741356,0.4956841,0.89252496,0.015193284,0.77935743,0.026451826,0.6448728,0.8017706,0.9891292,0.4120379,0.79921293,0.25395262,0.42989796,0.64056224,0.34487534,0.7087827,0.49580324,0.3567493,0.24685073,0.43645912,0.16528791,0.94288146,0.8055366,0.75604415,0.5015217,0.9751018,0.11901039,0.5972722,0.9054353,0.16291153,0.3463747,0.024859548,0.40360147,0.54701006,0.37043643,0.43942887,0.9024082,0.7301823,0.10706627,0.5073153,0.8101552,0.57662946,0.01258707,0.23501742,0.8382496,0.7051316,0.5148402,0.093779504,0.37510753
0.7499289,0.19205219,0.23784053,0.24995434,0.7105772,0.040329337,0.6889024,0.03902203,0.7840699,0.51930034,0.16136956,0.8196456,0.9935807,0.23777163,0.791889,0.6523533,0.21626359,0.67521316,0.99550426,0.0074715614,0.84250176,0.91612166,0.9870028,0.18888313,0.38632905,0.43779314,0.706279,0.71519357,0.6165331,0.30754066,0.67457104,0.2620464,0.14129627,0.19023019,0.6454908,0.19451827,0.6057603,0.019848943,0.33414316,0.6341857,0.18201071,0.8395255,0.8330293,0.6981404,0.6780217,0.27045637,0.81954086,0.7849866,0.0051882863,0.22418386,0.6585161,0.31926376,0.8133134,0.31505477,0.47292745,0.11943829,0.038194835,0.92849445,0.048220873,0.84448624,0.85108835,0.5710089,0.46586835,0.14506775,0.812899,0.27968615,0.28154397,0.78592616,0.9376743,0.14223444,0.4622764,0.69877684,0.7594761,0.64540744,0.12672144,0.6703092,0.7641737,0.1537422,0.14139038,0.57978225,0.6211671,0.5299548,0.26434803,0.9995938,0.030327797,0.91264385,0.026776075,0.19756919,0.6131238,0.1893372,0.5032285,0.33032626,0.6383844,0.793696,0.22031927,0.032866538,0.37587744,0.39738035,0.9774893,0.85633045
0.7958613,0.49796528,0.8399629,0.6867941,0.25728422,0.705326,0.3432808,0.24271876,0.3223096,0.82597476,0.54306555,0.5549995,0.06299806,0.8636352,0.15401983,0.94513327,0.9945882,0.26393467,0.50958294,0.22760975,0.50810933,0.00069987774,0.62148696,0.54509103,0.033042014,0.94478965,0.13430792,0.9801698,0.78410983,0.6066497,0.65138257,0.6616501,0.52938634,0.92452216,0.35180432,0.21482688,0.28005022,0.42196262,0.16595602,0.86910444,0.053160727,0.29327142,0.071802974,0.6275631,0.6796775,0.77488357,0.51203656,0.783699,0.36142033,0.34270716,0.8392306,0.26274592,0.24571818,0.22508067,0.85097545,0.39685893,0.23506504,0.57304543,0.019387782,0.55743396,0.961227,0.34851348,0.3598166,0.98378336,0.62366515,0.7658227,0.52067745,0.46251714,0.5679433,0.087611675,0.7149711,0.13375527,0.05605465,0.3845085,0.78427255,0.033997297,0.46532375,0.01750946,0.11795527,0.68489516,0.26946682,0.15427887,0.768761,0.02401048,0.6092171,0.6600267,0.5360678,0.31347466,0.30902195,0.70195335,0.70329803,0.06521946,0.972815,0.1825093,0.07158244,0.52598786,0.26795548,0.8365463,0.38169783,0.9085463
0.9840111,0.5861345,0.39815438,0.4194541,0.5293821,0.2734331,0.23500115,0.53626347,0.50205344,0.23640114,0.118410885,0.3256721,0.35054278,0.8796231,0.9251077,0.35295975,0.15321475,0.3332845,0.26158583,0.8504462,0.96636367,0.36144453,0.7449656,0.3080563,0.6169891,0.7114874,0.46914428,0.6248862,0.5794301,0.6296776,0.7297464,0.5564679,0.2378149,0.31208664,0.16281897,0.18302125,0.7138785,0.8199981,0.9108852,0.66586864,0.43260145,0.6811287,0.36603284,0.9718009,0.38799798,0.4907683,0.697147,0.25388592,0.16464192,0.55596715,0.31266534,0.036293924,0.20983267,0.027794123,0.46748596,0.40526885,0.93848825,0.13986218,0.632714,0.8278021,0.81401193,0.14033681,0.6513452,0.570306,0.18962365,0.8475285,0.26742578,0.11489862,0.6666492,0.71809185,0.8546298,0.6663719,0.6403819,0.68725896,0.32537317,0.8674888,0.6214152,0.44440383,0.52771467,0.10919523,0.5425614,0.17281044,0.6686392,0.7412585,0.023263633,0.89878905,0.9174439,0.34023643,0.25711876,0.81263673,0.09068507,0.5753255,0.6806715,0.52643555,0.05104035,0.30374348,0.7080811,0.3976127,0.48230082,0.86862534
0.028339148,0.90034413,0.6790327,0.97832894,0.7179397,0.06314981,0.57617766,0.12738734,0.7867936,0.54193956,0.09844321,0.4641903,0.68745804,0.6521281,0.108451545,0.20578736,0.6805377,0.7252743,0.91378987,0.30360442,0.5840133,0.4768303,0.33304876,0.10993874,0.6299482,0.3317827,0.65137464,0.8111089,0.9696295,0.7386287,0.89615965,0.8561078,0.53615046,0.62298185,0.56102276,0.112998724,0.3076706,0.48134035,0.26387572,0.2694462,0.3697496,0.26603007,0.03592372,0.26748854,0.012857795,0.7976104,0.12673938,0.06920272,0.19222897,0.2638486,0.7048956,0.7567585,0.850954,0.07849008,0.49192524,0.41685396,0.16092223,0.19245052,0.9326977,0.4132703,0.1149438,0.6339725,0.77703553,0.68247044,0.27752858,0.8701034,0.7919586,0.54267323,0.3825553,0.6607325,0.27373022,0.72447824,0.16937083,0.62867165,0.32377982,0.7682007,0.25282514,0.96081907,0.71456486,0.93517673,0.07516676,0.2515704,0.1336804,0.2578472,0.44484586,0.9916174,0.4773233,0.20734328,0.83816725,0.31891018,0.8964404,0.78925836,0.69348025,0.7571025,0.45773387,0.77703583,0.14052033,0.86582595,0.49234098,0.12589127
0.81018543,0.4491623,0.8272314,0.5653132,0.29077977,0.04439068,0.9056251,0.06454915,0.20919037,0.27126205,0.938111,0.4808812,0.76886475,0.39390606,0.8711248,0.7993154,0.37735897,0.116996884,0.9928332,0.8493432,0.597499,0.46185845,0.30295044,0.43476796,0.6652292,0.09652799,0.35184246,0.23258835,0.6746823,0.65873086,0.64977956,0.42040122,0.058551252,0.53806925,0.49540675,0.86786693,0.26072162,0.90779114,0.48201174,0.07841241,0.1561665,0.6156172,0.48829246,0.5480056,0.36112046,0.46105403,0.17332417,0.10471529,0.35107327,0.83797413,0.38259506,0.16685385,0.7112346,0.70273036,0.90646535,0.25576097,0.093325496,0.010513246,0.7521578,0.79722154,0.2650926,0.74026114,0.7404059,0.256478,0.75245804,0.58448964,0.23858982,0.9455379,0.06025684,0.70801675,0.9808548,0.73139673,0.67111003,0.49487513,0.093896806,0.68572265,0.05234641,0.13890707,0.88964033,0.21978694,0.5478122,0.7071849,0.81569165,0.30226016,0.26638407,0.73034686,0.7066568,0.5188794,0.21088058,0.45894784,0.779246,0.1904108,0.56302726,0.99120706,0.59471405,0.2386024,0.9052981,0.4790625,0.3365035,0.8354824
0.70318717,0.06744766,0.4830606,0.2566437,0.813895,0.5479507,0.41651583,0.1525017,0.63789386,0.18832052,0.20002425,0.4483816,0.09091896,0.1918599,0.2806403,0.37084967,0.26555473,0.78441393,0.81488115,0.5355685,0.77354395,0.5588128,0.35698313,0.1538896,0.45281768,0.99265,0.91826063,0.029073477,0.94383806,0.9976879,0.7490147,0.5655509,0.41746593,0.75820106,0.8053997,0.19944161,0.4690783,0.40249997,0.90133953,0.16798735,0.8862599,0.901049,0.5474774,0.8717932,0.6723212,0.6184355,0.31701207,0.09216279,0.24883741,0.45182025,0.423894,0.08377534,0.29407853,0.85429907,0.22994298,0.94171643,0.6940674,0.1324898,0.68023545,0.18426567,0.06699252,0.9866915,0.39053726,0.31634074,0.062399864,0.71731895,0.7287048,0.1386522,0.20912051,0.030228794,0.97475755,0.537777,0.8994936,0.31054807,0.6080173,0.09213203,0.6616473,0.7392747,0.6562759,0.42207128,0.53586423,0.61594504,0.019820929,0.33532006,0.5349704,0.69632894,0.31499976,0.5812026,0.99525183,0.09150571,0.08599955,0.5571071,0.54264903,0.73729616,0.035530627,0.3546149,0.3084582,0.5530192,0.091570735,0.44451576
0.038035512,0.39542967,0.19485158,0.3983084,0.33887094,0.32893664,0.4229706,0.4241206,0.04349351,0.6910242,0.50725114,0.51708156,0.7607917,0.37219387,0.57882315,0.106307864,0.2733479,0.29565752,0.27743793,0.26034772,0.11023468,0.8169318,0.4229924,0.28195393,0.4551283,0.35880893,0.65062034,0.83893114,0.7869649,0.058695555,0.3654142,0.65150493,0.23420584,0.7484772,0.03470391,0.35679114,0.38130593,0.9749989,0.652753,0.3783008,0.7955243,0.22778702,0.9125573,0.9360895,0.8465323,0.0625962,0.29331386,0.8099151,0.74399734,0.917365,0.7365627,0.06490165,0.4875527,0.43612957,0.62373143,0.3584383,0.5908699,0.027341425,0.037275553,0.7574608,0.93418264,0.48656732,0.40705115,0.06208712,0.059111655,0.0743829,0.35655743,0.0060858727,0.61954725,0.42054868,0.76512206,0.9288355,0.1442374,0.39746988,0.52507687,0.7585546,0.097653806,0.2754066,0.0131748915,0.74634564,0.5598121,0.106805444,0.46731293,0.51088613,0.76426786,0.21508849,0.2626617,0.9702445,0.79095393,0.94281286,0.30494183,0.21481907,0.9836921,0.85968494,0.8114216,0.5994072,0.30803168,0.3722787,0.9872477,0.01736617
0.20280349,0.040798843,0.920506,0.8399577,0.54254854,0.45933652,0.12136614,0.60929114,0.80769837,0.89628273,0.8596914,0.20956123,0.30938733,0.95450336,0.45241916,0.8996268,0.4960587,0.07812482,0.47990656,0.7041976,0.3024084,0.029209614,0.5065539,0.4048084,0.38057214,0.9306203,0.38599598,0.17683816,0.5032942,0.40854615,0.5762365,0.6953052,0.7892298,0.46466416,0.39056647,0.63718146,0.28079754,0.6821483,0.7297996,0.59214085,0.059401095,0.8136914,0.45837903,0.5710193,0.21754706,0.2913925,0.27367043,0.048535407,0.46726257,0.33529574,0.010259867,0.39597887,0.9755525,0.2796129,0.38540095,0.6910014,0.790605,0.94351155,0.6802521,0.06415683,0.3953426,0.70873797,0.5884981,0.5590368,0.78829503,0.06333071,0.51024544,0.8518768,0.20810705,0.83281124,0.6476978,0.042412758,0.5027763,0.03697872,0.7427626,0.17018294,0.9299707,0.58679336,0.027575135,0.24876523,0.79336226,0.7136462,0.73128176,0.45284206,0.11945915,0.26307684,0.45435834,0.71476483,0.6863235,0.95210946,0.19652039,0.686983,0.23376143,0.94415325,0.7404151,0.25395137,0.9857804,0.23145086,0.39270192,0.8422612
0.96078265,0.81849474,0.374933,0.4138552,0.3086416,0.37859833,0.86029,0.43178743,0.96256566,0.12085658,0.9791751,0.9664676,0.1954742,0.8070589,0.7120026,0.14088684,0.08030796,0.92850643,0.88789,0.44015926,0.6415381,0.43042064,0.02156818,0.51032305,0.8757495,0.9147213,0.54656595,0.60371995,0.53627396,0.90111715,0.9575705,0.3224129,0.049696743,0.08161253,0.13640428,0.98330146,0.16471964,0.19320107,0.08530772,0.48432863,0.09123188,0.4249074,0.18235421,0.016563475,0.1908676,0.8092852,0.3780768,0.8618075,0.41864467,0.86695826,0.54907256,0.60234725,0.63288754,0.66759765,0.73949647,0.09328133,0.83816,0.03630978,0.717447,0.07479668,0.933569,0.25553077,0.6610706,0.03517759,0.23040932,0.9234204,0.2280814,0.737,0.52600855,0.25927085,0.67094207,0.055110097,0.54027694,0.6308463,0.33308697,0.73484796,0.3343684,0.21048647,0.43323743,0.20886648,0.16224176,0.12110591,0.28086293,0.510948,0.5082885,0.5373778,0.4309942,0.46650398,0.8764653,0.8543805,0.5827872,0.43175447,0.20082057,0.49147415,0.66712636,0.8074669,0.80815285,0.48984498,0.53389114,0.005953133
0.16362923,0.13810009,0.1137411,0.26318347,0.79565316,0.2083897,0.8210511,0.89146656,0.13155389,0.51015085,0.58868736,0.80994034,0.7291146,0.007418573,0.07417476,0.25111747,0.8056057,0.26949054,0.6086135,0.3879323,0.7363928,0.53520423,0.37294716,0.2582335,0.19117141,0.520695,0.53332776,0.9153669,0.35844034,0.06796765,0.25956362,0.42393446,0.4449445,0.54951596,0.14296663,0.33060694,0.8878948,0.49424613,0.2913233,0.27470642,0.76921487,0.5433109,0.031563282,0.6805458,0.78411114,0.66301394,0.7220666,0.14822823,0.96509963,0.8350846,0.995361,0.80749905,0.9713794,0.59530616,0.031653345,0.6803957,0.90142417,0.74999183,0.46152133,0.6132375,0.8243152,0.48739636,0.59986556,0.061421633,0.13905382,0.8864287,0.07020295,0.25876045,0.57943374,0.12445617,0.55896926,0.80529064,0.8214354,0.7599067,0.992787,0.19924927,0.7895457,0.78427076,0.741504,0.28644365,0.8746018,0.1662206,0.44055593,0.05217874,0.79613113,0.78175014,0.9571309,0.38396657,0.11999977,0.18295676,0.4359107,0.452298,0.16557509,0.28528535,0.79029983,0.55180275,0.57390416,0.16991568,0.3532421,0.49044746
0.983958,0.88409877,0.47995013,0.80777675,0.4374445,0.07010758,0.7979342,0.620455,0.4666916,0.99372244,0.67265874,0.3105387,0.3232271,0.7797286,0.4169398,0.2599213,0.05705452,0.65204453,0.08821875,0.05721426,0.47457862,0.21377861,0.44328362,0.8584139,0.6098306,0.54746276,0.3996309,0.3301047,0.116781,0.6998747,0.5289878,0.45026797,0.5730605,0.92439324,0.65004957,0.9127452,0.2747653,0.9606884,0.7425051,0.7278382,0.9952134,0.12424046,0.7944531,0.34305632,0.65559816,0.17069322,0.52529603,0.36846584,0.49886543,0.8912778,0.9751346,0.62659305,0.6605436,0.39778388,0.5803541,0.68345034,0.29005736,0.7686291,0.18024307,0.34763736,0.5683209,0.01090461,0.6554963,0.25208926,0.41264617,0.4019984,0.9828097,0.7775891,0.21533936,0.44312686,0.003376305,0.43485397,0.5287097,0.4297759,0.94871056,0.5604915,0.43504435,0.55541605,0.09443337,0.26505697,0.9012281,0.004101157,0.3540244,0.46254402,0.51922876,0.2912963,0.85245645,0.8046566,0.2266748,0.43466276,0.13976431,0.685927,0.9400035,0.05622804,0.6404758,0.25647527,0.9064202,0.118495226,0.622355,0.06566006
0.8475443,0.5757947,0.89964795,0.90371567,0.50811976,0.42186975,0.39320642,0.78476155,0.8804267,0.32926,0.46523267,0.05898261,0.3525772,0.39954215,0.6816215,0.31248468,0.16388863,0.3177241,0.5216105,0.1639871,0.92663056,0.065912426,0.7092149,0.7977169,0.9255884,0.9260835,0.25681156,0.8979094,0.39652354,0.41262615,0.6620295,0.8139132,0.97241354,0.54249173,0.09206277,0.4610257,0.81570965,0.76291364,0.14590746,0.5999981,0.84282005,0.98815686,0.77292144,0.7782885,0.02753979,0.71198505,0.70363563,0.21574777,0.9278038,0.9959003,0.48798883,0.12425321,0.2034055,0.5511653,0.7918581,0.63996947,0.5267789,0.4678769,0.7180126,0.51560515,0.63255334,0.4044267,0.71574837,0.8957992,0.43985784,0.6146809,0.71123195,0.6339034,0.9890885,0.63537705,0.98012984,0.8862706,0.8355703,0.83940727,0.09732121,0.77826047,0.984786,0.86339146,0.025194407,0.37670046,0.3069954,0.67624897,0.83751655,0.39898348,0.6904642,0.4224682,0.53581417,0.50373644,0.86989677,0.29335707,0.37072504,0.14275837,0.66762424,0.8771879,0.4552133,0.57984746,0.48204267,0.91727,0.023664773,0.855108
0.6113488,0.20318341,0.3809756,0.53029025,0.24459589,0.62680507,0.4019333,0.50075346,0.8518201,0.60865396,0.6252302,0.62665015,0.73925614,0.9332779,0.55729914,0.16687322,0.08505058,0.7243848,0.2881649,0.6178976,0.68726605,0.72564685,0.5508185,0.15554988,0.09205121,0.5564964,0.13684326,0.21663493,0.36932325,0.055440664,0.83891934,0.09780997,0.7413666,0.8678901,0.25590283,0.30209273,0.6907375,0.93428797,0.4554084,0.7751101,0.25525236,0.98376477,0.6369437,0.6375605,0.89619195,0.1987319,0.7236769,0.6000236,0.6660235,0.7692393,0.51551384,0.18202287,0.96609527,0.033079803,0.99601763,0.5438201,0.605024,0.64520043,0.85979646,0.71519464,0.5152001,0.24270368,0.51736426,0.2349695,0.5147585,0.44773406,0.101986825,0.16739148,0.42934418,0.873564,0.41582012,0.09863418,0.7876834,0.049690306,0.3907085,0.24548876,0.1006223,0.990789,0.2582466,0.88202876,0.80947524,0.76173687,0.50619274,0.28981274,0.5051804,0.9546119,0.5176108,0.9577114,0.3434502,0.7938084,0.89140755,0.03524393,0.22051895,0.97463983,0.68575704,0.9388991,0.21536994,0.34537804,0.40463763,0.5105365
0.9694767,0.5625265,0.89176714,0.91118455,0.22344142,0.8535594,0.80621976,0.8345294,0.25706035,0.985094,0.1680522,0.12711567,0.26605886,0.8615304,0.7107765,0.43589264,0.8832931,0.32838947,0.0012636781,0.8989068,0.33923525,0.07653093,0.8870574,0.53813064,0.09841448,0.74482304,0.9994419,0.65881705,0.5483953,0.91969585,0.9839838,0.4974506,0.104894936,0.45840102,0.24165672,0.90940565,0.056079865,0.736822,0.35979724,0.051347733,0.9524343,0.29507756,0.8483143,0.7136715,0.3008721,0.42292857,0.403598,0.99672115,0.48416644,0.48035347,0.639226,0.7274744,0.77554107,0.0150824785,0.80150574,0.60074687,0.20352668,0.36312675,0.93935597,0.82538736,0.6619193,0.8646308,0.75494546,0.6228046,0.22440344,0.6234948,0.6562146,0.1660735,0.7734765,0.4837672,0.6536576,0.15928257,0.5855883,0.0058708787,0.89259386,0.51022,0.5155234,0.14065671,0.40365708,0.27249366,0.84766704,0.3758831,0.50959986,0.5580603,0.41594625,0.7967554,0.24360329,0.06931889,0.44122678,0.5310119,0.8868665,0.4329747,0.58561975,0.24168926,0.30816108,0.94148713,0.43652445,0.30884176,0.70913637,0.64753014
0.29788512,0.3628925,0.5041619,0.04001659,0.7038092,0.5603502,0.9449521,0.534691,0.15417695,0.8925755,0.7378375,0.28861535,0.7676342,0.058265924,0.37498254,0.33561176,0.78064615,0.9965728,0.23012614,0.82148415,0.6826906,0.46949697,0.045618534,0.9883955,0.3670218,0.9527376,0.49846292,0.028314888,0.76652414,0.24895722,0.7357883,0.3837669,0.8261495,0.9723891,0.91541827,0.95200986,0.5740423,0.9941516,0.22848433,0.5011845,0.43709117,0.10690594,0.83061635,0.121279955,0.98690957,0.02501303,0.88631487,0.6306392,0.17078882,0.93647426,0.17713857,0.08935851,0.9225334,0.055518985,0.3448258,0.11720979,0.88107556,0.8181966,0.7158525,0.919844,0.25882268,0.08727759,0.76087403,0.0076689124,0.9635849,0.21613473,0.4926653,0.5171274,0.44428968,0.58767205,0.99968684,0.53908056,0.8104077,0.14182949,0.8632118,0.023767889,0.6042239,0.6771961,0.17973012,0.2504292,0.29201448,0.36573178,0.6421353,0.16234368,0.26925945,0.9299484,0.6851636,0.72634906,0.51720256,0.24147755,0.7148179,0.008061469,0.20323813,0.19817531,0.15028721,0.08498597,0.24239314,0.39986086,0.7624536,0.1402542
