Date,Open,High,Low,Close,Volume,Close_Return,Volatility,MA20,MA50,Momentum,RelVolume,RSI_Close,Williams_%R,CCI,Bollinger_%B,KeltnerC_%,MACD_lib,MACD_signal,MACD_Hist,Force_Index,VPT,DLR,RSI_Over,RSI_Under,Williams_Over,Williams_Under,MACD_Over,MACD_Under,Data,time_idx,series_id,hl_center,hl_range,dayofweek,month
2015-09-28 00:00:00-04:00,0.5737619945223569,0.5774072097234827,0.5625832341435092,0.566228449344635,395584000,0.0175972240073594,0.0163138212675351,0.6384531497955322,0.7005018997192383,0.1309015186420423,0.8549642007035417,100.0,-11.570254713994288,119.03434343505673,0.8796398654023728,0.4152999911407119,0.0249782568057793,0.0275070603541904,0.0025730128610827,3645643.975864366,6699896.679665994,0.0174441856198104,1,0,0,0,0,0,2015-09-28 00:00:00-04:00,0,NVDA,0.5699952219334959,0.0148239755799735,0,9
2015-09-29 00:00:00-04:00,0.5723042238696511,0.5771645523065313,0.5642846761548302,0.5761924982070923,380736000,0.0175972240073594,0.0163138212675351,0.6384531497955322,0.7005018997192383,0.1309015186420423,0.822873649892472,100.0,-11.570254713994288,119.03434343505673,0.8796398654023728,0.7002992801924307,0.0249782568057793,0.0275070603541904,0.0025730128610827,3645643.975864366,6699896.679665994,0.0174441856198104,1,0,0,0,0,0,2015-09-29 00:00:00-04:00,1,NVDA,0.5707246142306808,0.012879876151701,1,9
2015-09-30 00:00:00-04:00,0.5815387742861751,0.5997650333135294,0.5781365562633751,0.5990359783172607,556380000,0.0396455701545044,0.0163138212675351,0.6384531497955322,0.7005018997192383,0.1309015186420423,1.2024879216233126,100.0,-11.570254713994288,119.03434343505673,0.8796398654023728,1.1436807322425286,0.0249782568057793,0.0275070603541904,0.0025730128610827,3645643.975864366,28757899.00222917,0.038879857140109,1,0,0,0,0,0,2015-09-30 00:00:00-04:00,2,NVDA,0.5889507947884522,0.0216284770501542,2,9
2015-10-01 00:00:00-04:00,0.5990356297714157,0.6007367377930345,0.5703596764020767,0.5873708724975586,489296000,-0.0194731305663314,0.0163138212675351,0.6384531497955322,0.7005018997192383,0.1309015186420423,1.0575012223634934,71.86986396317697,-11.570254713994288,119.03434343505673,0.8796398654023728,0.6864794835975624,0.0249782568057793,0.0275070603541904,0.0025730128610827,3645643.975864366,19229774.10864544,-0.0196652299132905,1,0,0,0,0,0,2015-10-01 00:00:00-04:00,3,NVDA,0.5855482070975556,0.0303770613909577,3,10
2015-10-02 00:00:00-04:00,0.5842118470088489,0.6026811003684998,0.5781364095614773,0.6026811003684998,386144000,0.0260656913507484,0.0163138212675351,0.6384531497955322,0.7005018997192383,0.1309015186420423,0.8345618030973659,79.87258250163063,-11.570254713994288,119.03434343505673,0.8796398654023728,0.9755248235313868,0.0249782568057793,0.0275070603541904,0.0025730128610827,3645643.975864366,29294884.42958884,0.0257317713566083,1,0,0,0,0,0,2015-10-02 00:00:00-04:00,4,NVDA,0.5904087549649886,0.0245446908070224,4,10
2015-10-05 00:00:00-04:00,0.6065693780167382,0.6252816304765677,0.6034101597903124,0.6177481412887573,482024000,0.0250000222523072,0.0163138212675351,0.6384531497955322,0.7005018997192383,0.1309015186420423,1.0417844601397528,84.53529259933421,-11.570254713994288,119.03434343505673,0.8796398654023728,1.200707244847247,0.0249782568057793,0.0275070603541904,0.0025730128610827,3645643.975864366,41345495.155734986,0.0246926342999393,1,0,0,0,0,0,2015-10-05 00:00:00-04:00,5,NVDA,0.6143458951334401,0.0218714706862552,0,10
2015-10-06 00:00:00-04:00,0.6111867268664579,0.6284408702851524,0.6087565633734163,0.625767707824707,453216000,0.0129819355169877,0.0163138212675351,0.6384531497955322,0.7005018997192383,0.1309015186420423,0.9795225671059912,86.34809779833975,-11.570254713994288,119.03434343505673,0.8796398654023728,1.2875012856177277,0.0249782568057793,0.0275070603541904,0.0025730128610827,3645643.975864366,47229116.04300212,0.0128983924490902,1,0,0,0,0,0,2015-10-06 00:00:00-04:00,6,NVDA,0.6185987168292844,0.019684306911736,1,10
2015-10-07 00:00:00-04:00,0.6272259580478422,0.6386477232303882,0.6170192459142337,0.6323292851448059,310152000,0.010485643854823,0.0163138212675351,0.6384531497955322,0.7005018997192383,0.1309015186420423,0.670322502367651,87.62617060299668,-11.570254713994288,119.03434343505673,0.8796398654023728,1.331885787405056,0.0249782568057793,0.0275070603541904,0.0025730128610827,3645643.975864366,50481259.455863215,0.0104310507886474,1,0,0,0,0,0,2015-10-07 00:00:00-04:00,7,NVDA,0.627833484572311,0.0216284773161544,2,10
2015-10-08 00:00:00-04:00,0.6296560886552155,0.6376756353473392,0.618963321105932,0.6359745264053345,460068000,0.0057647832326692,0.0163138212675351,0.6384531497955322,0.7005018997192383,0.1309015186420423,0.9943315955379314,88.2824688612305,-11.570254713994288,119.03434343505673,0.8796398654023728,1.3402990779325108,0.0249782568057793,0.0275070603541904,0.0025730128610827,3645643.975864366,53133451.7481509,0.0057482304547931,1,0,0,0,0,0,2015-10-08 00:00:00-04:00,8,NVDA,0.6283194782266356,0.0187123142414071,3,10
2015-10-09 00:00:00-04:00,0.6325720949432864,0.6386475321896519,0.6216363890153577,0.6335442066192627,423248000,-0.0038214105835472,0.0163138212675351,0.6384531497955322,0.7005018997192383,0.1309015186420423,0.9147535997901144,85.04383542916092,-11.570254713994288,119.03434343505673,0.8796398654023728,1.221690137919135,0.0249782568057793,0.0275070603541904,0.0025730128610827,3645643.975864366,51516047.3614857,-0.0038287308280287,1,0,0,0,0,0,2015-10-09 00:00:00-04:00,9,NVDA,0.6301419606025047,0.0170111431742941,4,10
2015-10-12 00:00:00-04:00,0.6342731762762575,0.6439938870416603,0.6296559067417928,0.6403486132621765,227588000,0.0107402239209537,0.0163138212675351,0.6384531497955322,0.7005018997192383,0.1309015186420423,0.491879329067196,86.53339219216187,-11.570254713994288,119.03434343505673,0.8796398654023728,1.3359386538857343,0.0249782568057793,0.0275070603541904,0.0025730128610827,3645643.975864366,53960393.44320772,0.010682957388039,1,0,0,0,0,0,2015-10-12 00:00:00-04:00,10,NVDA,0.6368248968917265,0.0143379802998674,0,10
2015-10-13 00:00:00-04:00,0.6352454547800782,0.6454521081644461,0.6330582899378523,0.641563892364502,298444000,0.0018978398284246,0.0163138212675351,0.6384531497955322,0.7005018997192383,0.1134540875850038,0.6450183422857543,86.78651120984438,-11.570254713994288,119.03434343505673,0.8796398654023728,1.3232942291279493,0.0249782568057793,0.0275070603541904,0.0025730128610827,3645643.975864366,54526792.35296208,0.0018960412057231,1,0,0,0,0,0,2015-10-13 00:00:00-04:00,11,NVDA,0.6392551990511492,0.0123938182265938,1,10
2015-10-14 00:00:00-04:00,0.6422928042529761,0.6753430976899526,0.6415638073418535,0.664893388748169,612148000,0.0363634809585144,0.0163138212675351,0.6384531497955322,0.7005018997192383,0.1099389900017473,1.3230176790069157,90.4841725933974,-11.570254713994288,119.03434343505673,0.8796398654023728,1.7568364575064612,0.0249782568057793,0.0275070603541904,0.0025730128610827,3645643.975864366,76786624.4947548,0.0357179326497574,1,0,0,0,0,0,2015-10-14 00:00:00-04:00,12,NVDA,0.658453452515903,0.0337792903480991,2,10
2015-10-15 00:00:00-04:00,0.666108151617972,0.6802031286789123,0.659303719891755,0.6665942072868347,526048000,0.0025580319603839,0.0163138212675351,0.6384531497955322,0.7005018997192383,0.1348778744380203,1.136932251687876,90.68874873530856,-11.570254713994288,119.03434343505673,0.8796398654023728,1.6996808901811369,0.0249782568057793,0.0275070603541904,0.0025730128610827,3645643.975864366,78132272.09145087,0.0025547657654637,1,0,1,0,0,0,2015-10-15 00:00:00-04:00,13,NVDA,0.6697534242853336,0.0208994087871573,3,10
2015-10-16 00:00:00-04:00,0.6687815505954675,0.6833625293036802,0.6670803842671496,0.6770440936088562,448396000,0.015676533350859,0.0163138212675351,0.6384531497955322,0.7005018997192383,0.1233869673279755,0.9691052412096174,91.8483115249121,-5.306138402517096,119.03434343505673,0.8796398654023728,1.8799121419784588,0.0249782568057793,0.0275070603541904,0.0025730128610827,3794221.583205049,85161566.93984267,0.0155549257787847,1,0,1,0,0,0,2015-10-16 00:00:00-04:00,14,NVDA,0.6752214567854149,0.0162821450365306,4,10
2015-10-19 00:00:00-04:00,0.6792313878984105,0.682390606350946,0.6680526238263115,0.6758291125297546,294712000,-0.0017945375944797,0.0163138212675351,0.6384531497955322,0.7005018997192383,0.0940204710609533,0.6369524791643297,90.43811270499026,-6.666572197504853,119.03434343505673,0.8796398654023728,1.7888724676835106,0.0249782568057793,0.0275070603541904,0.0025730128610827,3201037.142206588,84632695.17629835,-0.0017961497060206,1,0,1,0,0,0,2015-10-19 00:00:00-04:00,15,NVDA,0.6752216150886288,0.0143379825246344,0,10
2015-10-20 00:00:00-04:00,0.6729129127975207,0.678016238651325,0.6678095290040498,0.6748570203781128,264824000,-0.0014383697500143,0.0163138212675351,0.6384531497955322,0.7005018997192383,0.078446541647299,0.5723564135230816,89.25731474918176,-7.526809020453287,119.03434343505673,0.8796398654023728,1.7265372092585685,0.0249782568057793,0.0275070603541904,0.0025730128610827,2706969.931610447,84251780.34562056,-0.0014394051968058,1,0,1,0,0,0,2015-10-20 00:00:00-04:00,16,NVDA,0.6729128838276874,0.0102067096472752,1,10
2015-10-21 00:00:00-04:00,0.6789882409051706,0.6831195705947701,0.6648933171665419,0.6661083698272705,386280000,-0.0129637097735761,0.0163138212675351,0.6384531497955322,0.7005018997192383,0.0534200858255822,0.8348557359442346,79.2310774319402,-16.397221068952543,119.03434343505673,0.8796398654023728,1.4374101413351883,0.0249782568057793,0.0275070603541904,0.0025730128610827,1837484.4078404752,79244158.53428355,-0.0130484720113943,1,0,1,0,0,0,2015-10-21 00:00:00-04:00,17,NVDA,0.674006443880656,0.0182262534282282,2,10
2015-10-22 00:00:00-04:00,0.6738850962209006,0.6923543535480632,0.6729130422436138,0.6901671886444092,306884000,0.0361184754717576,0.0163138212675351,0.6384531497955322,0.7005018997192383,0.0852120014073258,0.6632594689590724,84.41554083612883,-2.4590305575324987,119.03434343505673,0.8796398654023728,1.9905207804536629,0.0249782568057793,0.0275070603541904,0.0025730128610827,2629739.000131662,90328340.76095842,0.0354814958623218,1,0,1,0,0,0,2015-10-22 00:00:00-04:00,18,NVDA,0.6826336978958385,0.0194413113044493,3,10
2015-10-23 00:00:00-04:00,0.6962424528127908,0.6994016709015518,0.6857927448129654,0.6947843432426453,381776000,0.0066899074227286,0.0163138212675351,0.6384531497955322,0.7005018997192383,0.0966627679387583,0.825121371662644,85.1801147647765,-5.093852039916622,119.03434343505673,0.8796398654023728,2.055052768856503,0.0249782568057793,0.0275070603541904,0.0025730128610827,2505878.9735265933,92882386.85717808,0.0066676292959417,1,0,1,0,0,0,2015-10-23 00:00:00-04:00,19,NVDA,0.6925972078572586,0.0136089260885864,4,10
2015-10-26 00:00:00-04:00,0.6952704520634178,0.6969715607116688,0.6853067412012317,0.69162517786026,247436000,-0.0045469726154752,0.0163138212675351,0.6447229862213135,0.7005018997192383,0.0800760141212166,0.5347762345425536,82.20827153846835,-9.439504897420669,103.8829225785044,0.8360759962594025,1.8195617729115308,0.0249782568057793,0.0275070603541904,0.0025730128610827,2036226.0850862404,91757302.14109536,-0.0045573415388707,1,0,1,0,0,0,2015-10-26 00:00:00-04:00,20,NVDA,0.6911391509564502,0.011664819510437,0,10
2015-10-27 00:00:00-04:00,0.6882227642421778,0.6955132526291498,0.6877367085071858,0.6911389827728271,208268000,-0.0007029748236422,0.016388791134329,0.6504703104496002,0.7005018997192383,0.0772722576789892,0.4501235746443871,81.73564072340744,-10.272075632728354,94.72627341673012,0.8127025403803027,1.6632544816578954,0.0249782568057793,0.0275070603541904,0.0025730128610827,1730871.090292568,91610894.98052505,-0.0007032220263018,1,0,1,0,0,0,2015-10-27 00:00:00-04:00,21,NVDA,0.6916249805681678,0.0077765441219639,1,10
2015-10-28 00:00:00-04:00,0.6955132978899113,0.6967284083366394,0.6853065903080852,0.6967284083366394,217036000,0.0080872671099923,0.0147464564097959,0.6553549319505692,0.7005018997192383,0.0478798858993139,0.4690735981836825,82.94928237483144,-3.437604159687352,90.05957548578414,0.825784223684426,1.7120053902653234,0.0249782568057793,0.0275070603541904,0.0025730128610827,1656904.729774709,93366123.08500932,0.0080547404157011,1,0,1,0,0,0,2015-10-28 00:00:00-04:00,22,NVDA,0.6910174993223623,0.0114218180285542,2,10
2015-10-29 00:00:00-04:00,0.6855498788897909,0.6925973132802187,0.671454894229586,0.6726699471473694,327168000,-0.0345306160928716,0.0164875429531397,0.6596198856830597,0.7005018997192383,0.0091146004482458,0.707098688561156,63.41617191317995,-38.32737955662941,53.09309442740824,0.6172901404536724,0.9217754531094404,0.0249782568057793,0.0275070603541904,0.0025730128610827,295752.8211824519,82068810.47913668,-0.035140887707355,0,0,0,0,0,0,2015-10-29 00:00:00-04:00,23,NVDA,0.6820261037549024,0.0211424190506326,3,10
2015-10-30 00:00:00-04:00,0.6799603887551389,0.6942983701408434,0.6748570050773747,0.689437985420227,301160000,0.0249275864693627,0.016419852565407,0.6639577299356461,0.7005018997192383,0.0183058857294029,0.6508883541393955,68.91111300846143,-15.01835652116749,67.49397147001145,0.7523406645670507,1.282331054541331,0.0249782568057793,0.0275070603541904,0.0025730128610827,974911.3333355036,89576002.42024997,0.0246219627477669,0,0,1,0,0,0,2015-10-30 00:00:00-04:00,24,NVDA,0.684577687609109,0.0194413650634687,4,10
2015-11-02 00:00:00-05:00,0.6916251712267318,0.6981866067898158,0.6874938991292222,0.6974575519561768,190088000,0.0116320346507476,0.0159072777604865,0.667943200469017,0.7005018997192383,0.0320028229406437,0.4108316690850359,71.14350661623308,-3.3613256536842777,86.79889768801608,0.8088610069344632,1.4310926935123929,0.0249782568057793,0.0275070603541904,0.0025730128610827,1053413.0519569472,91787112.6229413,0.0115649026222266,1,0,1,0,0,0,2015-11-02 00:00:00-05:00,25,NVDA,0.692840252959519,0.0106927076605936,0,11
2015-11-03 00:00:00-05:00,0.6933263248928958,0.6972145982783067,0.6848207811807513,0.6925972700119019,376768000,-0.0069685702458065,0.0160845682398494,0.6712846785783768,0.7005018997192383,0.0262874195542182,0.8142977268308931,67.95853997660527,-16.969447860284635,75.06571449335465,0.7380432694960344,1.1941756895058406,0.0241219044345244,0.0275070603541904,0.0025730128610827,641325.6577373025,89161578.34856926,-0.0069929641244695,0,0,1,0,0,0,2015-11-03 00:00:00-05:00,26,NVDA,0.691017689729529,0.0123938170975553,1,11
2015-11-04 00:00:00-05:00,0.6906532462265661,0.6957565730740782,0.6780163706730945,0.6811755895614624,442264000,-0.0164910849998631,0.0167366639072148,0.6737269937992096,0.7005018997192383,0.0226197724224648,0.9558523278493346,61.04253343192731,-52.81643245008935,48.17977434014743,0.5904281966384372,0.7607751252812518,0.022264948387671,0.0275070603541904,0.0025730128610827,-171920.59090133407,81868165.13218977,-0.0166285766286391,0,0,0,0,0,0,2015-11-04 00:00:00-05:00,27,NVDA,0.6868864718735863,0.0177402024009837,2,11
2015-11-05 00:00:00-05:00,0.6845776148168524,0.6865217801685786,0.6714547449362632,0.6733988523483276,478800000,-0.011416641072152,0.0170713462223072,0.6755982100963592,0.7005018997192383,-0.0242960496702502,1.03481652265222,56.80375693425863,-75.35224297542598,9.47558230882501,0.4705802186467269,0.4463537913448558,0.0199359701870924,0.0275070603541904,0.0025730128610827,-679289.3318652757,76401877.38684338,-0.0114823112189411,0,0,0,0,0,0,2015-11-05 00:00:00-05:00,28,NVDA,0.6789882625524208,0.0150670352323153,3,11
2015-11-06 00:00:00-05:00,0.7399856885826819,0.7761951508533095,0.7246756490438173,0.7667174935340881,1172272000,0.1385785569136814,0.0346851078475911,0.6822568744421005,0.7005018997192383,0.1035330617205936,2.533597399002847,77.2334255913564,-8.515275090520023,323.0801453989744,1.3401372289641056,2.9231090447297063,0.025328303712146,0.0275070603541904,0.0025730128610827,15045584.878417457,238853639.4571586,0.1297806045045982,1,0,1,0,0,0,2015-11-06 00:00:00-05:00,29,NVDA,0.7504353999485633,0.0515195018094921,4,11
2015-11-09 00:00:00-05:00,0.759183928056327,0.7655023656516695,0.7526224335183106,0.7633152008056641,492568000,-0.0044374789373092,0.0348365505179692,0.688405203819275,0.7005018997192383,0.1036544435342818,1.0645729008558034,75.82537624728795,-11.572091510992491,283.6626434965422,1.1482578494562432,2.6617069396336017,0.0289930168407649,0.0275070603541904,0.0025730128610827,12656806.963692904,236667879.33196604,-0.0044473537707072,1,0,1,0,0,0,2015-11-09 00:00:00-05:00,30,NVDA,0.7590623995849901,0.0128799321333589,0,11
2015-11-10 00:00:00-05:00,0.7533512667413522,0.7574825962144368,0.7326949090742263,0.7487339973449707,552260000,-0.0191024670349853,0.035385529849731,0.6937637090682983,0.7005018997192383,0.0833334770686413,1.1935834853799394,69.94037061948468,-26.218299679006247,191.2095140169366,0.9637546034650352,2.040354488014644,0.0303706531544623,0.0275070603541904,0.0025730128610827,9698318.051279277,226118350.88722503,-0.0192872764879071,0,0,0,0,0,0,2015-11-10 00:00:00-05:00,31,NVDA,0.7450887526443315,0.0247876871402105,1,11
2015-11-11 00:00:00-05:00,0.7492201226199033,0.754566505599241,0.7387704135736997,0.7414436340332031,619896000,-0.0097369203717466,0.0349610212916891,0.69759122133255,0.7005018997192383,0.064178846680468,1.3397632061946962,67.13480441378525,-33.17871122977062,145.5197408391223,0.8584406437941136,1.787357789565446,0.0305223260915545,0.0275070603541904,0.0025730128610827,7667234.464594885,220082472.8964608,-0.009784634157088,0,0,0,0,0,0,2015-11-11 00:00:00-05:00,32,NVDA,0.7466684595864703,0.0157960920255413,2,11
2015-11-12 00:00:00-05:00,0.7397424194829346,0.7465469117376198,0.7356111475145776,0.7387703657150269,291080000,-0.0036054909577342,0.0350201379169134,0.7012000292539596,0.7005018997192383,0.0982657525402663,0.6291027431361909,66.08793422612948,-35.73099112096512,108.12102644408348,0.8032711258392548,1.639128962031761,0.0300800732152731,0.0275070603541904,0.0025730128610827,6460753.120787795,219032986.5884835,-0.0036120064058981,0,0,0,0,1,0,2015-11-12 00:00:00-05:00,33,NVDA,0.7410790296260987,0.0109357642230422,3,11
2015-11-13 00:00:00-05:00,0.7394992535505068,0.74265847103762,0.7205439486278276,0.7241892218589783,292940000,-0.0197370448690589,0.0353825015359891,0.7035572856664658,0.7005018997192383,0.0504051664887155,0.633122707071306,60.54245762208271,-49.65221257164076,67.01833659867371,0.6672687159603858,1.1141921216984527,0.0282276177685272,0.0276511718370577,0.0005764459314694,4927588.349076557,213251216.6645414,-0.0199344217471269,0,0,0,0,1,0,2015-11-13 00:00:00-05:00,34,NVDA,0.7316012098327238,0.0221145224097923,4,11
2015-11-16 00:00:00-05:00,0.733667039978762,0.7392564215688134,0.7278346014919846,0.7387703657150269,344280000,0.0201344391989417,0.0355352767919504,0.7067043483257294,0.7005018997192383,0.0592334453085767,0.7440823567642153,63.81254546626058,-35.73099112096512,72.09779437721703,0.7581216608994459,1.4620438312591333,0.0276177497031143,0.0276444874102691,-2.6737707154743384e-05,4940789.471602821,220183101.39195305,0.0199344217471269,0,0,0,0,0,1,2015-11-16 00:00:00-05:00,35,NVDA,0.733545511530399,0.0114218200768287,0,11
2015-11-17 00:00:00-05:00,0.7407145311905079,0.7450888021159254,0.7356111475145776,0.7387703657150269,257048000,0.0,0.0355229618231464,0.7099000155925751,0.7005018997192383,0.0666665863443722,0.5555503707491809,63.81254546626058,-35.73099112096512,73.20050813240691,0.7335521489924495,1.3659696109629984,0.0268252006523992,0.0274806300586951,-0.0006554294062958,4234962.4042309895,220183101.39195305,0.0,0,0,0,0,0,1,2015-11-17 00:00:00-05:00,36,NVDA,0.7403499748152516,0.0094776546013478,1,11
2015-11-18 00:00:00-05:00,0.7418195726274309,0.757919624951929,0.73376957554502,0.7569438219070435,350216000,0.024599600952357,0.0355108519914566,0.7144417881965637,0.7005018997192383,0.1112315730432447,0.7569116610216581,67.6839054623334,-18.38004042252133,85.74880750880351,0.8448874394616099,1.766347644627167,0.0273482917686961,0.0274541624006953,-0.0001058706319992,4539201.36558989,228798275.2390837,0.0243019030561283,0,0,1,0,0,1,2015-11-18 00:00:00-05:00,37,NVDA,0.7458446002484744,0.024150049406909,2,11
2015-11-19 00:00:00-05:00,0.7596272009202037,0.7667013950311063,0.7535286935449548,0.7591392993927002,254072000,0.0029004497059312,0.0348466200332641,0.7178903937339782,0.7005018997192383,0.1273249081808976,0.5491184284529967,68.1275116914557,-16.283927211545667,98.06949607574062,0.824851467903276,1.7443152170012763,0.0276215973513322,0.0274876493908227,0.0001339479605095,3970431.0784678734,229535198.29676908,0.0028962515174802,0,0,1,0,1,0,2015-11-19 00:00:00-05:00,38,NVDA,0.7601150442880306,0.0131727014861515,3,11
2015-11-20 00:00:00-05:00,0.7647498677928299,0.7701165516938707,0.7601150070673708,0.7657256126403809,239744000,0.0086760272494779,0.0348535777628215,0.7214374572038651,0.7005018997192383,-0.0012936719222816,0.518151738527013,69.48097801903867,-9.995701392660658,99.57398897788902,0.8364687737517075,1.8472997979778336,0.0280463535244225,0.0275993902175426,0.0004469633068798,3628802.2220084574,231615223.7736679,0.008638606809797,0,0,1,0,1,0,2015-11-20 00:00:00-05:00,39,NVDA,0.7651157793806207,0.0100015446264999,4,11
2015-11-23 00:00:00-05:00,0.7720681640079476,0.7720681640079476,0.7515772863163455,0.7542605996131897,242552000,-0.0149727432881047,0.0350875657254216,0.7245692282915115,0.7005018997192383,-0.0118622047391659,0.5242205873064771,64.3576898375846,-20.94182378622039,79.12523039407479,0.7256126132177741,1.3784603514216234,0.0271449352017466,0.0275084992143834,-0.0003635640126368,2713135.9274684964,227983554.9436516,-0.0150859664041788,0,0,0,0,0,1,2015-11-23 00:00:00-05:00,40,NVDA,0.7618227251621466,0.0204908776916021,0,11
2015-11-24 00:00:00-05:00,0.7542605412699327,0.7669453998005168,0.7508454049454457,0.7603590488433838,195428000,0.0080853344763356,0.0350688385891578,0.7280302315950393,0.7005018997192383,0.0155262770752173,0.4223728558664955,65.80216799914642,-15.119381934100756,73.89109267422073,0.746087185339726,1.4346618035716696,0.0266158377627226,0.0273299669240513,-0.0007141291613286,2495803.328709907,229563655.68969285,0.0080528232845437,0,0,1,0,0,1,2015-11-24 00:00:00-05:00,41,NVDA,0.7588954023729813,0.016099994855071,1,11
2015-11-25 00:00:00-05:00,0.7588954178101606,0.7679211603483367,0.7566999480598973,0.7593832612037659,138300000,-0.0012833248201652,0.0350926663073238,0.7311629742383957,0.7005018997192383,0.0241955373909912,0.2989037700142063,65.3458331688153,-30.209391670330668,73.62461321521464,0.7157807847785875,1.3097792134857464,0.0258201477322618,0.0270280030856934,-0.0012078553534316,2119981.220242897,229386171.867064,-0.0012841489866532,0,0,0,0,0,1,2015-11-25 00:00:00-05:00,42,NVDA,0.762310554204117,0.0112212122884394,2,11
2015-11-27 00:00:00-05:00,0.7608468302429524,0.768165003839095,0.7569437926930749,0.7657256126403809,86996000,0.0083519768747091,0.0338470361716601,0.7358157575130463,0.7005018997192383,0.0364866380357109,0.1880219260748799,66.950158604404,-12.309845614871742,76.2794416262531,0.7444075341827198,1.3952262612182362,0.0254084397291832,0.0267040904143913,-0.0012956506852081,1895949.5038624487,230112760.4472562,0.0083172921062885,0,0,1,0,0,1,2015-11-27 00:00:00-05:00,43,NVDA,0.762554398266085,0.0112212111460201,4,11
2015-11-30 00:00:00-05:00,0.7664574042504129,0.7771907716104547,0.7657255811049704,0.773775577545166,327244000,0.0105128583553935,0.0335979020300098,0.7400326371192932,0.7005018997192383,0.0684715460952327,0.7072629451520532,68.91708076940655,-6.028924281130595,96.98714830098552,0.7839287889792306,1.5293725598947716,0.0254384840527462,0.0264509691420623,-0.001012485089316,2001428.5340680296,233553030.2669086,0.0104579825261448,0,0,1,0,0,1,2015-11-30 00:00:00-05:00,44,NVDA,0.7714581763577125,0.0114651905054843,0,11
2015-12-01 00:00:00-05:00,0.7806062077775513,0.7996335005585924,0.7798743843506117,0.7989016771316528,409496000,0.0324720762914234,0.034091963516093,0.745104843378067,0.7005018997192383,0.0813937783744578,0.8850318019214567,74.0985969411408,-0.925309865935515,151.3392627682235,0.9387471454753066,2.093339149964814,0.0271764870191009,0.02659607271747,0.0005804143016308,3185372.640096598,246850215.6199413,0.0319560007332655,1,0,1,0,1,0,2015-12-01 00:00:00-05:00,45,NVDA,0.7897539424546021,0.0197591162079806,1,12
2015-12-02 00:00:00-05:00,0.8001211639450985,0.8084150833703435,0.7910954212576634,0.7928029894828796,294240000,-0.007633840087393,0.0341069680566809,0.750115129351616,0.7005018997192383,0.0731385911988453,0.6359323592840209,71.00461596836851,-17.767033432777612,158.71440265060932,0.8576351476614683,1.742019039866938,0.0277419617014527,0.0268252505142666,0.000916711187186,2473965.426686366,244604034.5126268,-0.0076631269875129,1,0,1,0,1,0,2015-12-02 00:00:00-05:00,46,NVDA,0.7997552523140035,0.0173196621126801,2,12
2015-12-03 00:00:00-05:00,0.7991454937010715,0.8074394139017866,0.7871924568472842,0.791095495223999,246656000,-0.0021537434665759,0.0337293026372906,0.7556111246347428,0.7005018997192383,0.0451178440573223,0.5330904432149247,70.12180386639797,-19.71021336767204,148.3640161077247,0.8337313412323994,1.5262994271256063,0.0277326393413167,0.0270067282796766,0.0007259110616401,2060375.550885677,244072800.764135,-0.0021560661075502,1,0,1,0,1,0,2015-12-03 00:00:00-05:00,47,NVDA,0.7973159353745354,0.0202469570545024,3,12
2015-12-04 00:00:00-05:00,0.791095423460488,0.8247590609762399,0.791095423460488,0.8232954144477844,458756000,0.0407029485292012,0.03415991677078,0.7631059527397156,0.7005018997192383,0.0845116503735323,0.9914960080740222,76.14515861414694,-1.5100899569042132,205.6714122157625,1.146625463935654,2.165195964425436,0.0299779485489045,0.0276009723335222,0.0023769762153823,3876308.49267728,262745522.61959723,0.0398963968749218,1,0,1,0,1,0,2015-12-04 00:00:00-05:00,48,NVDA,0.8079272422183639,0.0336636375157518,4,12
2015-12-07 00:00:00-05:00,0.8230513392042209,0.8230513392042209,0.8052437788026414,0.8076831698417664,333588000,-0.018963113764565,0.0169070667613409,0.7651542365550995,0.7005018997192383,0.0547945066858963,0.7209740479501018,68.89319460906947,-18.76688394658676,161.93397201911262,0.9215855915537292,1.7818494558165117,0.0301500436740399,0.0281107866016257,0.0020392570724141,2578541.928918761,256419655.4251035,-0.0191452194759185,0,0,1,0,1,0,2015-12-07 00:00:00-05:00,49,NVDA,0.8141475590034312,0.0178075604015794,0,12
2015-12-08 00:00:00-05:00,0.7976817206054724,0.8220756338938416,0.792559016262818,0.8186604976654053,314488000,0.0135911310691165,0.0169846545586415,0.7679215013980866,0.7055505406856537,0.0853814955802305,0.6796937731325217,70.98558687042848,-6.702492361542768,131.18927402091356,0.9567267313359372,1.961900168652332,0.0308169700665696,0.0286520232946145,0.0021649467719551,2703355.635159018,260693903.0527678,0.0134996000547005,1,0,1,0,1,0,2015-12-08 00:00:00-05:00,50,NVDA,0.8073173250783299,0.0295166176310236,1,12
2015-12-09 00:00:00-05:00,0.8184166461242844,0.8232954292001031,0.7896317910811452,0.7979257106781006,372676000,-0.0253276993899602,0.0174734161936374,0.7703810870647431,0.7099852049350739,0.0494064769688229,0.8054538061736398,62.441794320281794,-36.303643655456405,94.47433617276712,0.7447037242458769,1.2694139487038298,0.0293342431208001,0.0287884672598516,0.0005457758609484,1213253.7622390497,251254877.354915,-0.0256539664176262,0,0,0,0,1,0,2015-12-09 00:00:00-05:00,51,NVDA,0.8064636101406242,0.0336636381189578,2,12
2015-12-10 00:00:00-05:00,0.8003651250585547,0.8089030247647513,0.7976818117381769,0.8045121431350708,236596000,0.0082544432004489,0.0172266366922992,0.7735345125198364,0.71409472823143,0.0594283338031011,0.5113480576303773,63.927037857887065,-27.39266182792219,83.5561791867473,0.7740910938825278,1.382094239113631,0.0283636825117556,0.0287035103102324,-0.0003398277984767,1262549.4495748037,253207845.59836844,0.0082205616056164,0,0,0,0,0,1,2015-12-10 00:00:00-05:00,52,NVDA,0.803292418251464,0.0112212130265744,3,12
2015-12-11 00:00:00-05:00,0.7964619456897253,0.8020725507988887,0.790851340580562,0.7925589084625244,227320000,-0.0148577430117664,0.0176739540755724,0.7762239396572113,0.7181984889507294,0.0350429649722918,0.4913001084571901,59.34070644151437,-43.5645511842901,53.24672071057993,0.6492392465202412,0.9677178346053208,0.0263265045392041,0.0282281091560268,-0.0019016046168226,694012.484526511,249830383.45693368,-0.0149692248997863,0,0,0,0,0,1,2015-12-11 00:00:00-05:00,53,NVDA,0.7964619456897253,0.0112212102183267,4,12
2015-12-14 00:00:00-05:00,0.7932909362177338,0.798901542774229,0.7849969581605122,0.7945106029510498,275892000,0.0024625229338617,0.0168023151532676,0.7797400087118149,0.7220350790023804,0.0267972083994514,0.5962773602079496,59.84723897032201,-40.92404523000167,40.40802551584065,0.6485701150677439,0.9432848965193296,0.0245860985137632,0.0274997070275741,-0.0029136085138108,671790.2575696162,250509773.83420265,0.0024594958926822,0,0,0,0,0,1,2015-12-14 00:00:00-05:00,54,NVDA,0.7919492504673706,0.0139045846137167,0,12
2015-12-15 00:00:00-05:00,0.8035362984589342,0.8098787279428407,0.7991454170560576,0.8042681217193604,307296000,0.0122811687245811,0.0165138301255761,0.7830148965120316,0.7257654786109924,0.0067172779095607,0.6641499125834097,62.37118626623907,-30.10756146949301,68.40612568584032,0.725907729792161,1.126068578667206,0.0237207266461318,0.0267439109512856,-0.0030231843051537,1004169.7189777792,254283727.8585916,0.0122063669844428,0,0,0,0,0,1,2015-12-15 00:00:00-05:00,55,NVDA,0.8045120724994491,0.010733310886783,1,12
2015-12-16 00:00:00-05:00,0.8059756070829311,0.8118301925644658,0.7989014132255345,0.8091468214988708,236356000,0.0060660116294064,0.0164847359793281,0.7865337193012237,0.7294330608844757,0.0206152502359404,0.5108293526064914,63.6030954678973,-23.021717487247216,70.10270606964124,0.7588282945162639,1.1638749313671637,0.0231615911009556,0.0260274469812196,-0.002865855880264,1025446.8969932372,255717466.1032716,0.006047687446661,0,0,0,0,0,1,2015-12-16 00:00:00-05:00,56,NVDA,0.8053658028950001,0.0129287793389312,2,12
2015-12-17 00:00:00-05:00,0.8103668472910678,0.8186607689253352,0.7964623179254555,0.7969501614570618,254160000,-0.0150734819908405,0.01634906685738,0.7885340362787246,0.7327254784107208,0.0074007073335753,0.5493086202950882,58.45113383128448,-47.10699687672006,57.08839324858501,0.6009142318729989,0.7386691121518131,0.0214866192476851,0.0251192814345127,-0.0036326621868276,436111.1808190324,251886389.9204795,-0.0151882415987711,0,0,0,0,0,1,2015-12-17 00:00:00-05:00,57,NVDA,0.8075615434253953,0.0221984509998797,3,12
2015-12-18 00:00:00-05:00,0.7913394336551534,0.799389432302185,0.783045513279329,0.784021258354187,395896000,-0.0162229756993045,0.0168873603203457,0.789778134226799,0.7356864130496978,-0.0477036011671947,0.8556385172345933,53.503662098379976,-90.76104738781274,-5.3127068898834375,0.4272135086737809,0.326849859583124,0.0188980921151477,0.0238750435706397,-0.004976951455492,-357404.84827164427,245463778.73302764,-0.0163560089282734,0,0,0,1,0,1,2015-12-18 00:00:00-05:00,58,NVDA,0.791217472790757,0.0163439190228559,4,12
2015-12-21 00:00:00-05:00,0.7925589623268477,0.8032922718113614,0.7854847105067413,0.8025604486465454,284216000,0.0236462852184335,0.01753011845597,0.7916198760271073,0.7390667378902436,-0.0063424884738214,0.6142677794530563,58.8785845395363,-53.21679299729858,24.857878885608663,0.6428065747355208,0.8029654736191799,0.0181335906857393,0.0227267529936596,-0.0045931623079202,446386.4883575812,252184431.33267,0.0233710423531264,0,0,0,0,0,1,2015-12-21 00:00:00-05:00,59,NVDA,0.7943884911590513,0.0178075613046201,0,12
2015-12-22 00:00:00-05:00,0.8050000814041615,0.8113425119629276,0.7984137291038089,0.8032925128936768,130012000,0.0009121608825428,0.0170502389474835,0.7940714716911316,0.7423256158828735,-0.0187721098252008,0.2809911565226826,59.07974144249565,-51.46181341020976,54.80696264329007,0.6335747807265067,0.7662074471791087,0.0173863700107804,0.0216586763970838,-0.0042723063863033,396213.7238633612,252303023.19333112,0.0009117451166161,0,0,0,0,0,1,2015-12-22 00:00:00-05:00,60,NVDA,0.8048781205333683,0.0129287828591186,1,12
2015-12-23 00:00:00-05:00,0.80451222818585,0.8096349336553159,0.8030485814346627,0.8064637184143066,122524000,0.0039477593401267,0.0170140704435718,0.7963767051696777,0.7456236124038697,0.0107002539483909,0.2648075597774448,59.99273070492037,-43.85947389291013,62.103505639406336,0.6616430864075613,0.7976480103504271,0.0168557790960248,0.020698096936872,-0.0038423178408471,395118.7326271176,252786718.4587208,0.0039399873860441,0,0,0,0,0,1,2015-12-23 00:00:00-05:00,61,NVDA,0.8063417575449894,0.0065863522206531,2,12
2015-12-24 00:00:00-05:00,0.8040241173622027,0.8110983693792739,0.8028043926669914,0.8091468214988708,52448000,0.0033269978838474,0.0169829845759936,0.7988648831844329,0.7485086810588837,0.0057608556978883,0.1133543378865155,60.78985024407933,-35.15189380539746,65.57295350885904,0.6932529085100981,0.8110119132622367,0.0164620220260133,0.0198508819547003,-0.0033888599286869,358776.5409059898,252961212.84373283,0.0033214756712578,0,0,0,0,0,1,2015-12-24 00:00:00-05:00,62,NVDA,0.8069513810231327,0.0082939767122824,3,12
2015-12-28 00:00:00-05:00,0.8006090967114646,0.8084151148796082,0.7893878838000951,0.8084151148796082,142024000,-0.0009042940042788,0.0169646024283359,0.8009993582963943,0.7513450992107391,0.0200063443206297,0.3069523429681681,60.43620644294522,-36.96980224700253,14.140798491122624,0.6678379923727382,0.7274219158317006,0.0159075517476754,0.0190622159132953,-0.0031546641656198,292677.0492202534,252832781.3920692,-0.0009047031247639,0,0,0,0,0,1,2015-12-28 00:00:00-05:00,63,NVDA,0.7989014993398516,0.019027231079513,0,12
2015-12-29 00:00:00-05:00,0.808903001328743,0.8240272521211135,0.8067075314976694,0.821587860584259,203660000,0.0162945316857572,0.0171502628496582,0.803389972448349,0.7542359745502472,0.0340804232601001,0.4401644381857792,64.44621107058819,-5.952386613637999,160.39000471877068,0.9539568890557084,1.0332183690315482,0.0163426723921101,0.0185183072090583,-0.0021756348169481,634117.6693615313,256151325.71519044,0.0161632005368132,0,0,1,0,0,1,2015-12-29 00:00:00-05:00,64,NVDA,0.8153673918093914,0.0173197206234441,1,12
2015-12-30 00:00:00-05:00,0.8208561736046105,0.8279304276840229,0.8142698211774542,0.8145137429237366,180344000,-0.0086102996403717,0.0158643865218577,0.8041705757379531,0.7570096671581268,0.0127390616732057,0.3897722451152714,60.87770940102072,-29.89130075935553,161.86847670780088,0.7523388952692449,0.8007081914471978,0.0159330205207611,0.0180012498713988,-0.0020682293506377,361275.9058285608,254598509.83684725,-0.0086475824352777,0,0,0,0,0,1,2015-12-30 00:00:00-05:00,65,NVDA,0.8211001244307385,0.0136606065065687,2,12
2015-12-31 00:00:00-05:00,0.8132937613877896,0.8169528188051853,0.8040240406990051,0.8040240406990051,148528000,-0.0128784840229683,0.0160582855596326,0.8047316282987594,0.7595930075645447,-0.0063310893199534,0.3210092491154739,55.93204359163054,-53.26151849031432,41.19984545600085,0.4821518561929479,0.4819256541566367,0.0145937099538194,0.017319741887883,-0.0027260319340635,87091.56327663618,252685694.36188385,-0.0129621306354485,0,0,0,0,0,1,2015-12-31 00:00:00-05:00,66,NVDA,0.8104884297520952,0.0129287781061802,3,12
2016-01-04 00:00:00-05:00,0.7876802345560503,0.7947544287064437,0.7815817271467573,0.789631724357605,358076000,-0.0179003557267861,0.0165892501057616,0.8046584397554397,0.7620634746551513,-0.0091830549178589,0.7738992505539188,49.93763115729882,-82.63166579098537,-166.07462480242205,0.1249506171508579,0.0616636503586112,0.0122299774658326,0.0163017890034729,-0.0040718115376402,-661570.5266576259,246276006.5846592,-0.0180625050288255,0,0,0,1,0,1,2016-01-04 00:00:00-05:00,67,NVDA,0.7881680779266005,0.0131727015596864,0,1
2016-01-05 00:00:00-05:00,0.8045121952910718,0.8157334090451102,0.7928030799200236,0.8023167252540588,490272000,0.0160644519529322,0.0141452739847956,0.8036095052957535,0.7643064653873444,0.0233354219734776,1.0596106227939623,54.56004007275354,-55.26304326346752,-2.5250267144829035,0.4643388969722693,0.4529750429827195,0.0112505862437271,0.0152915484515237,-0.0040409622077966,321382.51422292413,254151957.5725272,0.0159367841057987,0,0,0,0,0,1,2016-01-05 00:00:00-05:00,68,NVDA,0.8042682444825668,0.0229303291250865,1,1
2016-01-06 00:00:00-05:00,0.7891437522068128,0.7928028679568693,0.7601149805084942,0.7691407799720764,449344000,-0.0413501853292127,0.0163407481089324,0.801682385802269,0.7657935941219329,-0.0416413102973471,0.9711541260539664,43.29953879528223,-86.6906437404734,-247.9243386428167,-0.1950585722623189,-0.4673891733427427,0.0077085309760648,0.0137749449564319,-0.0060664139803671,-1854159.553064224,235571499.8959573,-0.0422294275408791,0,0,0,1,0,1,2016-01-06 00:00:00-05:00,69,NVDA,0.7764589242326818,0.032687887448375,2,1
2016-01-07 00:00:00-05:00,0.7498696285158654,0.7549923913443837,0.7288908501201294,0.7386484742164612,645304000,-0.0396446353510501,0.0178772011300116,0.7976817846298218,0.766734060049057,-0.0804738468734761,1.3946767780567422,35.95458641821615,-90.14775271023667,-344.0191649536108,-0.344721041609216,-1.281007295791087,0.0024131352960974,0.011502583024365,-0.0090894477282676,-4400252.027386696,209988658.1253833,-0.0404518915075023,0,0,0,1,0,1,2016-01-07 00:00:00-05:00,70,NVDA,0.7419416207322566,0.0261015412242542,3,1
2016-01-08 00:00:00-05:00,0.7481617995518961,0.7488936225580662,0.7213285025777477,0.7227921485900879,398472000,-0.0214666734987752,0.0176654509187821,0.7939251065254211,0.7673671233654022,-0.10375118919018,0.8612059511576345,32.83537594615683,-98.62699851725849,-278.6099546526793,-0.2438461789409345,-1.684932189206877,-0.0030280711731729,0.0085964521848574,-0.0116245233580304,-4674259.135616057,201434789.8029793,-0.0217004339613276,0,0,0,1,0,1,2016-01-08 00:00:00-05:00,71,NVDA,0.7351110625679069,0.0275651199803185,4,1
2016-01-11 00:00:00-05:00,0.7235242930116266,0.7291348997782559,0.7110833545396857,0.7240121364593506,409372000,0.0016878820164862,0.0174703374188103,0.7899001061916351,0.7679127979278565,-0.105215373498985,0.8847638043257824,33.31473167885692,-88.93529673294053,-231.66185650468665,-0.0845183725875295,-1.4819902526449749,-0.0071592957715129,0.0054453025935833,-0.0126045983650963,-3935160.848525792,202125761.4398324,0.0016864591445038,0,0,0,1,0,1,2016-01-11 00:00:00-05:00,72,NVDA,0.7201091271589708,0.0180515452385701,0,1
2016-01-12 00:00:00-05:00,0.7369409178551355,0.7469424646022879,0.7310863893688061,0.7362090945243835,469356000,0.0168463447652686,0.0179706011234277,0.7870826154947281,0.7691835808753967,-0.0893179989169027,1.0144054799623128,38.07329661713953,-78.49690256797373,-141.86560451312997,0.0829439458184351,-1.013709068141894,-0.0093414460724716,0.0024879528603723,-0.011829398932844,-2555178.5202261624,210032694.4334798,0.0167060188918541,0,0,0,0,0,1,2016-01-12 00:00:00-05:00,73,NVDA,0.739014426985547,0.0158560752334817,1,1
2016-01-13 00:00:00-05:00,0.7418197304291213,0.7466985722123597,0.7130349303140522,0.7137667536735535,481672000,-0.030483650660861,0.0188798182192922,0.7830454230308532,0.7696701562404633,-0.131235029244505,1.041023692771387,33.356683367440326,-97.7034947802646,-144.3908454617292,-0.0042622023346859,-1.4581895394101192,-0.0127349249679046,-0.000556622705283,-0.0121783022626215,-3734416.903379714,195349573.45236155,-0.0309579407601984,0,0,0,1,0,1,2016-01-13 00:00:00-05:00,74,NVDA,0.729866751263206,0.0336636418983075,2,1
2016-01-14 00:00:00-05:00,0.699130099896736,0.7074240756810257,0.6786392274830625,0.6993740797042847,600236000,-0.0201643938936547,0.0186941542567416,0.7778007209300994,0.7697084867954254,-0.1413600006381138,1.2972726196547155,30.727644141812263,-86.11113569097772,-170.5154456655899,-0.009701978995396,-1.600561606261232,-0.0163966396901611,-0.0037246261022586,-0.0126720135879024,-4435071.7818423305,183246178.31920972,-0.0203704702600112,0,0,0,1,0,1,2016-01-14 00:00:00-05:00,75,NVDA,0.693031651582044,0.0287848481979632,3,1
2016-01-15 00:00:00-05:00,0.6713213401637216,0.6793713395646205,0.6498546557080935,0.6613197922706604,841452000,-0.0544119213707701,0.0212243664146915,0.770409369468689,0.7690829372406006,-0.1774875391838781,1.8186057489948952,25.09567915018488,-93.56165275301088,-186.01489371795995,-0.1017109207011294,-2.293848567982257,-0.0221143178611051,-0.0074025644540279,-0.0147117534070772,-8375898.137235998,137461158.25793254,-0.0559482396123658,0,1,0,1,0,1,2016-01-15 00:00:00-05:00,76,NVDA,0.6646129976363571,0.0295166838565269,4,1
2016-01-19 00:00:00-05:00,0.6749800946657593,0.6940073785447831,0.6640028065571429,0.6666861772537231,457140000,0.0081146595728476,0.0215530366435845,0.7638961702585221,0.7687931489944458,-0.1556998576822665,0.9880033942465244,27.1241884400046,-90.54811254845788,-139.1445163239372,0.0153645727689602,-1.9465650493317967,-0.025913877536431,-0.0111048270705085,-0.0148090504659224,-6828885.656036955,141170693.73506412,0.0080819127564221,0,1,0,1,0,1,2016-01-19 00:00:00-05:00,77,NVDA,0.679005092550963,0.0300045719876401,1,1
2016-01-20 00:00:00-05:00,0.6540016240671337,0.6788834459805292,0.6452198011471297,0.6703455448150635,481180000,0.0054888907047905,0.0216983502592656,0.7582123845815658,0.7687320828437805,-0.1644876347270535,1.039960347472421,28.54524112648585,-86.24834026122704,-131.54145060680892,0.0920634485793111,-1.6113654049147956,-0.0283035103251815,-0.0145445637214431,-0.0137589466037383,-5601785.6361508565,143811838.1643952,0.0054738816412304,0,1,0,1,0,1,2016-01-20 00:00:00-05:00,78,NVDA,0.6620516235638294,0.0336636448333994,2,1
2016-01-21 00:00:00-05:00,0.6776636448916398,0.688640877748721,0.6637590607611579,0.6781514883041382,481456000,0.0116446563260568,0.0209422669390512,0.7519919365644455,0.7669607627391816,-0.1182999186068922,1.04055685824989,31.608832552456803,-80.8239046829189,-101.6608282589523,0.1675391681471464,-1.2532795402191474,-0.0292304862736475,-0.017481748231884,-0.0117487380417635,-4264642.212632742,149418227.82051322,0.0115773790920693,0,0,0,1,0,1,2016-01-21 00:00:00-05:00,79,NVDA,0.6761999692549394,0.024881816987563,3,1
2016-01-22 00:00:00-05:00,0.6910801636364549,0.6986423169708827,0.6896165173033609,0.6940074563026428,257996000,0.0233811593308683,0.0220298052272117,0.7465276837348938,0.7655746078491211,-0.0604360795047635,0.55759925559353,37.473159964435965,-71.38782308523838,-71.56749508200002,0.2637869549122249,-0.7651136105418417,-0.0283587749824093,-0.0196571535819891,-0.0087016214004202,-3071010.993722036,155450473.40323994,0.0231120073414037,0,0,0,0,0,1,2016-01-22 00:00:00-05:00,80,NVDA,0.6941294171371218,0.0090257996675218,4,1
2016-01-25 00:00:00-05:00,0.6937634723232139,0.7018134682725461,0.6918119246678094,0.6932755708694458,270728000,-0.0010545786310368,0.0219265141854771,0.7408682763576507,0.7644654393196106,-0.0408368820527706,0.5851165571106729,37.31411265131966,-71.8170471467191,-63.95372845533828,0.2834872555221797,-0.6424925344000046,-0.0274110173958264,-0.0212079263447565,-0.0062030910510698,-2660601.120270112,155164969.4396166,-0.0010551350903358,0,0,0,0,0,1,2016-01-25 00:00:00-05:00,81,NVDA,0.6968126964701777,0.0100015436047367,0,1
2016-01-26 00:00:00-05:00,0.6947392798547448,0.7030331982006495,0.6876650280139799,0.7001059055328369,227944000,0.0098522650305203,0.0221404839986382,0.735416230559349,0.7636386847496033,-0.0330191024744733,0.4926487415192933,39.8787025488805,-62.810025857190645,-57.0095136678423,0.3343581976528458,-0.3390469277812967,-0.025811226009876,-0.0221285862777804,-0.0036826397320955,-2058096.1310155208,157410734.13973352,0.0098040479073301,0,0,0,0,0,1,2016-01-26 00:00:00-05:00,82,NVDA,0.6953491131073146,0.0153681701866695,1,1
2016-01-27 00:00:00-05:00,0.6991303931789398,0.7013258634098598,0.6786395121694294,0.6918122172355652,231700000,-0.0118463338642452,0.0221177655288111,0.7295860856771469,0.762699521780014,-0.0603047118257894,0.5007664751431065,37.85360563454771,-57.555509982307946,-60.86215325179148,0.3160254221942407,-0.3941467216750036,-0.024925287939072,-0.0226879266100387,-0.0022373613290332,-2038603.4806529984,154665938.58338788,-0.011917060802131,0,0,0,0,0,1,2016-01-27 00:00:00-05:00,83,NVDA,0.6899826877896447,0.0226863512404303,2,1
2016-01-28 00:00:00-05:00,0.6974228213529191,0.6998622133226581,0.6708334314348556,0.6842501163482666,276776000,-0.0109308576791491,0.0214010041451649,0.7227191984653473,0.7619007396697998,-0.0413533373099449,0.5981879237125958,36.05573441946904,-62.3527765544296,-64.17334494550028,0.2980204510837876,-0.3917487294723437,-0.0245503725647612,-0.0230604158009832,-0.0014899567637779,-2046375.5598715632,151640539.5183837,-0.0109910384574561,0,0,0,0,0,1,2016-01-28 00:00:00-05:00,84,NVDA,0.6853478223787568,0.0290287818878024,3,1
2016-01-29 00:00:00-05:00,0.6901044290357556,0.7159619874383276,0.6874211161584031,0.7144983410835266,310504000,0.0442063859582368,0.0244744720841248,0.7177184283733368,0.7614152991771698,0.0216254245305129,0.671083269736017,46.916345194503634,-31.89468542874265,-23.43657751414812,0.481152014314932,0.4096620096968926,-0.0215638953260666,-0.0227611117059999,0.0011972163799333,-412294.0837188866,165366799.1839601,0.0432571576222692,0,0,0,0,1,0,2016-01-29 00:00:00-05:00,85,NVDA,0.7016915517983653,0.0285408712799245,4,1
2016-02-01 00:00:00-05:00,0.7137666175924925,0.7184014204394484,0.7076681101459038,0.7147423624992371,289884000,0.0003415283166934,0.0244643290114795,0.7132543444633483,0.760934739112854,0.0807817501501788,0.6265178631004932,46.994559434422456,-31.65479649207711,-0.759575549103179,0.5098293703416907,0.5169742423556428,-0.0189588542389294,-0.0220006602125858,0.0030418059736564,-343289.5140345017,165465802.77851647,0.0003414700091732,0,0,0,0,1,0,2016-02-01 00:00:00-05:00,86,NVDA,0.7130347652926761,0.0107333102935446,0,2
2016-02-02 00:00:00-05:00,0.7074241025377909,0.7110831600335855,0.6796149980352687,0.6844937801361084,341908000,-0.0423209592018004,0.0256902512476458,0.7079974472522735,0.7594857382774353,0.0267106226136861,0.738955822111477,39.27038699548117,-61.2983301071575,-42.260040173340414,0.3270580461892746,-0.0122694520134131,-0.0191148046384996,-0.0214234890977686,0.0023086844592689,-1771709.9118313722,150995928.25974727,-0.0432425876285732,0,0,0,0,1,0,2016-02-02 00:00:00-05:00,87,NVDA,0.6953490790344271,0.0314681619983168,1,2
2016-02-03 00:00:00-05:00,0.6898604952932854,0.6940074544528834,0.6720529339940089,0.687908947467804,326772000,0.0049893328921359,0.0252876218530293,0.7022770583629608,0.7580611312389374,0.026200521191777,0.7062428252717444,40.46026630059727,-41.666846493030576,-55.05182445053327,0.3639454591186588,0.1819244126327236,-0.0187467204676744,-0.0208881353717497,0.0021414149040753,-1359182.630239345,152626302.54757634,0.0049769274170341,0,0,0,0,1,0,2016-02-03 00:00:00-05:00,88,NVDA,0.6830301942234461,0.0219545204588744,2,2
2016-02-04 00:00:00-05:00,0.6888847936006881,0.7037651225893929,0.6813226973340883,0.6881530284881592,348140000,0.0003548158826158,0.024024881590063,0.6982276707887649,0.756509679555893,0.0147482389355688,0.7524248625650457,40.54991862562804,-41.33331872647452,-29.02416613912954,0.3834592603167516,0.2685389321267817,-0.0182252267428381,-0.0203555536459674,0.0021303269031293,-1152874.4878585143,152749828.14895022,0.0003547529503464,0,0,0,0,1,0,2016-02-04 00:00:00-05:00,89,NVDA,0.6925439099617406,0.0224424252553046,3,2
2016-02-05 00:00:00-05:00,0.6835181604322114,0.6910802566244809,0.6427802700914326,0.6447317600250244,600428000,-0.0630982741709781,0.0262594906462169,0.6935318350791931,0.7543191027641296,-0.0710016813654091,1.2976875836738244,31.471255239499627,-97.41938607835124,-140.79341392742893,-0.0421322578841653,-0.5216708573959574,-0.021072759038184,-0.0204989947244107,-0.0005737643137732,-4712656.043990595,114863857.58501816,-0.0651768839634806,0,0,0,1,0,1,2016-02-05 00:00:00-05:00,90,NVDA,0.6669302633579568,0.0482999865330483,4,2
2016-02-08 00:00:00-05:00,0.6349740527709464,0.6381452668272736,0.6061892046164905,0.615215003490448,608852000,-0.0457814526361021,0.0275240327120092,0.6881529778242111,0.7514162218570709,-0.1125967373711164,1.315894130012217,27.03945066726746,-91.95649171726733,-249.19935964566724,-0.1697002347508566,-0.9957388991695756,-0.0254181992889975,-0.0214828356373281,-0.0039353636516694,-6606753.21621907,86989728.58462211,-0.0468625484827734,0,1,0,1,0,1,2016-02-08 00:00:00-05:00,91,NVDA,0.622167235721882,0.031956062210783,0,2
2016-02-09 00:00:00-05:00,0.607896794932073,0.6476588709654009,0.6049695026951499,0.6218013167381287,425372000,0.0107057097280023,0.027758082290276,0.68304243683815,0.7486645829677582,-0.1118467765746271,0.919344139251504,29.42759135849348,-85.16130699568927,-191.82096124204668,-0.0187478912324449,-0.7056415531304381,-0.0280076764994895,-0.0227878038097604,-0.0052198726897291,-5262698.008360286,91543637.74304192,0.0106488093632215,0,1,0,1,0,1,2016-02-09 00:00:00-05:00,92,NVDA,0.6263141868302754,0.0426893682702509,1,2
2016-02-10 00:00:00-05:00,0.6257042879606141,0.6437557664335677,0.6169224703317111,0.6203376054763794,335800000,-0.002353985465048,0.0272089536575922,0.6772488623857498,0.7457568228244782,-0.1033150470293708,0.7257547792535829,29.19885492290021,-86.45169447291487,-157.0185204986774,0.0238218682016266,-0.6037976544176848,-0.0298340566767438,-0.0241970543831571,-0.0056370022935867,-4581100.327408161,90753169.42387876,-0.0023567604445291,0,1,0,1,0,1,2016-02-10 00:00:00-05:00,93,NVDA,0.6303391183826395,0.0268332961018565,2,2
2016-02-11 00:00:00-05:00,0.6044817207813106,0.6235090077638704,0.6044817207813106,0.6171665787696838,340144000,-0.0051117757148713,0.0267004823869895,0.6724188536405563,0.7426246428489685,-0.0980394975109348,0.7351433401859163,28.678774636078685,-88.86508828021904,-162.3360402442231,0.0594881917622511,-0.5905303222593042,-0.0311779514625714,-0.0255932337990399,-0.0055847176635314,-4080743.95322446,89014429.58511959,-0.0051248855357435,0,1,0,1,0,1,2016-02-11 00:00:00-05:00,94,NVDA,0.6139953642725905,0.0190272869825598,3,2
2016-02-12 00:00:00-05:00,0.6269242192839685,0.6288757674488433,0.6037499701339798,0.6276560425758362,340816000,0.0169961630570842,0.0270198936913702,0.6688329517841339,0.7391997301578521,-0.1215430372812277,0.7365957142527966,32.93420715328239,-79.14891405371424,-125.67077531221264,0.1799035245298938,-0.3208163744605292,-0.0310387898491242,-0.0266823450090568,-0.0043564448400674,-2987069.5175413066,94806993.89358284,0.016853344254079,0,0,0,0,0,1,2016-02-12 00:00:00-05:00,95,NVDA,0.6163128687914116,0.0251257973148635,4,2
2016-02-16 00:00:00-05:00,0.6366817677892473,0.6593681728820985,0.6347302778387369,0.6583923697471619,485352000,0.0489700171533231,0.0269667240663415,0.6686865806579589,0.7365115177631378,-0.0788395871136508,1.048977169804303,43.56069878835234,-52.340420057838784,-45.03193548077009,0.420076655307374,0.2883883038392792,-0.0281241409491482,-0.0269707041970751,-0.0011534367520731,-429211.3199986541,118574689.65898256,0.047808746692354,0,0,0,0,0,1,2016-02-16 00:00:00-05:00,96,NVDA,0.6470492253604176,0.0246378950433615,1,2
2016-02-17 00:00:00-05:00,0.6666866179045586,0.6810790511474127,0.6640032454343859,0.6747366189956665,771468000,0.0248244815698293,0.0274811606320201,0.6690891027450562,0.7341843402385712,-0.0142545650867736,1.6673513640297888,48.25583220558999,-38.08482258832726,10.359186651740194,0.5438158100440027,0.614399990539371,-0.0242162663330567,-0.0264198166242714,0.0022035502912147,1433399.6227504932,137725982.8066956,0.0245213604347086,0,0,0,0,1,0,2016-02-17 00:00:00-05:00,97,NVDA,0.6725411482908994,0.0170758057130268,2,2
2016-02-18 00:00:00-05:00,0.730110554478576,0.7557241934242286,0.7293787312378707,0.7327938675880432,1068660000,0.086044312636824,0.0334372779084666,0.6722115188837051,0.7323743093013764,0.065248344690763,2.309663795107605,60.74726790712231,-15.08829941008599,151.643945979173,0.9316030703799626,1.7292187396580858,-0.0162472248933303,-0.0243852982780832,0.0081380733847529,10091979.57389032,229678097.949164,0.0825420242122892,0,0,1,0,1,0,2016-02-18 00:00:00-05:00,98,NVDA,0.7425514623310496,0.0263454621863579,3,2
2016-02-19 00:00:00-05:00,0.7288908421668091,0.7491378552400827,0.723280235998487,0.7425514459609985,525628000,0.0133155841015317,0.0334568604540062,0.6754315167665481,0.731071674823761,0.0790498845763276,1.1360245178960755,62.39057208356578,-8.667751134396001,131.56230494125612,0.9381533744953792,1.8634247441857903,-0.009040138027402,-0.0213162662279469,0.0122761282005449,9382961.978337385,236677141.7892839,0.0132277109073413,0,0,1,0,1,0,2016-02-19 00:00:00-05:00,99,NVDA,0.7362090456192849,0.0258576192415956,4,2
2016-02-22 00:00:00-05:00,0.7532849598785449,0.7774349574040356,0.7518213130903895,0.7688970565795898,449668000,0.0354798455539941,0.0339115792110336,0.6791759967803955,0.7300764060020447,0.19258442697122,0.9718543778362124,66.4719538369105,-4.915739096765159,167.18503679074337,1.01839474672856,2.268534851458163,-0.0011888943306486,-0.0172907918484873,0.0161018975178386,9734935.700809289,252631292.97985736,0.0348649381720471,0,0,1,0,1,0,2016-02-22 00:00:00-05:00,100,NVDA,0.7646281352472125,0.0256136443136461,0,2
2016-02-23 00:00:00-05:00,0.7627983964745868,0.7781665672126941,0.7591392805085254,0.7708483934402466,369380000,0.0025378389004857,0.0338835378649659,0.6830546379089355,0.7295348596572876,0.2529739831876758,0.7983302571789411,66.75968328149827,-4.19580125688657,153.39539633185575,0.9609361154674086,2.203790854489526,0.0051315758289758,-0.0128063183129946,0.0179378941419705,8447199.859206446,253568719.9129188,0.0025346240254179,0,0,1,0,1,0,2016-02-23 00:00:00-05:00,101,NVDA,0.7686529238606097,0.0190272867041686,1,2
2016-02-24 00:00:00-05:00,0.7676771765476949,0.7774347415465875,0.7464544203313955,0.7762150168418884,336852000,0.0069619700155187,0.0338717703957196,0.6868600934743881,0.728968917131424,0.2483328612325712,0.7280284362749491,67.58362050667657,-1.1189017579129223,131.35869161106717,0.9321305116944868,2.189050915245968,0.0104531383526988,-0.0081544269798559,0.0186075653325548,7498708.140189791,255913873.43658632,0.0069378473981805,0,0,1,0,1,0,2016-02-24 00:00:00-05:00,102,NVDA,0.7619445809389915,0.030980321215192,2,2
2016-02-25 00:00:00-05:00,0.7791420565954541,0.781825368650898,0.76401781249458,0.7779223322868347,349616000,0.0021995393130793,0.0336332819502132,0.6911655992269516,0.7286761856079101,0.2540305882140425,0.7556148984619435,67.85659257903572,-2.1917886449050927,124.53634662811751,0.8916288189991576,2.1572982400118104,0.014639525740367,-0.0035956364358113,0.0182351621761784,6512736.233962728,256682867.57306787,0.0021971238677473,0,0,1,0,1,0,2016-02-25 00:00:00-05:00,103,NVDA,0.772921590572739,0.017807556156318,3,2
2016-02-26 00:00:00-05:00,0.7815816692864265,0.7835331589435127,0.7649937745625024,0.7727998495101929,361964000,-0.0065848254562681,0.0335291817830465,0.6955930858850479,0.728241970539093,0.2521738475384758,0.7823022719408691,66.05921814790203,-5.970140759206914,106.76016404471945,0.8320788406088907,2.0053675986413464,0.0173439955719947,0.0005922899657498,0.0167517056062448,5317466.149715997,254299397.81161523,-0.0066066010644388,0,0,1,0,1,0,2016-02-26 00:00:00-05:00,104,NVDA,0.7742634667530075,0.0185393843810103,4,2
2016-02-29 00:00:00-05:00,0.7739015657582351,0.783939489974705,0.7672912197257731,0.7677808403968811,323344000,-0.0064945782746889,0.0324378284540425,0.6982572108507157,0.7275122249126434,0.2232509341358159,0.6988339885139085,64.26311833369644,-8.96758567984807,94.07438090512863,0.7891215930831764,1.8745510232689755,0.0188648530256611,0.0042468025777321,0.0146180504479289,4325990.059365901,252199414.89396423,-0.0065157598080637,0,0,1,0,1,0,2016-02-29 00:00:00-05:00,105,NVDA,0.775615354850239,0.0166482702489318,0,2
2016-03-01 00:00:00-05:00,0.7697396184986832,0.8018121123313904,0.7685154498864618,0.8018121123313904,348700000,0.0443242005321697,0.0336383918328097,0.7026106983423233,0.7273655307292938,0.2178332392267927,0.7536351742874459,70.18291855687588,-0.0,103.28717146484904,0.8864876103787548,2.389638160631439,0.0225561692701677,0.0079086759162192,0.0146474933539485,5403234.982822685,267655263.61953184,0.0433699781620496,1,0,1,0,1,0,2016-03-01 00:00:00-05:00,106,NVDA,0.785163781108926,0.0332966624449285,1,3
2016-03-02 00:00:00-05:00,0.7974052112970331,0.8094017957280273,0.7959362322448176,0.8064638376235962,233812000,0.0058015153683326,0.031639375190966,0.7087092012166977,0.7275558042526246,0.19522761166276,0.5053310793533017,70.89268123720379,-1.428607840433453,103.92183815575729,0.8602001708219655,2.437772183428484,0.0255622535959241,0.0114393914521602,0.0141228621437639,4786719.870136762,269011727.5308324,0.0057847513844716,1,0,1,0,1,0,2016-03-02 00:00:00-05:00,107,NVDA,0.8026690139864224,0.0134655634832097,2,3
2016-03-03 00:00:00-05:00,0.8054843394488838,0.8089119174793317,0.78859120124967,0.7993636727333069,302004000,-0.008804071006099,0.0318740718635498,0.7142819374799728,0.7278626525402069,0.0908438349305174,0.6527124668067273,68.2232455442564,-4.881125156912271,88.30554919011452,0.8019742462028792,2.1907610109607463,0.0270597452149302,0.0145634622047142,0.012496283010216,3796577.289041949,266352862.87070647,-0.008843055824649,0,0,1,0,1,0,2016-03-03 00:00:00-05:00,108,NVDA,0.7987515593645008,0.0203207162296616,3,3
2016-03-04 00:00:00-05:00,0.8054846584420307,0.8062191480782268,0.7907949824612749,0.7969157099723816,175304000,-0.0030623893034253,0.0319264075837346,0.7197200715541839,0.7277497577667237,0.0732127912578848,0.3788794396136691,67.28256607989042,-7.148323840386832,79.27697850002143,0.7666244768941632,2.058365659544632,0.0277293413888934,0.01719663804155,0.0105327033473434,3192903.72434435,265816013.7762588,-0.003067088012852,0,0,1,0,1,0,2016-03-04 00:00:00-05:00,109,NVDA,0.7985070652697508,0.0154241656169519,4,3
2016-03-07 00:00:00-05:00,0.7925084642463064,0.7978947000285328,0.7814911823554309,0.7917739748954773,239968000,-0.0064520438141224,0.027508661783041,0.7270721822977066,0.7275193870067597,0.0297529014061448,0.5186358632159731,65.2475717042517,-12.123794079754934,66.44828185749833,0.7251028102421042,1.914622535860972,0.0275277829847082,0.0192628670301817,0.0082649159545265,2560510.0661616474,264267729.72627145,-0.0064729482147308,0,0,1,0,1,0,2016-03-07 00:00:00-05:00,110,NVDA,0.7896929411919819,0.0164035176731018,0,3
2016-03-08 00:00:00-05:00,0.7836946825828481,0.7883464292052249,0.7748808683826048,0.77732914686203,274940000,-0.0182436256955201,0.0251195018027681,0.7351778894662857,0.7269366955757142,0.0084072996414512,0.5942198302798691,59.777583561933824,-37.241137952818704,52.39658646421383,0.6553958697696326,1.4722115124729904,0.0259038659532943,0.0205910668148042,0.00531279913849,1627371.3396362704,259251827.27754512,-0.018412092747052,0,0,0,0,1,0,2016-03-08 00:00:00-05:00,111,NVDA,0.7816136487939149,0.01346556082262,1,3
2016-03-09 00:00:00-05:00,0.7841845103503811,0.7854086206364683,0.7668016889896622,0.7768396735191345,222788000,-0.0006296860794059,0.0252788676952629,0.742929807305336,0.7262905526161194,0.0008047469627521,0.4815052285894795,59.59526322024575,-37.80948964597507,44.49986342729272,0.6343339586595661,1.3373441624728923,0.0242973192266473,0.0213323172971728,0.0029650019294744,1379311.3215286597,259111540.77528644,-0.000629884414949,0,0,0,0,1,0,2016-03-09 00:00:00-05:00,112,NVDA,0.7761051548130653,0.0186069316468061,2,3
2016-03-10 00:00:00-05:00,0.781491191010954,0.7858981271647383,0.7599463643865473,0.7756153345108032,286084000,-0.0015760510824388,0.0252570404218213,0.7506936937570572,0.7256345570087432,-0.0029655888258789,0.6183050335556343,59.109625619538114,-53.67413812622907,36.90618171817732,0.609724326985213,1.1368995862958216,0.022664068175457,0.0215986674728297,0.0010654007026273,1132229.1611875012,258660657.777418,-0.0015772943574277,0,0,0,0,1,0,2016-03-10 00:00:00-05:00,113,NVDA,0.7729222457756428,0.025951762778191,3,3
2016-03-11 00:00:00-05:00,0.7871223917801214,0.7890810499125781,0.7778189553585648,0.7888361811637878,277400000,0.0170456230875364,0.024973247909607,0.7592771738767624,0.7249795234203339,0.0207509507976211,0.5995365567746989,62.64913815282797,-32.67112319561442,51.48036397775216,0.6530316268502595,1.262081457658805,0.0221808299831619,0.0217150999748961,0.0004657300082657,1494405.4040947058,263389113.6219006,0.0169019765199437,0,0,0,0,1,0,2016-03-11 00:00:00-05:00,114,NVDA,0.7834500026355715,0.0112620945540132,4,3
2016-03-14 00:00:00-04:00,0.785163742866614,0.793977557981976,0.7814912955803925,0.7907947897911072,190312000,0.0024829092200484,0.0250505232298737,0.7674341112375259,0.7245051443576813,0.0299746336237429,0.411315793773996,63.15792922116486,-29.559621540496742,59.29466124882152,0.6534360647853219,1.1254008619692293,0.0217056938542478,0.0217132187507664,-7.524896518680546e-06,1334168.4499500906,263861641.0413865,0.002479831893713,0,0,0,0,0,1,2016-03-14 00:00:00-04:00,115,NVDA,0.7877344267811843,0.0124862624015834,0,3
2016-03-15 00:00:00-04:00,0.7866328217481106,0.7917741902306275,0.7729224474231555,0.7868776321411133,226216000,-0.0049534439282644,0.0237179356627895,0.7738583743572235,0.7241622161865234,-0.0186259099364972,0.4889140653473153,61.35774757058442,-45.54436788022147,42.989169676183565,0.6128481956294107,0.868583975431243,0.0207735980563326,0.0215252946118797,-0.0007516965555471,1016983.852107075,262741092.76971012,-0.0049657528963184,0,0,0,0,0,1,2016-03-15 00:00:00-04:00,116,NVDA,0.7823483188268915,0.0188517428074719,1,3
2016-03-16 00:00:00-04:00,0.781001708797952,0.8130742024623611,0.7773292613521308,0.8103810548782349,363644000,0.0298692220709948,0.0239186992387117,0.780640596151352,0.724577202796936,0.0048572757659928,0.7859332071080699,67.36781503564781,-5.069183467023557,107.48552990958042,0.8911455038663485,1.2643038200619638,0.021681504324103,0.0215565365543243,0.0001249677697787,2092683.110065756,273602856.16049504,0.0294318253172041,0,0,1,0,1,0,2016-03-16 00:00:00-04:00,117,NVDA,0.795201731907246,0.0357449411102303,2,3
2016-03-17 00:00:00-04:00,0.8074431227383871,0.8113603220272324,0.7925085815562789,0.8035258650779724,353680000,-0.0084592177457708,0.0160262273855317,0.7841771960258483,0.7246013855934144,0.0052068820320962,0.7643983035330768,64.22999620233794,-17.972380827473362,110.38854298880892,0.7996777368248283,1.0332561286027713,0.0215988914806076,0.021565007539581,3.388394102662312e-05,1447365.018833959,270611000.0281708,-0.0084951999930106,0,0,1,0,1,0,2016-03-17 00:00:00-04:00,118,NVDA,0.8019344517917557,0.0188517404709535,3,3
2016-03-18 00:00:00-04:00,0.8130739485853383,0.8385360288969009,0.8079325237665648,0.8277636170387268,545512000,0.0301642461234306,0.0169188268382107,0.7884378045797348,0.7257738423347473,0.0387091215298218,1.1789992291250164,69.618225572585,-13.707161018297684,208.5437865234551,1.1208772600381856,1.508968073977761,0.0232215209877799,0.0218963102292208,0.0013252107585591,3129453.522945544,287065958.2594557,0.0297182517845482,0,0,1,0,1,0,2016-03-18 00:00:00-04:00,119,NVDA,0.8232342763317329,0.0306035051303361,4,3
2016-03-21 00:00:00-04:00,0.8204189424292447,0.83045686698053,0.8116051279681228,0.8302120566368103,337780000,0.0029578970948767,0.0153874535804562,0.7915035545825958,0.7276051139831543,0.0485467860274231,0.7300340957006409,70.10807512094752,-10.591688248006202,176.24402016408368,1.0500642783476468,1.514592470407761,0.0244234963133287,0.0224017474460424,0.0020217488672863,2800536.437873415,288065076.74016315,0.0029535311245399,1,0,1,0,1,0,2016-03-21 00:00:00-04:00,120,NVDA,0.8210309974743264,0.0188517390124072,0,3
2016-03-22 00:00:00-04:00,0.8275190495597721,0.8346190172021505,0.818460365487714,0.8287431597709656,242012000,-0.0017693032209086,0.0154383768341098,0.7943982928991318,0.7297241342067718,0.0661418822598982,0.5230535010027341,69.3852992665911,-12.46075955018896,162.99839616852287,0.9595228635035796,1.4137228574504654,0.0249697074729552,0.0229153394514249,0.0020543680215302,2349675.42270624,287636884.1290646,-0.0017708702865346,0,0,1,0,1,0,2016-03-22 00:00:00-04:00,121,NVDA,0.8265396913449322,0.0161586517144365,1,3
2016-03-23 00:00:00-04:00,0.8324155871303051,0.849063859180244,0.8287431398418953,0.8429431915283203,429008000,0.0171344180521249,0.015715235667306,0.7977347016334534,0.7321027553081513,0.085092870849055,0.9272025203633742,72.35266799180047,-6.86808764776517,186.13214093119848,1.0392372780220844,1.7062112025522138,0.0262458616843838,0.0235814438980167,0.002664417786367,2884282.8229138115,294987686.5487706,0.016989279475286,1,0,1,0,1,0,2016-03-23 00:00:00-04:00,122,NVDA,0.8389034995110696,0.0203207193383486,2,3
2016-03-24 00:00:00-04:00,0.8353534770976072,0.8456362710167448,0.832660388031087,0.8441672921180725,244956000,0.0014521744787248,0.0157212491278209,0.8010469496250152,0.734261919260025,0.0883839637473211,0.5294162826290668,72.59922469983462,-5.494507081361301,161.57150832184527,0.9743366930961976,1.6674522471338378,0.02704424851606,0.0242740048216254,0.0027702436944346,2515078.245935173,295343405.40038115,0.001451121093043,1,0,1,0,1,0,2016-03-24 00:00:00-04:00,123,NVDA,0.8391483295239159,0.0129758829856577,3,3
2016-03-28 00:00:00-04:00,0.8426981929332055,0.85640856341119,0.8417188932643981,0.8527361750602722,265388000,0.0101506929043646,0.0155610014126067,0.8050437659025192,0.7370413076877594,0.0810054044455863,0.5735753703292134,74.32530380231798,-3.807075090605802,164.7255944372863,0.9891202008536052,1.802545206990447,0.0280451263138614,0.0250282291200726,0.0030168971937888,2480649.7402679333,298037277.4888847,0.010099520619232,1,0,1,0,1,0,2016-03-28 00:00:00-04:00,124,NVDA,0.849063728337794,0.0146896701467919,0,3
2016-03-29 00:00:00-04:00,0.8490637956861612,0.8684052137584142,0.8471051961931888,0.8664466142654419,261812000,0.0160781723657972,0.0154983126868598,0.8099770545959473,0.7403827583789826,0.095665557551686,0.5658466654733145,76.83928302219834,-1.80584572334613,163.34664634019515,1.0378406608984567,2.026745450897351,0.0296033975015672,0.0259432627963715,0.0036601347051957,2639065.135827355,302246735.9523188,0.0159502875013783,1,0,1,0,1,0,2016-03-29 00:00:00-04:00,125,NVDA,0.8577552049758015,0.0213000175652253,1,3
2016-03-30 00:00:00-04:00,0.8696295299345019,0.8875019722370363,0.8691398507922999,0.8755053877830505,376700000,0.0104550855972684,0.0127101204552152,0.8136617183685303,0.7446664702892304,0.1126321959372247,0.8141507604074588,78.34783544610002,-9.404983956524475,172.93260720481413,1.0191970337873166,2.2140079278891287,0.0312095417896181,0.0269965185950208,0.0042130231945972,2749547.2570067584,306185166.6968098,0.0104008091718483,1,0,1,0,1,0,2016-03-30 00:00:00-04:00,126,NVDA,0.8783209115146682,0.0183621214447363,2,3
2016-03-31 00:00:00-04:00,0.8794225252973839,0.881381124854652,0.8654673429300392,0.8723224997520447,379884000,-0.003635486514898,0.0128331349472247,0.8169546514749527,0.7487791967391968,0.0764349616775246,0.8210322470576774,76.46332635390061,-13.24797995946367,136.18170619713553,0.9281150093540584,2.026549417931425,0.03185834705226,0.0279688842864687,0.0038894627657913,2184022.186467132,304804103.5375843,-0.0036421109562497,1,0,1,0,1,0,2016-03-31 00:00:00-04:00,127,NVDA,0.8734242338923457,0.0159137819246127,3,3
2016-04-01 00:00:00-04:00,0.8669362663996955,0.8855432541156978,0.8603259199066774,0.8850535750389099,348292000,0.0145944593776774,0.0126689456964263,0.8212391465902329,0.7530733573436738,0.1014624587760173,0.75275337574684,78.6730058836904,-2.136854034002577,125.99665781117444,0.9524276661022804,2.238446552750711,0.0330191965310343,0.0289789467353818,0.0040402497956525,2505466.398945094,309887236.9831544,0.0144889852422611,1,0,1,0,1,0,2016-04-01 00:00:00-04:00,128,NVDA,0.8729345870111875,0.0252173342090203,4,4
2016-04-04 00:00:00-04:00,0.8923984739666373,0.8970502212240615,0.8730570538272565,0.8764846324920654,393940000,-0.0096818348499047,0.0129783022061034,0.8252175927162171,0.7570400202274322,0.0588586094513734,0.8514110712899239,73.66038326945625,-16.568079892403574,121.4335473617918,0.8487481638183098,1.872568491677342,0.0328688444775503,0.0297569262838155,0.0031119181937348,1665307.023823807,306073174.9623829,-0.0097290085451608,1,0,1,0,1,0,2016-04-04 00:00:00-04:00,129,NVDA,0.885053637525659,0.023993167396805,0,4
2016-04-05 00:00:00-04:00,0.8686501848698502,0.8833398579134506,0.8652225477957527,0.8752605319023132,339568000,-0.0013966024552783,0.0127945387038307,0.8293919205665589,0.7606650817394257,0.0542614081611803,0.7338984481285903,72.94537414972284,-18.200396442742694,95.30728552325546,0.806200990990949,1.7278143252780014,0.0322788245085151,0.0302613059287554,0.0020175185797596,1368025.2505545523,305598933.45984894,-0.0013975786134632,1,0,1,0,1,0,2016-04-05 00:00:00-04:00,130,NVDA,0.8742812028546016,0.0181173101176979,1,4
2016-04-06 00:00:00-04:00,0.8642432384237685,0.8769743116034259,0.8478397762094075,0.8764846324920654,453376000,0.0013985556815772,0.0116069656452424,0.8343496948480607,0.7643292629718781,0.0576070790548592,0.9798683704552484,73.2252642154599,-19.67215053958442,72.28584171194359,0.7863459480689335,1.6039670364137506,0.0315463573489548,0.0305183162127953,0.0010280411361594,1251875.618900973,306233005.0405397,0.0013975786134633,1,0,1,0,1,0,2016-04-06 00:00:00-04:00,131,NVDA,0.8624070439064166,0.0291345353940183,2,4
2016-04-07 00:00:00-04:00,0.8708534968956325,0.8786880116519021,0.8637535299175513,0.8674259185791016,378104000,-0.0103352797951604,0.0120950672750094,0.838879007101059,0.7676756632328033,0.0290443380963694,0.8171851847971908,67.64783610276233,-33.24177294761099,71.41770174203671,0.7041498528833636,1.2737002540175009,0.0298903519704993,0.0303927233643361,-0.0005023713938367,583731.1068655067,302325194.40887034,-0.010389059673696,0,0,0,0,0,1,2016-04-07 00:00:00-04:00,132,NVDA,0.8712207707847267,0.0149344817343508,3,4
2016-04-08 00:00:00-04:00,0.8745259866746602,0.8801570334863001,0.8644880032078751,0.8730570077896118,255936000,0.0064917234888881,0.0119771417809008,0.8437510907649994,0.7713005590438843,0.0342227375323356,0.5531470374718432,69.21743397215191,-28.08027063951048,71.41200607308954,0.7253889121965622,1.3115535222807198,0.0287014847651917,0.0300544756445072,-0.0013529908793155,706226.4413391704,303986660.15172243,0.0064707430026856,0,0,0,0,0,1,2016-04-08 00:00:00-04:00,133,NVDA,0.8723225183470876,0.015669030278425,4,4
2016-04-11 00:00:00-04:00,0.8781982532156427,0.8928879816488302,0.8755051645491457,0.8784431219100952,387524000,0.0061692582184522,0.011692873540112,0.8482314378023148,0.7751844191551208,0.0301464246523914,0.8375443569847094,70.68257270577425,-23.67621003961276,86.03124777973633,0.7455721810429943,1.3124974793889337,0.0278726151778787,0.0296181035511815,-0.0017454883733028,903515.3052087472,306377395.77356994,0.0061503062514136,1,0,0,0,0,1,2016-04-11 00:00:00-04:00,134,NVDA,0.884196573098988,0.0173828170996844,0,4
2016-04-12 00:00:00-04:00,0.8813810760989274,0.8826052445331773,0.8603258693509632,0.8774638772010803,292764000,-0.0011147502719193,0.0117684860516338,0.8525648921728134,0.7784437298774719,0.0127154550023589,0.6327423233871231,70.0299560550613,-28.673958287573463,60.09015365725517,0.7193993560022776,1.165669155124181,0.0268274629013119,0.0290599754212076,-0.0022325125198956,733486.3190374926,306051037.02496177,-0.0011153720681449,1,0,0,0,0,1,2016-04-12 00:00:00-04:00,135,NVDA,0.8714655569420703,0.0222793751822141,1,4
2016-04-13 00:00:00-04:00,0.8813812119152826,0.8997433326575953,0.8813812119152826,0.8994985222816467,350716000,0.0251117403839484,0.0123008708233949,0.8581959366798401,0.7821388530731201,0.0274048964556934,0.7579922964880869,75.50948503292794,-0.364936836496368,107.17435887429448,0.8996172507848765,1.571259619545917,0.0274606347947442,0.0287401072959149,-0.0012794725011707,1732688.642614412,314858126.1654586,0.0248016216573974,1,0,1,0,0,1,2016-04-13 00:00:00-04:00,136,NVDA,0.890562272286439,0.0183621207423126,2,4
2016-04-14 00:00:00-04:00,0.8970504032587732,0.9058642204508126,0.8933779551072638,0.9019469618797302,416564000,0.0027220051366765,0.0110537421474888,0.8627742320299149,0.7864879167079926,0.0339604471237486,0.9003076648748942,76.0338363783341,-6.106849466522056,123.03990295517885,0.890765836299397,1.5695299697977143,0.0278390850518986,0.0285599028471117,-0.000720817795213,1630866.2354889323,315992015.5132132,0.0027183071897282,1,0,1,0,0,1,2016-04-14 00:00:00-04:00,137,NVDA,0.8996210877790383,0.0124862653435487,3,4
2016-04-15 00:00:00-04:00,0.9017019329902674,0.9171260947463796,0.8987639751808862,0.9090467691421508,436972000,0.0078716460750907,0.0105666269199061,0.8680502772331238,0.7909106731414794,0.0271093126788242,0.9444148820726522,77.53579306412337,-11.53844890763784,145.5130527266113,0.9444470585328132,1.6178222345363595,0.0283847035244276,0.0285248629825749,-0.0001401594581472,1841087.770286868,319431704.4419377,0.0078408262983909,1,0,1,0,0,1,2016-04-15 00:00:00-04:00,138,NVDA,0.907945034963633,0.0183621195654934,4,4
2016-04-18 00:00:00-04:00,0.9073329605930714,0.9073329605930714,0.896315677413619,0.9051294922828674,307320000,-0.0043092137745345,0.0091794356647897,0.8719185709953308,0.7952502024173737,0.0326815311175023,0.6642017830857984,74.75220301106273,-17.31453296527906,123.06463022351753,0.8696824468183809,1.463607558254643,0.0281762206577261,0.0284551345176051,-0.0002789138598789,1406095.5853323168,318107396.86474776,-0.0043185251957763,1,0,1,0,0,1,2016-04-18 00:00:00-04:00,139,NVDA,0.9018243190033453,0.0110172831794524,0,4
2016-04-19 00:00:00-04:00,0.9085570814511792,0.9102708706999084,0.8833398050645531,0.8889708518981934,309152000,-0.0178522968508292,0.0104561523680421,0.8748565107584,0.8001349842548371,0.0156642730891587,0.6681612314347934,64.47041306015831,-40.63607858333868,87.27676099938346,0.6714954705511774,0.9164482728465584,0.0264027744989093,0.028044662513866,-0.0016418880149566,491585.3599701632,312588323.5887202,-0.0180135713993316,0,0,0,0,0,1,2016-04-19 00:00:00-04:00,140,NVDA,0.8968053378822307,0.0269310656353553,1,4
2016-04-20 00:00:00-04:00,0.8875019189588754,0.8977847133552243,0.8865226191048354,0.892398476600647,200172000,0.0038557222603359,0.0103830117632985,0.878039276599884,0.8056786537170411,0.0181564439565067,0.4326259251719719,65.55277401478915,-35.68903452784512,72.18919833347829,0.6999646772043003,0.9268490026244164,0.0249858648122953,0.0274329029735518,-0.0024470381612565,519375.2359657892,313360131.2250162,0.0038483080153301,0,0,0,0,0,1,2016-04-20 00:00:00-04:00,141,NVDA,0.8921536662300298,0.0112620942503888,2,4
2016-04-21 00:00:00-04:00,0.8926431631325309,0.8968052890850283,0.8875017958334176,0.8914190530776978,178280000,-0.0010975181475881,0.0099375931626654,0.8804630696773529,0.8110710084438324,0.0276601540081928,0.3853113819098533,64.94396273130691,-37.102623160681176,62.63831011739604,0.6686470793035303,0.8404039667810116,0.0235128805339175,0.026648898485625,-0.0031360179517074,420234.2557319069,313164465.6896642,-0.0010981208616637,0,0,0,0,0,1,2016-04-21 00:00:00-04:00,142,NVDA,0.892153542459223,0.0093034932516107,3,4
2016-04-22 00:00:00-04:00,0.894357023799317,0.9004776909069151,0.8850535304104409,0.8879914879798889,223540000,-0.0038450660056849,0.010046702387282,0.8826542794704437,0.8164240860939026,0.0171059622189939,0.4831305043309884,62.74767555643336,-42.04958118960263,51.627679426924594,0.5953235648109275,0.67301034693477,0.021817455971444,0.0256826099827888,-0.0038651540113447,250743.94748960773,312304939.6347534,-0.003852477275961,0,0,0,0,0,1,2016-04-22 00:00:00-04:00,143,NVDA,0.892765610658678,0.0154241604964742,4,4
2016-04-25 00:00:00-04:00,0.8882364084422983,0.8972950342424185,0.8857881296214126,0.892398476600647,191972000,0.0049628725955286,0.0099069923578359,0.8846373945474625,0.8219287240505219,0.0158864636109929,0.4149035035225396,64.41403977093697,-35.68903452784512,47.56711613118952,0.6573802542123236,0.7398270889691785,0.0205920545549631,0.0246644988972236,-0.0040724443422605,335783.15777740174,313257672.2126622,0.0049505981376247,0,0,0,0,0,1,2016-04-25 00:00:00-04:00,144,NVDA,0.8915415819319156,0.0115069046210058,0,4
2016-04-26 00:00:00-04:00,0.8977846121758319,0.9080674054133206,0.8892156080826639,0.8931328654289246,214536000,0.000822938236151,0.009364561202635,0.8859717071056366,0.8272382605075836,0.0178571319400917,0.4636704208515385,64.69743441500705,-42.24143328732514,69.61900348152336,0.6528008054623982,0.7112089909352455,0.019455898655931,0.0236227788489651,-0.0041668801930341,310321.68404682446,313434222.09009314,0.0008225998081383,0,0,0,0,0,1,2016-04-26 00:00:00-04:00,145,NVDA,0.8986415067479923,0.0188517973306567,1,4
2016-04-27 00:00:00-04:00,0.8909295093610032,0.9139433772775154,0.8892157200009819,0.9134536981582642,352396000,0.0227523065334525,0.0103330083202136,0.8878691226243973,0.8323394870758056,0.0155143955558916,0.7616232316552876,71.46825625785539,-6.4654612944756416,110.74449371234712,0.9964941375930269,1.2315701614027748,0.0199650634695034,0.0228912357730728,-0.0029261723035693,1288987.1821099003,321452043.90325564,0.0224973330518652,1,0,1,0,0,1,2016-04-27 00:00:00-04:00,146,NVDA,0.9015795486392486,0.0247276572765334,2,4
2016-04-28 00:00:00-04:00,0.9078225014050622,0.913208737343214,0.8840742062793047,0.8862776160240173,381224000,-0.0297509136905791,0.0125236888960645,0.8885668784379959,0.8365703070163727,-0.0173728018586112,0.8239283501077066,55.99967024515939,-54.31048645953387,40.26555579066693,0.4538089612476981,0.4505858161081104,0.017968567088009,0.02190670203606,-0.0039381349480509,-375178.8061266725,310110281.5824783,-0.0302024504399076,0,0,0,0,0,1,2016-04-28 00:00:00-04:00,147,NVDA,0.8986414718112594,0.0291345310639093,3,4
2016-04-29 00:00:00-04:00,0.8826053114660575,0.8845639110635124,0.860325934594274,0.8698742389678955,321904000,-0.018508170306399,0.0127985941950197,0.8878079116344452,0.8393119144439697,-0.0430918754721736,0.6957217583705936,49.09272971881324,-83.1895568187256,-99.4165175912555,0.1559292718834669,0.0180444395273256,0.0148910590229537,0.0205035734334388,-0.005612514410485,-1075912.2178048394,304152427.5281672,-0.0186815896063297,0,0,0,1,0,1,2016-04-29 00:00:00-04:00,148,NVDA,0.8724449228288932,0.0242379764692384,4,4
2016-05-02 00:00:00-04:00,0.8781984452850682,0.8867674505475781,0.8740363770278169,0.8813812136650085,256076000,0.0132283198899716,0.0129844588915826,0.8880527406930924,0.84208850979805,-0.0262374376487968,0.5534496154024433,53.43185106483777,-62.93095122557681,-42.76704900495521,0.3703082224103652,0.323072869871598,0.0132281426056807,0.0190484872678871,-0.0058203446622064,-501259.0363273027,307539882.7723116,0.0131415896923583,0,0,0,0,0,1,2016-05-02 00:00:00-04:00,149,NVDA,0.8804019137876975,0.0127310735197612,0,5
2016-05-03 00:00:00-04:00,0.8713431030929211,0.8750154914473752,0.8632637786672495,0.8708534240722656,224024000,-0.0119446494088133,0.0132705828085322,0.8878323853015899,0.8441276371479034,-0.0203802270763345,0.4841765594624915,49.29222485339344,-81.465739797564,-105.25734064346224,0.1762934598982824,0.0306437605389507,0.0109347161277045,0.0174257330398506,-0.006491016912146,-766575.9648126366,304863994.6331516,-0.0120165599379178,0,0,0,1,0,1,2016-05-03 00:00:00-04:00,150,NVDA,0.8691396350573124,0.0117517127801257,1,5
2016-05-04 00:00:00-04:00,0.8603260378899116,0.8610605274200362,0.8422087851377039,0.8510226011276245,525764000,-0.0227717115147905,0.0141891295482999,0.8865592837333679,0.845731121301651,-0.0463647984145297,1.1363184507429445,42.59749319235801,-88.23527428312788,-192.53088656432143,-0.0837305849924692,-0.5351027555232725,0.0074313138815386,0.0154268492081882,-0.0079955353266496,-2146541.2262203014,292891448.50028926,-0.0230349915062853,0,0,0,1,0,1,2016-05-04 00:00:00-04:00,151,NVDA,0.8516346562788701,0.0188517422823323,2,5
2016-05-05 00:00:00-04:00,0.8581223978376789,0.8662017221335658,0.8497982048496175,0.856163740158081,246884000,0.0060411310153742,0.0141173033001493,0.8859961748123169,0.8473300957679748,-0.0395496515335799,0.5335832129876162,44.69462342887877,-80.54640780116408,-147.5409615747472,0.0367639622242919,-0.364292452668477,0.0050119150770686,0.0133438623819643,-0.0083319473048956,-1658568.9127037963,294382907.08988893,0.0060229565429172,0,0,0,1,0,1,2016-05-05 00:00:00-04:00,152,NVDA,0.8579999634915917,0.0164035172839482,3,5
2016-05-06 00:00:00-04:00,0.8546949231584869,0.8671811858166002,0.852981133846897,0.8649777173995972,183240000,0.0102947331545351,0.0142423176480148,0.8855922102928162,0.8490712034702301,-0.0259166567380575,0.396031285736827,48.18933222181407,-68.25948042261625,-116.69620463568305,0.1879542422679034,-0.0969254996137681,0.0037623681574816,0.0114275635370678,-0.0076651953795861,-1190905.7552124811,296269313.9931259,0.0102421032879413,0,0,0,0,0,1,2016-05-06 00:00:00-04:00,153,NVDA,0.8600811598317486,0.0142000519697031,4,5
2016-05-09 00:00:00-04:00,0.867181075788845,0.8708534643129942,0.8566534725165535,0.8637534976005554,333336000,-0.0014153194636298,0.0141598250134892,0.8848577290773392,0.8508902764320374,-0.0320988658667448,0.7204294076750217,47.73811973896484,-69.9660765884601,-94.49257086503812,0.1920407806927079,-0.1111919116287309,0.0026428438558019,0.0096706196008146,-0.0070277757450126,-1079073.0088868954,295797537.0643974,-0.0014163219742487,0,0,0,0,0,1,2016-05-09 00:00:00-04:00,154,NVDA,0.8637534684147739,0.0141999917964406,0,5
2016-05-10 00:00:00-04:00,0.8691398148900903,0.8818708883456996,0.8608156784175331,0.8804019093513489,269676000,0.0192744941664972,0.0148491782462861,0.8850046306848526,0.8531426978111267,-0.0142542689563457,0.5828429000893067,54.04048701607034,-46.7577314174922,-46.90999278008285,0.4326331775380613,0.3738040701091225,0.0030636842279875,0.0083492325262492,-0.0052855482982616,-283537.28085919947,300995405.5532417,0.0190910939874592,0,0,0,0,0,1,2016-05-10 00:00:00-04:00,155,NVDA,0.8713432833816164,0.0210552099281664,1,5
2016-05-11 00:00:00-04:00,0.8830949196349024,0.8926431648701908,0.8781983042913478,0.8828500509262085,328176000,0.0027807090703191,0.0136763679767826,0.8841722071170807,0.8547634565830231,-0.0335032276882339,0.7092772496614764,54.90173246667343,-43.34495453839855,1.441747676067637,0.48027431539712,0.458330809645391,0.0035537820329309,0.0073901424275855,-0.0038363603946545,-128257.48224058095,301907967.5331028,0.0027768500510701,0,0,0,0,0,1,2016-05-11 00:00:00-04:00,156,NVDA,0.8854207345807693,0.0144448605788429,2,5
2016-05-12 00:00:00-04:00,0.8892155409592177,0.8931327980097797,0.8551844542415777,0.8708534240722656,670540000,-0.0135885214497717,0.013936339345461,0.8826175302267074,0.8560512483119964,-0.0174033414281036,1.4492186113183363,49.96101436979567,-60.068583259338816,-46.06914114745936,0.3214919319827712,0.1679021564771624,0.0029402669797039,0.0065001673380092,-0.0035599003583052,-1259109.009155191,292796320.36017287,-0.0136816903888537,0,0,0,0,0,1,2016-05-12 00:00:00-04:00,157,NVDA,0.8741586261256787,0.037948343768202,3,5
2016-05-13 00:00:00-04:00,0.9594812909055188,1.0037951750944034,0.9548296023554116,1.0033055543899536,2110256000,0.1520946311473614,0.0371340451396735,0.8873304694890976,0.8601300859451294,0.1533915012592788,4.560834953688352,75.82671304091579,-0.3030086287471392,371.97655536509706,1.444373347677275,3.463967538872652,0.0129920673823792,0.0077985473468832,0.0051935200354959,38850464.09439312,613754928.3066792,0.1415817039931717,1,0,1,0,1,0,2016-05-13 00:00:00-04:00,158,NVDA,0.9793123887249076,0.0489655727389918,4,5
2016-05-16 00:00:00-04:00,0.9957155722137616,1.047864015225442,0.9925328050357216,1.0329294204711914,973032000,0.0295262654050092,0.0374307369217335,0.8937204658985138,0.8648503601551056,0.1719439947851924,2.1029857783402983,78.5031554561491,-7.261957183330092,357.4164225226018,1.288951726439178,3.702120799109117,0.02308250923845,0.0108553397251966,0.0122271695132534,37418250.60387396,642484929.3862462,0.0290987599383182,1,0,1,0,1,0,2016-05-16 00:00:00-04:00,159,NVDA,1.0201984101305817,0.0553312101897203,0,5
2016-05-17 00:00:00-04:00,1.028277850559235,1.0424779001449398,1.015057159019935,1.0351331233978271,628392000,0.0021334496655449,0.0369896880563674,0.9010285794734956,0.8697175431251526,0.1886421925716963,1.3581253640402544,78.69215369091239,-6.190405088255445,250.3739269552679,1.1235104736763568,3.592746824064857,0.0309008715045795,0.0148644460810731,0.0160364254235063,32270613.273245465,643825572.0884774,0.0021311770935119,1,0,1,0,1,0,2016-05-17 00:00:00-04:00,160,NVDA,1.0287675295824374,0.0274207411250047,1,5
2016-05-18 00:00:00-04:00,1.0282779201157175,1.073571219006909,1.0282779201157175,1.0615745782852173,541072000,0.0255440138951363,0.0371717862810748,0.909487384557724,0.8754024517536163,0.2474105586368757,1.1694031861831289,80.86589638822477,-5.185215473862979,209.8946275516494,1.093461782827583,3.758172151462525,0.0387835121712868,0.0196482592991159,0.0191352528721709,29704344.35975754,657646722.7747467,0.0252232170584672,1,0,1,0,1,0,2016-05-18 00:00:00-04:00,161,NVDA,1.0509245695613134,0.0452932988911918,2,5
2016-05-19 00:00:00-04:00,1.0574128447536866,1.0738164279567342,1.055943982154151,1.0662267208099363,398880000,0.0043823040037695,0.0371110520630395,0.918227767944336,0.8811901926994323,0.245353745783569,0.8620877496982404,81.2287357964606,-3.27696748450048,171.09389320101033,1.0111159245377028,3.616384984152596,0.044888503981405,0.0246963082355737,0.0201921957458313,25725958.96697218,659394736.1957703,0.004372729671145,1,0,1,0,1,0,2016-05-19 00:00:00-04:00,162,NVDA,1.0648802050554425,0.0178724458025831,3,5
2016-05-20 00:00:00-04:00,1.0728369498814698,1.0897301520677878,1.0711231602965576,1.0853232145309448,391084000,0.0179103499736923,0.0370149121233788,0.9280943542718888,0.8873843502998352,0.2547412409579492,0.8452384815056825,82.68059531123839,-1.7804271168588708,151.1350966092379,0.9877970408471044,3.793422003069042,0.0506834343405079,0.0298937334565605,0.0207897008839473,23117726.707459982,666399187.5048817,0.0177518493915452,1,0,1,0,1,0,2016-05-20 00:00:00-04:00,163,NVDA,1.0804266561821727,0.0186069917712301,4,5
2016-05-23 00:00:00-04:00,1.0899748060043792,1.0941368157946278,1.0804265010834893,1.0870368480682373,413636000,0.0015789153999006,0.0370501790428566,0.9378262728452682,0.8933483636379242,0.2585035558037645,0.8939794635834871,82.80908816884016,-2.818252382585919,129.23199648865076,0.9279462184939172,3.6126524186112814,0.0547827330596972,0.0348715333771879,0.0199111996825093,19916454.395227347,667052283.7552351,0.0015776702234937,1,0,1,0,1,0,2016-05-23 00:00:00-04:00,164,NVDA,1.0872816584390586,0.0137103147111385,0,5
2016-05-24 00:00:00-04:00,1.090350259104664,1.11686041983007,1.087404672685589,1.1134238243103027,415788000,0.0242742242721187,0.0370982207283722,0.9488408207893372,0.8998009443283081,0.2646767487483492,0.8986305186309967,84.69235078446535,-1.2868145798981006,122.69000135320351,0.935690108269447,3.867149506987983,0.0594750736588884,0.039792241433528,0.0196828322253604,18638587.778442856,677145214.9168909,0.0239842879068031,1,0,1,0,1,0,2016-05-24 00:00:00-04:00,165,NVDA,1.1021325462578295,0.0294557471444809,1,5
2016-05-25 00:00:00-04:00,1.1168605427143563,1.1215242518370427,1.0999234774642834,1.1087602376937866,458076000,-0.0041885098151235,0.037164529079419,0.9586061477661132,0.9062385964393616,0.2558873803434378,0.990026343839679,82.96249896648487,-4.753059485860478,109.01883786549618,0.8746498755562786,3.586596938719006,0.0621016062653829,0.044254114399899,0.0178474918654839,15670749.938244272,675226559.0948184,-0.0041973061934296,1,0,1,0,1,0,2016-05-25 00:00:00-04:00,166,NVDA,1.1107238646506632,0.0216007743727593,2,5
2016-05-26 00:00:00-04:00,1.1107239812850562,1.128642831689482,1.107532948320722,1.1205425262451172,309964000,0.010626543188307,0.0359486032316613,0.9703193932771684,0.9124418258666992,0.2867177130742173,0.6699161834322739,83.85946682703275,-2.962171252518257,101.88145160895594,0.8588692155333502,3.649250103975601,0.0643916180065844,0.0482816151212361,0.0161100028853483,13953797.845427182,678520404.9276388,0.0105704783123796,1,0,1,0,1,0,2016-05-26 00:00:00-04:00,167,NVDA,1.118087890005102,0.0211098833687597,3,5
2016-05-27 00:00:00-04:00,1.1217701467956742,1.1283976604053063,1.118088103754299,1.1266794204711914,277416000,0.0054767169316087,0.035257948520731,0.983159652352333,0.9189048969745636,0.1229673906831438,0.5995711371096246,84.32243720292482,-0.7179927112178203,95.36003626028462,0.8345126482382501,3.604334289057512,0.0659415319528355,0.051813598487556,0.0141279334652795,12203608.53159767,680039733.8319379,0.0054617742504966,1,0,1,0,1,0,2016-05-27 00:00:00-04:00,168,NVDA,1.1232428820798026,0.0103095566510078,4,5
2016-05-31 00:00:00-04:00,1.1315884833114151,1.1492618886596668,1.1308520280218282,1.1468071937561035,412524000,0.0178646853037347,0.0352708723730389,0.996430951356888,0.9252857685089112,0.1102473906038656,0.8915761303061495,85.76466781459567,-0.8347103913024083,97.4872597271684,0.8410639270944981,3.7151644392598313,0.0680100158827081,0.0550528819665864,0.0129571339161217,11646405.819453016,687409345.2721758,0.0177069871949135,1,0,1,0,1,0,2016-05-31 00:00:00-04:00,169,NVDA,1.1400569583407476,0.0184098606378386,1,5
2016-06-01 00:00:00-04:00,1.1414069669769429,1.160062155638605,1.137970487935223,1.1490163803100586,387132000,0.0019263800977036,0.0348722301872623,1.0103390991687775,0.931661854982376,0.1100179815890822,0.8366971387790293,85.91779355781325,-3.623018435894751,93.84395872309535,0.8121977623892954,3.405681267923231,0.0690318114402432,0.0578486678613178,0.0111831435789254,10104811.675103404,688155108.65216,0.0019245270070195,1,0,1,0,1,0,2016-06-01 00:00:00-04:00,170,NVDA,1.149016321786914,0.022091667703382,2,6
2016-06-02 00:00:00-04:00,1.1551528489582064,1.1669351962340313,1.1438615108497312,1.1571166515350342,329208000,0.0070497439059917,0.0338167939922713,1.025643801689148,0.9382293248176574,0.0900003402532001,0.7115076812641855,86.49156318168748,-4.629083335075037,92.92577197606036,0.8012291093060554,3.2357229437637627,0.0696918516877092,0.060217304626596,0.0094745470611131,9042220.591436028,690475940.7439638,0.007025010635536,1,0,1,0,1,0,2016-06-02 00:00:00-04:00,171,NVDA,1.1553983535418813,0.0230736853843001,3,6
2016-06-03 00:00:00-04:00,1.1458253795549105,1.1472980560030943,1.1207880071951004,1.1409159898757937,461076000,-0.0140008888799144,0.0344183991802719,1.0398814141750337,0.9441887807846068,0.0700500818523106,0.9965101566382518,79.5136374667796,-14.919065145529968,74.47745590104786,0.7415874035234505,2.579579361631034,0.0681224076274344,0.0617983252267637,0.0063240824006707,6683369.610488585,684020466.9027684,-0.0140998258808354,1,0,1,0,1,0,2016-06-03 00:00:00-04:00,172,NVDA,1.1340430315990977,0.0265100488079941,4,6
2016-06-06 00:00:00-04:00,1.1438616690467611,1.1526984307257613,1.1291338499613957,1.1350250244140625,322512000,-0.0051633647998677,0.0347014852387297,1.0533837795257568,0.9500059354305268,0.0457944778271399,0.697035811097771,77.07849578830397,-21.010392552668,72.3946216343493,0.707534762063834,2.154894062100059,0.0656465279122955,0.0625679657638701,0.0030785621484254,5457187.229991105,682355219.7944334,-0.0051767410320068,1,0,0,0,1,0,2016-06-06 00:00:00-04:00,173,NVDA,1.1409161403435784,0.0235645807643656,0,6
2016-06-07 00:00:00-04:00,1.1418980381261463,1.1482801050745008,1.1367433187554694,1.1372342109680176,193400000,0.0019463769577199,0.0346299135342055,1.06705781519413,0.9556958961486816,0.0461781612913909,0.4179897984146603,77.3585342919521,-21.420430357127746,70.668530093761,0.6956773461792692,1.934556085972937,0.0631348589385014,0.0626813443987964,0.000453514539705,4738625.722783078,682731649.0980564,0.0019444852203807,1,0,0,0,1,0,2016-06-07 00:00:00-04:00,174,NVDA,1.142511711914985,0.0115367863190314,1,6
2016-06-08 00:00:00-04:00,1.137479684739471,1.1416526197865438,1.124224658307832,1.133552312850952,234616000,-0.0032375900070148,0.0348274921710742,1.07971533536911,0.9610380101203918,0.0180780113566527,0.5070687411833192,75.69861629428003,-30.07705038621661,60.028576815001536,0.668802585208837,1.6155335497820806,0.0601538288791705,0.0621758412948712,-0.0020220124157006,3938274.589723578,681972058.6809707,-0.0032428423412086,1,0,0,0,0,1,2016-06-08 00:00:00-04:00,175,NVDA,1.1329386390471878,0.0174279614787116,2,6
2016-06-09 00:00:00-04:00,1.129624961816993,1.1647262144883708,1.1271702665566186,1.1630079746246338,472168000,0.0259852689988333,0.0348469857889383,1.0937232315540313,0.9667880618572235,0.0489264812054246,1.0204829738255083,79.49020647880943,-4.098881284560526,78.22741643775059,0.7562149110261601,1.8717690723850844,0.0594824896992001,0.061637170975737,-0.0021546812765369,5362524.063813884,694241471.1736118,0.0256533889445628,1,0,1,0,0,1,2016-06-09 00:00:00-04:00,176,NVDA,1.1459482405224946,0.0375559479317522,3,6
2016-06-10 00:00:00-04:00,1.1492619254745284,1.1595713634886329,1.1325703039159751,1.1340430974960327,400024000,-0.0249051406014215,0.0354127756919637,1.1068827152252196,0.9720224738121032,0.0120482453228751,0.8645602436454295,68.21871222464215,-38.02172565516091,63.869087312684094,0.6520257483453675,1.0801748970366865,0.0559680600898282,0.0605033487985552,-0.004535288708727,2941214.0534845414,684278817.2096688,-0.0252205210259698,0,0,0,0,0,1,2016-06-10 00:00:00-04:00,177,NVDA,1.146070833702304,0.0270010595726575,4,6
2016-06-13 00:00:00-04:00,1.135270215541814,1.1708624662661389,1.135270215541814,1.1485252380371094,475588000,0.0127703617023491,0.0140371819316453,1.1141436994075775,0.9772919070720671,0.0193895594159176,1.0278745204158817,70.47311375409781,-26.76470018042184,77.53017550404378,0.7224921592336936,1.2201203413717956,0.0537320474180722,0.0591490885224586,-0.0054170411043864,3504973.7966509736,690352247.9909656,0.0126895082575744,1,0,0,0,0,1,2016-06-13 00:00:00-04:00,178,NVDA,1.1530663409039763,0.0355922507243249,0,6
2016-06-14 00:00:00-04:00,1.1458255090313685,1.1561349476113625,1.1330613753344394,1.150734782218933,298344000,0.0019238098638563,0.0130124374274399,1.1200339674949646,0.9827769100666046,0.0034248027778458,0.6448022151924685,70.81328655781638,-28.37323224810236,64.36887383172171,0.7220347920951915,1.1866411124362843,0.0515441145482313,0.0576280937276132,-0.0060839791793818,3098435.289898266,690926205.120988,0.0019219617116095,1,0,0,0,0,1,2016-06-14 00:00:00-04:00,179,NVDA,1.144598161472901,0.023073572276923,1,6
2016-06-15 00:00:00-04:00,1.1603077007295477,1.172580823252723,1.1475435690321183,1.1625168323516846,301036000,0.010238719047001,0.0130284446159535,1.1264031529426577,0.988522036075592,0.011749573176653,0.6506203565437212,72.62441091610364,-15.471667462709703,95.7342667854588,0.8036272734258861,1.3028051077858955,0.0501824034551197,0.0561389556731145,-0.0059565522179948,3162490.4261646527,694008428.148021,0.0101866584176894,1,0,1,0,0,1,2016-06-15 00:00:00-04:00,180,NVDA,1.160062196142421,0.0250372542206045,2,6
2016-06-16 00:00:00-04:00,1.1539258692873595,1.1691445817624122,1.142634528726414,1.1671808958053589,246456000,0.004012039502464,0.0121818871498486,1.1316834688186646,0.994335961341858,0.0086976920235082,0.5326581890283533,73.32994065857129,-9.90944753183094,90.63028149153315,0.8286111858218292,1.3230929197801773,0.0489157185898112,0.0546943082564538,-0.0057785896666426,2874918.425646668,694997219.3556403,0.0040040127339583,1,0,1,0,0,1,2016-06-16 00:00:00-04:00,181,NVDA,1.155889555244413,0.0265100530359982,3,6
2016-06-17 00:00:00-04:00,1.1686535336218946,1.1688989797029918,1.1421433670763694,1.1468071937561035,471000000,-0.0174554793712566,0.0131627165022484,1.135712492465973,0.999923586845398,0.0051635737710638,1.0179586093759307,65.40081667817923,-49.76294293004809,67.14648598319206,0.6227868452181952,0.7681271864538548,0.0457406050009274,0.0529035676053485,-0.0071629626044211,1093356.6983829616,686775688.5717784,-0.0176096226483101,0,0,0,0,0,1,2016-06-17 00:00:00-04:00,182,NVDA,1.1555211733896806,0.0267556126266224,4,6
2016-06-20 00:00:00-04:00,1.165216501748395,1.1823988897387956,1.164480046808098,1.1674256324768066,293768000,0.0179789931846976,0.0131666165314263,1.139817613363266,1.0058109593391418,0.0285461618605902,0.6349122394037121,69.04834189916713,-24.302942343618813,137.96079438298534,0.838090330791386,1.1209531399593335,0.0443764956768049,0.0511981532196398,-0.0068216575428349,1802453.9566287552,692057341.4416606,0.0178192825369291,0,0,0,0,0,1,2016-06-20 00:00:00-04:00,183,NVDA,1.1734394682734468,0.0179188429306975,0,6
2016-06-21 00:00:00-04:00,1.1723356830225184,1.1755267167793386,1.1585896464368637,1.160308003425598,212508000,-0.0060968586376741,0.0133434554830369,1.143481171131134,1.0114482569694518,0.0202893935436043,0.4592873633997033,66.444262636471,-35.85549403148108,107.8698518802504,0.749166521860635,0.8782863352959722,0.0422342459324323,0.0494053717621983,-0.007171125829766,1328881.517908331,690761710.2062858,-0.0061155203709284,0,0,0,0,0,1,2016-06-21 00:00:00-04:00,184,NVDA,1.167058181608101,0.0169370703424751,1,6
2016-06-22 00:00:00-04:00,1.162762317191931,1.170371730660611,1.15736215246535,1.1593258380889893,202620000,-0.0008464695009507,0.0124207136071687,1.1457762718200684,1.01708549618721,0.0227369526274576,0.4379167164156073,66.07395286671841,-37.44963665054245,89.56416540048878,0.7154679741058244,0.8067652187845882,0.03999619381603,0.0475235361729646,-0.0075273423569346,1110611.8238494706,690590198.5560032,-0.0008468279585553,0,0,0,0,0,1,2016-06-22 00:00:00-04:00,185,NVDA,1.1638669415629803,0.013009578195261,2,6
2016-06-23 00:00:00-04:00,1.1703716759540048,1.1914815587755452,1.1696352207256324,1.1902542114257812,297880000,0.0266778953083404,0.0134719815054429,1.1498509705066682,1.0229006099700928,0.0234273860503333,0.6437993854796226,71.46677090806946,-1.824864573343107,189.5497451429307,1.1252789134682966,1.4184096448881356,0.0402541577651907,0.0460696604914099,-0.0058155027262191,2268087.8275229177,698537010.0104517,0.0263282452462082,1,0,1,0,0,1,2016-06-23 00:00:00-04:00,186,NVDA,1.180558389750589,0.0218463380499127,3,6
2016-06-24 00:00:00-04:00,1.141407498282776,1.162517391541272,1.1119518496029692,1.1225067377090454,1017684000,-0.0569184910806427,0.0189717283207566,1.1499491810798643,1.027311805486679,-0.0101727701640789,2.199490848034256,51.9767489947269,-86.72837079892679,-103.19307705227112,0.0706924847746931,-0.0797910184208026,0.0345931725540504,0.043774362903938,-0.0091811903498875,-7905284.72525787,640611972.3335389,-0.0586025643264975,0,0,0,1,0,1,2016-06-24 00:00:00-04:00,187,NVDA,1.1372346205721209,0.0505655419383026,4,6
2016-06-27 00:00:00-04:00,1.1131789026386631,1.12177021991556,1.0940326989422522,1.1104788780212402,449088000,-0.010715178166639,0.0190826151332479,1.149139153957367,1.031340447664261,-0.0331262725065514,0.9706008406951548,49.400885565614445,-83.12327193245491,-220.8905738491608,-0.052925536469294,-0.2877744242292834,0.0288042161593544,0.0407803335550213,-0.0119761173956668,-7547610.829003468,635799914.4010394,-0.0107729991002202,0,0,0,1,0,1,2016-06-27 00:00:00-04:00,188,NVDA,1.107901459428906,0.0277375209733079,0,6
2016-06-28 00:00:00-04:00,1.1315886941467084,1.13281592478085,1.111215144017838,1.1266794204711914,381920000,0.0145887893687981,0.0189296967257909,1.1481327652931212,1.0357714462280274,-0.020904349220553,0.8254325946769755,52.79427920320412,-66.49861108196814,-124.70631551401486,0.2045266366950378,0.0632681451074979,0.0252328068015763,0.0376708282043323,-0.0124380214027559,-5585479.114505066,641371664.8367708,0.0144833967781509,0,0,0,0,0,1,2016-06-28 00:00:00-04:00,189,NVDA,1.122015534399344,0.021600780763012,1,6
2016-06-29 00:00:00-04:00,1.1364975949949894,1.1539255517920572,1.1335520083467134,1.145088791847229,318932000,0.0163394937739598,0.0193060421461977,1.1479363858699798,1.040893805027008,-0.0149916457288622,0.6892984611581408,56.37462203225236,-47.60729577306587,-19.319098430309968,0.4608034939114869,0.4395780821628563,0.0236156945449772,0.0348598014724613,-0.011244106927484,-3948791.007903996,646582852.2650874,0.0162074407567905,0,0,0,0,0,1,2016-06-29 00:00:00-04:00,190,NVDA,1.1437387800693857,0.0203735434453438,2,6
2016-06-30 00:00:00-04:00,1.1470525821160011,1.1610440614511337,1.1377250462722022,1.1539256572723389,430940000,0.0077171879491149,0.0193194262040365,1.147776836156845,1.046124348640442,-0.0113566273922551,0.9313780958056552,58.02054950936685,-38.53908764807888,15.623818546905191,0.5849526905249302,0.6236736768236604,0.0227845366622376,0.0324447485104165,-0.0096602118481789,-2840655.323018162,649908497.2398789,0.0076875627719506,0,0,0,0,0,1,2016-06-30 00:00:00-04:00,191,NVDA,1.1493845538616678,0.0233190151789313,3,6
2016-07-01 00:00:00-04:00,1.1475436117343378,1.1625168756110866,1.1414069917212517,1.1453343629837036,218488000,-0.0074452753819023,0.0191232463300137,1.1479977548122406,1.051202654838562,-0.0012842880480858,0.4722117635781918,55.81572952816569,-47.35529576311736,6.688177213822228,0.4630835209101639,0.4354249693925118,0.021188346336072,0.0301934680755476,-0.0090051217394756,-2703003.806377759,648281793.9122378,-0.0074731297865891,0,0,0,0,0,1,2016-07-01 00:00:00-04:00,192,NVDA,1.1519619336661693,0.0211098838898349,4,7
2016-07-05 00:00:00-04:00,1.1389518983167817,1.1642347077406576,1.129869811558314,1.1622710227966309,371084000,0.0147875243774278,0.0193385723601469,1.149360054731369,1.056688245534897,-0.0044153644881342,0.8020130628485305,59.114235489868655,-29.97524653329465,16.308216666034863,0.6789782208046464,0.762856032119356,0.0210473798110637,0.0283642504226508,-0.0073168706115871,-1419014.195463752,653769207.6083112,0.0146792549912569,0,0,0,0,0,1,2016-07-05 00:00:00-04:00,193,NVDA,1.147052259649486,0.0343648961823435,1,7
2016-07-06 00:00:00-04:00,1.154171492533586,1.176508730969763,1.1482803167119875,1.1696356534957886,273104000,0.0063364142740451,0.019370379439235,1.1509801268577575,1.0622329890727995,0.0080389431449685,0.5902517368471426,60.49527628109717,-22.41781516697956,78.77714242523705,0.7545062302039366,0.8737762538335435,0.021284571679881,0.0269483146740969,-0.0056637429942158,-928967.8671885348,655499707.69221,0.006316423602795,0,0,0,0,0,1,2016-07-06 00:00:00-04:00,194,NVDA,1.1623945238408753,0.0282284142577755,2,7
2016-07-07 00:00:00-04:00,1.177489855012784,1.2042454603054653,1.1720896915699894,1.2000725269317627,395400000,0.0260225253436869,0.0200788479522012,1.154306137561798,1.0683717823028565,0.0351468823553,0.8545665268518959,65.65815326210878,-3.7862524467111833,193.98699856773973,1.051719229395366,1.3813531571242217,0.0236558592394608,0.0262898235871697,-0.0026339643477088,922990.364778994,665789014.2131038,0.0256897010335914,0,0,1,0,0,1,2016-07-07 00:00:00-04:00,195,NVDA,1.1881675759377273,0.0321557687354758,3,7
2016-07-08 00:00:00-04:00,1.2128366869371496,1.2540746615126932,1.2081728614169236,1.2481834888458252,481932000,0.0400900452550716,0.021146157020609,1.1585649132728577,1.0750663781166077,0.0486696680960714,1.04158562321393,71.9078201930505,-3.6810175108138026,295.7464249845348,1.2690193542243495,2.181232903604881,0.0290820346682938,0.0268482658033945,0.0022337688648992,4103450.612263133,685109689.9029709,0.0393072913813087,1,0,1,0,1,0,2016-07-08 00:00:00-04:00,196,NVDA,1.2311237614648085,0.0459018000957696,4,7
2016-07-11 00:00:00-04:00,1.2661025869074702,1.2862305691005078,1.264629793448676,1.2769030332565308,448776000,0.0230090725180653,0.0204303204683163,1.1657079100608825,1.082878886461258,0.1375459855702931,0.9699265241641032,74.85012248942547,-4.85309011816664,310.26005770116296,1.2255670625908195,2.6110084941923866,0.0352929103029253,0.0285371947033007,0.0067557155996246,5358477.990862514,695435609.4313382,0.0227483554717725,1,0,1,0,1,0,2016-07-11 00:00:00-04:00,197,NVDA,1.2754301812745918,0.0216007756518317,0,7
2016-07-12 00:00:00-04:00,1.2911402022298593,1.3078317085166025,1.2749394711269113,1.2960494756698608,436760000,0.0149944372553492,0.0204742535206915,1.17308412194252,1.0914023911952973,0.1671086243254698,0.9439566926348864,76.60903868920857,-5.510892155299841,249.3930554260351,1.1483472889372697,2.849210067311548,0.041284134080376,0.0310865825787157,0.0101975515016602,5787609.733374448,701984579.8469845,0.0148831319421306,1,0,1,0,1,0,2016-07-12 00:00:00-04:00,198,NVDA,1.2913855898217568,0.0328922373896911,1,7
2016-07-13 00:00:00-04:00,1.2985032036858477,1.3058671675475304,1.2935939334601372,1.2955576181411743,324604000,-0.0003795052101944,0.0205063922469129,1.180325263738632,1.0996859192848203,0.1498901946743254,0.7015571898893092,76.46109865135807,-5.740948192353407,195.87188096417856,1.033048758069818,2.7427109642008065,0.0454684018629236,0.0339629464355573,0.0115054554273663,4937999.925572133,701861390.9377345,-0.0003795772405212,1,0,1,0,1,0,2016-07-13 00:00:00-04:00,199,NVDA,1.299730550503834,0.0122732340873932,2,7
