source_type,label,workflow_type,prompt,context_pack_hash,asset_summary,content,registry_metadata,source_path,source_hash,draft,review,user_edits,quality_signals,assistant_success,assistant_quality_label
assistant_interaction,positive,model_generation,something,5924cc0d09d219f3f12ab7122e89dc3507c2ac568b5a10f9702aff026e91389d,,,{},,,"{
  ""draft_id"": ""draft_75e8680bd3b7"",
  ""session_id"": null,
  ""draft_type"": ""model_generation"",
  ""title"": ""Generated Model Draft"",
  ""summary"": ""Creates a scikit-learn joblib artifact and matching LearningModel metadata for the Create workspace."",
  ""prompt"": ""something"",
  ""status"": ""draft"",
  ""provider"": ""assistant_model_28"",
  ""created_at"": ""2026-05-03T13:36:21.924946"",
  ""code"": ""# Assistant model draft\n# something\n\nimport base64\nimport io\nimport joblib\nfrom sklearn.ensemble import RandomForestRegressor\n\nmodel = RandomForestRegressor(n_estimators=80, random_state=42)\nbuffer = io.BytesIO()\njoblib.dump(model, buffer)\nbuffer.seek(0)\n\njoblib_bytes = base64.b64encode(buffer.getvalue()).decode(\""utf-8\"")\nname = \""assistant_generated_model\""\ndescription = \""Scikit-learn model artifact drafted by the Amanaje assistant.\""\nobject_type = \""learning_model\""\npath = \""generated/assistant_generated_model.joblib\""\nversion = 1\nmodel_type = \""supervised_model\""\nparameters = {\""framework\"": \""sklearn\"", \""estimator_class\"": \""RandomForestRegressor\"", \""n_estimators\"": 80, \""random_state\"": 42}\nmetrics = {\""task\"": \""regression\"", \""status\"": \""untrained_template\""}\nreference_data = \""assistant_generated_dataset.csv\""\ninput_features = [\""feature_a\"", \""feature_b\""]\noutput_features = [\""target\""]\nis_trained = False\nis_tested = False\nis_deployed = False"",
  ""operations"": [],
  ""registry_payload"": {},
  ""registry_type"": null,
  ""form_payload"": {},
  ""training_request"": {},
  ""study_request"": {},
  ""execution_profile"": ""model_generation"",
  ""materialized_outputs"": [
    ""joblib_bytes"",
    ""name"",
    ""parameters"",
    ""metrics"",
    ""input_features"",
    ""output_features""
  ],
  ""artifacts"": {
    ""context_pack"": {
      ""id"": ""ctx_ffb9d2489520"",
      ""hash"": ""5924cc0d09d219f3f12ab7122e89dc3507c2ac568b5a10f9702aff026e91389d"",
      ""version"": ""assistant-context-pack-v1"",
      ""payload"": {
        ""context_pack_id"": ""ctx_ffb9d2489520"",
        ""version"": ""assistant-context-pack-v1"",
        ""prompt"": ""something"",
        ""workflow_goal"": null,
        ""target_type"": ""model_generation"",
        ""provider"": ""assistant_model_28"",
        ""registry_type"": null,
        ""form_values"": {},
        ""constraints"": {
          ""max_references"": 8
        },
        ""safety_profile"": ""model_generation"",
        ""allowed_imports"": [
          ""base64"",
          ""io"",
          ""joblib"",
          ""numpy"",
          ""pandas"",
          ""sklearn""
        ],
        ""allowed_dependencies"": [
          ""joblib"",
          ""numpy"",
          ""pandas"",
          ""scikit-learn""
        ],
        ""content_references"": [
          {
            ""reference_id"": ""ref_system_project_schema_model_generation"",
            ""source_type"": ""project_schema"",
            ""name"": ""assistant_workflow_draft"",
            ""summary"": ""WorkflowDraft is the structured output contract for assistant providers."",
            ""trust_level"": ""system"",
            ""uri"": null,
            ""metadata"": {
              ""target_type"": ""model_generation""
            },
            ""content_hash"": null,
            ""tags"": [],
            ""created_at"": ""2026-05-03T13:36:01.901688""
          },
          {
            ""reference_id"": ""ref_system_safety_model_generation"",
            ""source_type"": ""safety_profile"",
            ""name"": ""model_generation"",
            ""summary"": ""Allowed imports, dependencies, and required outputs for assistant-reviewed code."",
            ""trust_level"": ""system"",
            ""uri"": null,
            ""metadata"": {
              ""allowed_imports"": [
                ""numpy"",
                ""sklearn"",
                ""joblib"",
                ""pandas"",
                ""io"",
                ""base64""
              ],
              ""allowed_dependencies"": [
                ""numpy"",
                ""joblib"",
                ""pandas"",
                ""scikit-learn""
              ],
              ""required_outputs"": [
                ""joblib_bytes""
              ]
            },
            ""content_hash"": null,
            ""tags"": [],
            ""created_at"": ""2026-05-03T13:36:01.901723""
          },
          {
            ""reference_id"": ""ref_system_alignment_contracts"",
            ""source_type"": ""alignment_contracts"",
            ""name"": ""assistant_alignment_contracts"",
            ""summary"": ""The five alignment contracts that every private assistant draft is evaluated against."",
            ""trust_level"": ""system"",
            ""uri"": null,
            ""metadata"": {
              ""output_alignment"": ""Every response must validate as WorkflowDraft and include the required workflow outputs."",
              ""safety_alignment"": ""Generated code must pass assistant_safety.py before approval or execution."",
              ""registry_alignment"": ""Registry drafts must map to the supported manual registry object payloads."",
              ""dependency_alignment"": ""Drafted code must stay inside allowed imports, dependencies, and artifact formats."",
              ""mlflow_alignment"": ""Drafts, evals, context packs, prompt versions, and model versions must be traceable.""
            },
            ""content_hash"": null,
            ""tags"": [],
            ""created_at"": ""2026-05-03T13:36:01.901743""
          },
          {
            ""reference_id"": ""ref_system_prompt_model_generation"",
            ""source_type"": ""prompt_template"",
            ""name"": ""amanaje-assistant-template-v1"",
            ""summary"": ""Draft safe Python code that creates a scikit-learn joblib artifact as base64 joblib_bytes plus LearningModel metadata. The artifact is a template, must not train on hidden data, and must match project dependency constraints."",
            ""trust_level"": ""system"",
            ""uri"": null,
            ""metadata"": {
              ""prompt_template_version"": ""amanaje-assistant-template-v1""
            },
            ""content_hash"": null,
            ""tags"": [],
            ""created_at"": ""2026-05-03T13:36:01.901762""
          },
          {
            ""reference_id"": ""ref_system_writing_guide"",
            ""source_type"": ""draft_writing_guide"",
            ""name"": ""amanaje_assistant_writing_guide"",
            ""summary"": ""Project writing guidance for draft titles, summaries, metadata, risks, assumptions, and next actions."",
            ""trust_level"": ""system"",
            ""uri"": null,
            ""metadata"": {
              ""voice"": ""Concrete, project-aware, concise, and operational."",
              ""titles"": ""Name the artifact or workflow outcome, not the assistant action."",
              ""summaries"": ""State what the draft creates, how it fits Painel Amanaje, and what remains for user approval."",
              ""metadata"": ""Prefer registry-compatible names, versions, paths, feature names, and dependency declarations."",
              ""risks"": ""Name practical limitations such as synthetic distribution mismatch, missing IDs, or untrained artifacts."",
              ""next_actions"": ""Use short workflow actions that match reviewed draft, guarded run, upload, or registry submit steps."",
              ""references"": ""Use internal reference summaries and cite their reference IDs in metadata when they shape the draft."",
              ""originality"": ""Generate project-specific assets from the request and internal references; do not copy raw reference text.""
            },
            ""content_hash"": null,
            ""tags"": [],
            ""created_at"": ""2026-05-03T13:36:01.901783""
          },
          {
            ""reference_id"": ""ref_system_quality_rubric"",
            ""source_type"": ""draft_quality_rubric"",
            ""name"": ""amanaje_assistant_quality_rubric"",
            ""summary"": ""Quality checks used to evaluate generated draft text and metadata."",
            ""trust_level"": ""system"",
            ""uri"": null,
            ""metadata"": {
              ""title_quality"": ""Title is specific to the requested artifact or workflow."",
              ""summary_quality"": ""Summary is not generic and explains the generated draft's project fit."",
              ""metadata_quality"": ""Registry metadata and materialized outputs match project schemas."",
              ""risk_quality"": ""Risks and assumptions are concrete enough for user review."",
              ""reference_quality"": ""Internal references are summarized, traceable, and not copied raw into prompts.""
            },
            ""content_hash"": null,
            ""tags"": [],
            ""created_at"": ""2026-05-03T13:36:01.901803""
          },
          {
            ""reference_id"": ""ref_system_mlflow_tracking"",
            ""source_type"": ""mlflow_tracking"",
            ""name"": ""assistant/amanaje_slm"",
            ""summary"": ""Assistant model versions, evals, training examples, and promotion reports are tracked in MLflow."",
            ""trust_level"": ""system"",
            ""uri"": ""assistant/amanaje_slm"",
            ""metadata"": {
              ""experiment_name"": ""assistant/amanaje_slm"",
              ""evaluation_profile"": ""assistant-golden-v1"",
              ""context_pack_version"": ""assistant-context-pack-v1""
            },
            ""content_hash"": null,
            ""tags"": [],
            ""created_at"": ""2026-05-03T13:36:01.901823""
          },
          {
            ""reference_id"": ""ref_runtime_assistant_reference_snapshot"",
            ""source_type"": ""runtime_context"",
            ""name"": ""assistant_reference_snapshot"",
            ""summary"": ""keys: eval_dir, interactions_path, recent_evals, recent_examples, source_type"",
            ""trust_level"": ""runtime"",
            ""uri"": null,
            ""metadata"": {
              ""source_type"": ""assistant_reference_snapshot"",
              ""interactions_path"": ""/app/runtime_artifacts/assistant_datasets/interactions.jsonl"",
              ""eval_dir"": ""/app/runtime_artifacts/assistant_evals"",
              ""recent_examples"": [],
              ""recent_evals"": [
                {
                  ""file"": ""draft_cbf487d5d426_eval.json"",
                  ""draft_type"": ""dataset_generation"",
                  ""passed"": true,
                  ""evaluation_profile"": ""assistant-golden-v1""
                },
                {
                  ""file"": ""assistant_golden_eval_20260503012524.json"",
                  ""draft_type"": null,
                  ""passed"": true,
                  ""evaluation_profile"": ""assistant-golden-v1""
                },
                {
                  ""file"": ""assistant_golden_eval_20260503012518.json"",
                  ""draft_type"": null,
                  ""passed"": true,
                  ""evaluation_profile"": ""assistant-golden-v1""
                }
              ]
            },
            ""content_hash"": null,
            ""tags"": [],
            ""created_at"": ""2026-05-03T13:36:01.901929""
          }
        ],
        ""reference_pack_id"": ""refpack_a28f8340995a"",
        ""reference_pack_hash"": ""fd1834b7e52be19ffb8fd1e92be4a19e2386f9d2e5c4477dda1cd62dee2a96f4"",
        ""selected_reference_ids"": [
          ""ref_system_project_schema_model_generation"",
          ""ref_system_safety_model_generation"",
          ""ref_system_alignment_contracts"",
          ""ref_system_prompt_model_generation"",
          ""ref_system_writing_guide"",
          ""ref_system_quality_rubric"",
          ""ref_system_mlflow_tracking"",
          ""ref_runtime_assistant_reference_snapshot""
        ],
        ""reference_trust_levels"": {
          ""ref_system_project_schema_model_generation"": ""system"",
          ""ref_system_safety_model_generation"": ""system"",
          ""ref_system_alignment_contracts"": ""system"",
          ""ref_system_prompt_model_generation"": ""system"",
          ""ref_system_writing_guide"": ""system"",
          ""ref_system_quality_rubric"": ""system"",
          ""ref_system_mlflow_tracking"": ""system"",
          ""ref_runtime_assistant_reference_snapshot"": ""runtime""
        },
        ""compact_summary"": ""target=model_generation; references=8"",
        ""p

[TRUNCATED: original_length=33827]","{
  ""status"": ""approved"",
  ""approved"": true,
  ""safety"": {
    ""ok"": true,
    ""risk_level"": ""low"",
    ""profile"": ""model_generation"",
    ""violations"": [],
    ""warnings"": [],
    ""allowed_imports"": [
      ""base64"",
      ""io"",
      ""joblib"",
      ""numpy"",
      ""pandas"",
      ""sklearn""
    ],
    ""allowed_dependencies"": [
      ""joblib"",
      ""numpy"",
      ""pandas"",
      ""scikit-learn""
    ],
    ""blocked_names"": [
      ""__import__"",
      ""breakpoint"",
      ""compile"",
      ""delattr"",
      ""dir"",
      ""eval"",
      ""exec"",
      ""getattr"",
      ""globals"",
      ""input"",
      ""locals"",
      ""open"",
      ""setattr"",
      ""vars""
    ],
    ""materialized_output_checks"": {
      ""joblib_bytes"": true
    }
  },
  ""messages"": [
    ""Model code is review-safe and ready for guarded execution.""
  ],
  ""required_actions"": [],
  ""reviewed_at"": ""2026-05-03T13:36:33.089733""
}",{},"{
  ""label"": ""positive"",
  ""review_status"": ""approved"",
  ""approved"": true
}",1,1.0
assistant_interaction,corrected,model_generation,something,5924cc0d09d219f3f12ab7122e89dc3507c2ac568b5a10f9702aff026e91389d,,,{},,,"{
  ""draft_id"": ""draft_75e8680bd3b7"",
  ""session_id"": null,
  ""draft_type"": ""model_generation"",
  ""title"": ""Generated Model Draft"",
  ""summary"": ""Creates a scikit-learn joblib artifact and matching LearningModel metadata for the Create workspace."",
  ""prompt"": ""something"",
  ""status"": ""draft"",
  ""provider"": ""assistant_model_28"",
  ""created_at"": ""2026-05-03T13:36:21.924946"",
  ""code"": ""# Assistant model draft\n# something\n\nimport base64\nimport io\nimport joblib\nfrom sklearn.ensemble import RandomForestRegressor\n\nmodel = RandomForestRegressor(n_estimators=80, random_state=42)\nbuffer = io.BytesIO()\njoblib.dump(model, buffer)\nbuffer.seek(0)\n\njoblib_bytes = base64.b64encode(buffer.getvalue()).decode(\""utf-8\"")\nname = \""assistant_generated_model\""\ndescription = \""Scikit-learn model artifact drafted by the Amanaje assistant.\""\nobject_type = \""learning_model\""\npath = \""generated/assistant_generated_model.joblib\""\nversion = 1\nmodel_type = \""supervised_model\""\nparameters = {\""framework\"": \""sklearn\"", \""estimator_class\"": \""RandomForestRegressor\"", \""n_estimators\"": 80, \""random_state\"": 42}\nmetrics = {\""task\"": \""regression\"", \""status\"": \""untrained_template\""}\nreference_data = \""assistant_generated_dataset.csv\""\ninput_features = [\""feature_a\"", \""feature_b\""]\noutput_features = [\""target\""]\nis_trained = False\nis_tested = False\nis_deployed = False"",
  ""operations"": [],
  ""registry_payload"": {},
  ""registry_type"": null,
  ""form_payload"": {},
  ""training_request"": {},
  ""study_request"": {},
  ""execution_profile"": ""model_generation"",
  ""materialized_outputs"": [
    ""joblib_bytes"",
    ""name"",
    ""parameters"",
    ""metrics"",
    ""input_features"",
    ""output_features""
  ],
  ""artifacts"": {
    ""context_pack"": {
      ""id"": ""ctx_ffb9d2489520"",
      ""hash"": ""5924cc0d09d219f3f12ab7122e89dc3507c2ac568b5a10f9702aff026e91389d"",
      ""version"": ""assistant-context-pack-v1"",
      ""payload"": {
        ""context_pack_id"": ""ctx_ffb9d2489520"",
        ""version"": ""assistant-context-pack-v1"",
        ""prompt"": ""something"",
        ""workflow_goal"": null,
        ""target_type"": ""model_generation"",
        ""provider"": ""assistant_model_28"",
        ""registry_type"": null,
        ""form_values"": {},
        ""constraints"": {
          ""max_references"": 8
        },
        ""safety_profile"": ""model_generation"",
        ""allowed_imports"": [
          ""base64"",
          ""io"",
          ""joblib"",
          ""numpy"",
          ""pandas"",
          ""sklearn""
        ],
        ""allowed_dependencies"": [
          ""joblib"",
          ""numpy"",
          ""pandas"",
          ""scikit-learn""
        ],
        ""content_references"": [
          {
            ""reference_id"": ""ref_system_project_schema_model_generation"",
            ""source_type"": ""project_schema"",
            ""name"": ""assistant_workflow_draft"",
            ""summary"": ""WorkflowDraft is the structured output contract for assistant providers."",
            ""trust_level"": ""system"",
            ""uri"": null,
            ""metadata"": {
              ""target_type"": ""model_generation""
            },
            ""content_hash"": null,
            ""tags"": [],
            ""created_at"": ""2026-05-03T13:36:01.901688""
          },
          {
            ""reference_id"": ""ref_system_safety_model_generation"",
            ""source_type"": ""safety_profile"",
            ""name"": ""model_generation"",
            ""summary"": ""Allowed imports, dependencies, and required outputs for assistant-reviewed code."",
            ""trust_level"": ""system"",
            ""uri"": null,
            ""metadata"": {
              ""allowed_imports"": [
                ""numpy"",
                ""sklearn"",
                ""joblib"",
                ""pandas"",
                ""io"",
                ""base64""
              ],
              ""allowed_dependencies"": [
                ""numpy"",
                ""joblib"",
                ""pandas"",
                ""scikit-learn""
              ],
              ""required_outputs"": [
                ""joblib_bytes""
              ]
            },
            ""content_hash"": null,
            ""tags"": [],
            ""created_at"": ""2026-05-03T13:36:01.901723""
          },
          {
            ""reference_id"": ""ref_system_alignment_contracts"",
            ""source_type"": ""alignment_contracts"",
            ""name"": ""assistant_alignment_contracts"",
            ""summary"": ""The five alignment contracts that every private assistant draft is evaluated against."",
            ""trust_level"": ""system"",
            ""uri"": null,
            ""metadata"": {
              ""output_alignment"": ""Every response must validate as WorkflowDraft and include the required workflow outputs."",
              ""safety_alignment"": ""Generated code must pass assistant_safety.py before approval or execution."",
              ""registry_alignment"": ""Registry drafts must map to the supported manual registry object payloads."",
              ""dependency_alignment"": ""Drafted code must stay inside allowed imports, dependencies, and artifact formats."",
              ""mlflow_alignment"": ""Drafts, evals, context packs, prompt versions, and model versions must be traceable.""
            },
            ""content_hash"": null,
            ""tags"": [],
            ""created_at"": ""2026-05-03T13:36:01.901743""
          },
          {
            ""reference_id"": ""ref_system_prompt_model_generation"",
            ""source_type"": ""prompt_template"",
            ""name"": ""amanaje-assistant-template-v1"",
            ""summary"": ""Draft safe Python code that creates a scikit-learn joblib artifact as base64 joblib_bytes plus LearningModel metadata. The artifact is a template, must not train on hidden data, and must match project dependency constraints."",
            ""trust_level"": ""system"",
            ""uri"": null,
            ""metadata"": {
              ""prompt_template_version"": ""amanaje-assistant-template-v1""
            },
            ""content_hash"": null,
            ""tags"": [],
            ""created_at"": ""2026-05-03T13:36:01.901762""
          },
          {
            ""reference_id"": ""ref_system_writing_guide"",
            ""source_type"": ""draft_writing_guide"",
            ""name"": ""amanaje_assistant_writing_guide"",
            ""summary"": ""Project writing guidance for draft titles, summaries, metadata, risks, assumptions, and next actions."",
            ""trust_level"": ""system"",
            ""uri"": null,
            ""metadata"": {
              ""voice"": ""Concrete, project-aware, concise, and operational."",
              ""titles"": ""Name the artifact or workflow outcome, not the assistant action."",
              ""summaries"": ""State what the draft creates, how it fits Painel Amanaje, and what remains for user approval."",
              ""metadata"": ""Prefer registry-compatible names, versions, paths, feature names, and dependency declarations."",
              ""risks"": ""Name practical limitations such as synthetic distribution mismatch, missing IDs, or untrained artifacts."",
              ""next_actions"": ""Use short workflow actions that match reviewed draft, guarded run, upload, or registry submit steps."",
              ""references"": ""Use internal reference summaries and cite their reference IDs in metadata when they shape the draft."",
              ""originality"": ""Generate project-specific assets from the request and internal references; do not copy raw reference text.""
            },
            ""content_hash"": null,
            ""tags"": [],
            ""created_at"": ""2026-05-03T13:36:01.901783""
          },
          {
            ""reference_id"": ""ref_system_quality_rubric"",
            ""source_type"": ""draft_quality_rubric"",
            ""name"": ""amanaje_assistant_quality_rubric"",
            ""summary"": ""Quality checks used to evaluate generated draft text and metadata."",
            ""trust_level"": ""system"",
            ""uri"": null,
            ""metadata"": {
              ""title_quality"": ""Title is specific to the requested artifact or workflow."",
              ""summary_quality"": ""Summary is not generic and explains the generated draft's project fit."",
              ""metadata_quality"": ""Registry metadata and materialized outputs match project schemas."",
              ""risk_quality"": ""Risks and assumptions are concrete enough for user review."",
              ""reference_quality"": ""Internal references are summarized, traceable, and not copied raw into prompts.""
            },
            ""content_hash"": null,
            ""tags"": [],
            ""created_at"": ""2026-05-03T13:36:01.901803""
          },
          {
            ""reference_id"": ""ref_system_mlflow_tracking"",
            ""source_type"": ""mlflow_tracking"",
            ""name"": ""assistant/amanaje_slm"",
            ""summary"": ""Assistant model versions, evals, training examples, and promotion reports are tracked in MLflow."",
            ""trust_level"": ""system"",
            ""uri"": ""assistant/amanaje_slm"",
            ""metadata"": {
              ""experiment_name"": ""assistant/amanaje_slm"",
              ""evaluation_profile"": ""assistant-golden-v1"",
              ""context_pack_version"": ""assistant-context-pack-v1""
            },
            ""content_hash"": null,
            ""tags"": [],
            ""created_at"": ""2026-05-03T13:36:01.901823""
          },
          {
            ""reference_id"": ""ref_runtime_assistant_reference_snapshot"",
            ""source_type"": ""runtime_context"",
            ""name"": ""assistant_reference_snapshot"",
            ""summary"": ""keys: eval_dir, interactions_path, recent_evals, recent_examples, source_type"",
            ""trust_level"": ""runtime"",
            ""uri"": null,
            ""metadata"": {
              ""source_type"": ""assistant_reference_snapshot"",
              ""interactions_path"": ""/app/runtime_artifacts/assistant_datasets/interactions.jsonl"",
              ""eval_dir"": ""/app/runtime_artifacts/assistant_evals"",
              ""recent_examples"": [],
              ""recent_evals"": [
                {
                  ""file"": ""draft_cbf487d5d426_eval.json"",
                  ""draft_type"": ""dataset_generation"",
                  ""passed"": true,
                  ""evaluation_profile"": ""assistant-golden-v1""
                },
                {
                  ""file"": ""assistant_golden_eval_20260503012524.json"",
                  ""draft_type"": null,
                  ""passed"": true,
                  ""evaluation_profile"": ""assistant-golden-v1""
                },
                {
                  ""file"": ""assistant_golden_eval_20260503012518.json"",
                  ""draft_type"": null,
                  ""passed"": true,
                  ""evaluation_profile"": ""assistant-golden-v1""
                }
              ]
            },
            ""content_hash"": null,
            ""tags"": [],
            ""created_at"": ""2026-05-03T13:36:01.901929""
          }
        ],
        ""reference_pack_id"": ""refpack_a28f8340995a"",
        ""reference_pack_hash"": ""fd1834b7e52be19ffb8fd1e92be4a19e2386f9d2e5c4477dda1cd62dee2a96f4"",
        ""selected_reference_ids"": [
          ""ref_system_project_schema_model_generation"",
          ""ref_system_safety_model_generation"",
          ""ref_system_alignment_contracts"",
          ""ref_system_prompt_model_generation"",
          ""ref_system_writing_guide"",
          ""ref_system_quality_rubric"",
          ""ref_system_mlflow_tracking"",
          ""ref_runtime_assistant_reference_snapshot""
        ],
        ""reference_trust_levels"": {
          ""ref_system_project_schema_model_generation"": ""system"",
          ""ref_system_safety_model_generation"": ""system"",
          ""ref_system_alignment_contracts"": ""system"",
          ""ref_system_prompt_model_generation"": ""system"",
          ""ref_system_writing_guide"": ""system"",
          ""ref_system_quality_rubric"": ""system"",
          ""ref_system_mlflow_tracking"": ""system"",
          ""ref_runtime_assistant_reference_snapshot"": ""runtime""
        },
        ""compact_summary"": ""target=model_generation; references=8"",
        ""p

[TRUNCATED: original_length=33827]","{
  ""status"": ""approved"",
  ""approved"": true,
  ""safety"": {
    ""ok"": true,
    ""risk_level"": ""low"",
    ""profile"": ""model_generation"",
    ""violations"": [],
    ""warnings"": [],
    ""allowed_imports"": [
      ""base64"",
      ""io"",
      ""joblib"",
      ""numpy"",
      ""pandas"",
      ""sklearn""
    ],
    ""allowed_dependencies"": [
      ""joblib"",
      ""numpy"",
      ""pandas"",
      ""scikit-learn""
    ],
    ""blocked_names"": [
      ""__import__"",
      ""breakpoint"",
      ""compile"",
      ""delattr"",
      ""dir"",
      ""eval"",
      ""exec"",
      ""getattr"",
      ""globals"",
      ""input"",
      ""locals"",
      ""open"",
      ""setattr"",
      ""vars""
    ],
    ""materialized_output_checks"": {
      ""joblib_bytes"": true
    }
  },
  ""messages"": [
    ""Model code is review-safe and ready for guarded execution.""
  ],
  ""required_actions"": [],
  ""reviewed_at"": ""2026-05-03T13:36:36.646815""
}",{},"{
  ""label"": ""corrected"",
  ""review_status"": ""approved"",
  ""approved"": true
}",1,1.0
assistant_interaction,negative,registry_object,Validate and enrich this InferenceModel registry payload before manual create.,f3817d549536a989c8e7cbc6873783e980359c0bf7fd3750d74c768b8d90cbad,,,{},,,"{
  ""draft_id"": ""draft_e2f086b16407"",
  ""session_id"": null,
  ""draft_type"": ""registry_object"",
  ""title"": ""InferenceModel Draft"",
  ""summary"": ""Prepares registry metadata for review before the user submits the manual create form."",
  ""prompt"": ""Validate and enrich this InferenceModel registry payload before manual create."",
  ""status"": ""draft"",
  ""provider"": ""assistant_model_28"",
  ""created_at"": ""2026-05-04T03:34:21.155074"",
  ""code"": null,
  ""operations"": [],
  ""registry_payload"": {
    ""name"": ""assistant_inferencemodel"",
    ""description"": ""InferenceModel drafted by the Amanaje assistant."",
    ""object_type"": ""inference_model"",
    ""path"": ""runtime_artifacts/inference/artifact.json"",
    ""size"": 0,
    ""version"": 1,
    ""history"": [
      {
        ""operation"": ""assistant_draft""
      }
    ],
    ""learning_model_id"": 0,
    ""dataset_id"": 1,
    ""input_features"": [
      ""feature_a"",
      ""feature_b""
    ],
    ""output_features"": [
      ""target""
    ],
    ""inference_params"": {
      ""status"": ""draft"",
      ""source"": ""assistant""
    }
  },
  ""registry_type"": ""InferenceModel"",
  ""form_payload"": {
    ""name"": ""assistant_inferencemodel"",
    ""description"": ""InferenceModel drafted by the Amanaje assistant."",
    ""object_type"": ""inference_model"",
    ""path"": ""runtime_artifacts/inference/artifact.json"",
    ""size"": 0,
    ""version"": 1,
    ""history"": [
      {
        ""operation"": ""assistant_draft""
      }
    ],
    ""learning_model_id"": 0,
    ""dataset_id"": 1,
    ""input_features"": [
      ""feature_a"",
      ""feature_b""
    ],
    ""output_features"": [
      ""target""
    ],
    ""inference_params"": {
      ""status"": ""draft"",
      ""source"": ""assistant""
    }
  },
  ""training_request"": {},
  ""study_request"": {},
  ""execution_profile"": ""registry_object"",
  ""materialized_outputs"": [
    ""registry_payload""
  ],
  ""artifacts"": {
    ""context_pack"": {
      ""id"": ""ctx_aa993866a852"",
      ""hash"": ""f3817d549536a989c8e7cbc6873783e980359c0bf7fd3750d74c768b8d90cbad"",
      ""version"": ""assistant-context-pack-v1"",
      ""payload"": {
        ""context_pack_id"": ""ctx_aa993866a852"",
        ""version"": ""assistant-context-pack-v1"",
        ""prompt"": ""Validate and enrich this InferenceModel registry payload before manual create."",
        ""workflow_goal"": null,
        ""target_type"": ""registry_object"",
        ""provider"": ""assistant_model_28"",
        ""registry_type"": ""InferenceModel"",
        ""form_values"": {
          ""name"": ""assistant_inferencemodel"",
          ""description"": ""InferenceModel drafted by the Amanaje assistant."",
          ""object_type"": ""inference_model"",
          ""path"": ""runtime_artifacts/inference/artifact.json"",
          ""size"": 0,
          ""version"": 1,
          ""history"": [
            {
              ""operation"": ""assistant_draft""
            }
          ],
          ""learning_model_id"": 0,
          ""dataset_id"": 1,
          ""input_features"": [
            ""feature_a"",
            ""feature_b""
          ],
          ""output_features"": [
            ""target""
          ],
          ""inference_params"": {
            ""status"": ""draft"",
            ""source"": ""assistant""
          }
        },
        ""constraints"": {},
        ""safety_profile"": ""registry_object"",
        ""allowed_imports"": [],
        ""allowed_dependencies"": [],
        ""content_references"": [
          {
            ""reference_id"": ""ref_system_project_schema_registry_object"",
            ""source_type"": ""project_schema"",
            ""name"": ""assistant_workflow_draft"",
            ""summary"": ""WorkflowDraft is the structured output contract for assistant providers."",
            ""trust_level"": ""system"",
            ""uri"": null,
            ""metadata"": {
              ""target_type"": ""registry_object""
            },
            ""content_hash"": null,
            ""tags"": [],
            ""created_at"": ""2026-05-04T03:34:21.149276""
          },
          {
            ""reference_id"": ""ref_system_safety_registry_object"",
            ""source_type"": ""safety_profile"",
            ""name"": ""registry_object"",
            ""summary"": ""Allowed imports, dependencies, and required outputs for assistant-reviewed code."",
            ""trust_level"": ""system"",
            ""uri"": null,
            ""metadata"": {
              ""allowed_imports"": [],
              ""allowed_dependencies"": [],
              ""required_outputs"": []
            },
            ""content_hash"": null,
            ""tags"": [],
            ""created_at"": ""2026-05-04T03:34:21.149301""
          },
          {
            ""reference_id"": ""ref_system_alignment_contracts"",
            ""source_type"": ""alignment_contracts"",
            ""name"": ""assistant_alignment_contracts"",
            ""summary"": ""The five alignment contracts that every private assistant draft is evaluated against."",
            ""trust_level"": ""system"",
            ""uri"": null,
            ""metadata"": {
              ""output_alignment"": ""Every response must validate as WorkflowDraft and include the required workflow outputs."",
              ""safety_alignment"": ""Generated code must pass assistant_safety.py before approval or execution."",
              ""registry_alignment"": ""Registry drafts must map to the supported manual registry object payloads."",
              ""dependency_alignment"": ""Drafted code must stay inside allowed imports, dependencies, and artifact formats."",
              ""mlflow_alignment"": ""Drafts, evals, context packs, prompt versions, and model versions must be traceable.""
            },
            ""content_hash"": null,
            ""tags"": [],
            ""created_at"": ""2026-05-04T03:34:21.149318""
          },
          {
            ""reference_id"": ""ref_system_prompt_registry_object"",
            ""source_type"": ""prompt_template"",
            ""name"": ""amanaje-assistant-template-v1"",
            ""summary"": ""Draft a form-ready registry payload for the selected registry type using internal schema references. Do not create the object; only return metadata."",
            ""trust_level"": ""system"",
            ""uri"": null,
            ""metadata"": {
              ""prompt_template_version"": ""amanaje-assistant-template-v1""
            },
            ""content_hash"": null,
            ""tags"": [],
            ""created_at"": ""2026-05-04T03:34:21.149336""
          },
          {
            ""reference_id"": ""ref_system_writing_guide"",
            ""source_type"": ""draft_writing_guide"",
            ""name"": ""amanaje_assistant_writing_guide"",
            ""summary"": ""Project writing guidance for draft titles, summaries, metadata, risks, assumptions, and next actions."",
            ""trust_level"": ""system"",
            ""uri"": null,
            ""metadata"": {
              ""voice"": ""Concrete, project-aware, concise, and operational."",
              ""titles"": ""Name the artifact or workflow outcome, not the assistant action."",
              ""summaries"": ""State what the draft creates, how it fits Painel Amanaje, and what remains for user approval."",
              ""metadata"": ""Prefer registry-compatible names, versions, paths, feature names, and dependency declarations."",
              ""risks"": ""Name practical limitations such as synthetic distribution mismatch, missing IDs, or untrained artifacts."",
              ""next_actions"": ""Use short workflow actions that match reviewed draft, guarded run, upload, or registry submit steps."",
              ""references"": ""Use internal reference summaries and cite their reference IDs in metadata when they shape the draft."",
              ""originality"": ""Generate project-specific assets from the request and internal references; do not copy raw reference text.""
            },
            ""content_hash"": null,
            ""tags"": [],
            ""created_at"": ""2026-05-04T03:34:21.149352""
          },
          {
            ""reference_id"": ""ref_system_quality_rubric"",
            ""source_type"": ""draft_quality_rubric"",
            ""name"": ""amanaje_assistant_quality_rubric"",
            ""summary"": ""Quality checks used to evaluate generated draft text and metadata."",
            ""trust_level"": ""system"",
            ""uri"": null,
            ""metadata"": {
              ""title_quality"": ""Title is specific to the requested artifact or workflow."",
              ""summary_quality"": ""Summary is not generic and explains the generated draft's project fit."",
              ""metadata_quality"": ""Registry metadata and materialized outputs match project schemas."",
              ""risk_quality"": ""Risks and assumptions are concrete enough for user review."",
              ""reference_quality"": ""Internal references are summarized, traceable, and not copied raw into prompts.""
            },
            ""content_hash"": null,
            ""tags"": [],
            ""created_at"": ""2026-05-04T03:34:21.149369""
          },
          {
            ""reference_id"": ""ref_system_mlflow_tracking"",
            ""source_type"": ""mlflow_tracking"",
            ""name"": ""assistant/amanaje_slm"",
            ""summary"": ""Assistant model versions, evals, training examples, and promotion reports are tracked in MLflow."",
            ""trust_level"": ""system"",
            ""uri"": ""assistant/amanaje_slm"",
            ""metadata"": {
              ""experiment_name"": ""assistant/amanaje_slm"",
              ""evaluation_profile"": ""assistant-golden-v1"",
              ""context_pack_version"": ""assistant-context-pack-v1""
            },
            ""content_hash"": null,
            ""tags"": [],
            ""created_at"": ""2026-05-04T03:34:21.149387""
          },
          {
            ""reference_id"": ""ref_system_registry_InferenceModel"",
            ""source_type"": ""registry_schema"",
            ""name"": ""InferenceModel"",
            ""summary"": ""Manual registry payload target: InferenceModel."",
            ""trust_level"": ""system"",
            ""uri"": null,
            ""metadata"": {
              ""registry_type"": ""InferenceModel""
            },
            ""content_hash"": null,
            ""tags"": [],
            ""created_at"": ""2026-05-04T03:34:21.149434""
          },
          {
            ""reference_id"": ""ref_runtime_assistant_reference_snapshot"",
            ""source_type"": ""runtime_context"",
            ""name"": ""assistant_reference_snapshot"",
            ""summary"": ""keys: eval_dir, interactions_path, recent_evals, recent_examples, source_type"",
            ""trust_level"": ""runtime"",
            ""uri"": null,
            ""metadata"": {
              ""source_type"": ""assistant_reference_snapshot"",
              ""interactions_path"": ""/app/runtime_artifacts/assistant_datasets/interactions.jsonl"",
              ""eval_dir"": ""/app/runtime_artifacts/assistant_evals"",
              ""recent_examples"": [
                {
                  ""label"": ""positive"",
                  ""workflow_type"": ""model_generation"",
                  ""provider"": ""assistant_model_28"",
                  ""model_version"": ""registry-assistant-draft-0.1"",
                  ""context_pack_hash"": ""5924cc0d09d219f3f12ab7122e89dc3507c2ac568b5a10f9702aff026e91389d"",
                  ""review_status"": ""approved""
                },
                {
                  ""label"": ""corrected"",
                  ""workflow_type"": ""model_generation"",
                  ""provider"": ""assistant_model_28"",
                  ""model_version"": ""registry-assistant-draft-0.1"",
                  ""context_pack_hash"": ""5924cc0d09d219f3f12ab7122e89dc3507c2ac568b5a10f9702aff026e91389d"",
                  ""review_status"": ""approved""
                }
              ],
              ""recent_evals"": [
                {
                  ""file"": ""draft_a5af108cf892_eval.json"",
                  ""draft_type"": ""registry_object"",
                  ""passed"": true,
                  ""evaluation_profile"": ""assistant-golden-v1""
                },
                {
                  ""file"": ""assistant_golden_eval_20260503133748.json"",
                  ""draft_type"": null,
                  ""passed"": true,
                  ""evaluation_profile"": ""assis

[TRUNCATED: original_length=36892]","{
  ""status"": ""needs_revision"",
  ""approved"": false,
  ""safety"": {
    ""ok"": true,
    ""risk_level"": ""none"",
    ""profile"": ""registry_object"",
    ""violations"": [],
    ""warnings"": [],
    ""allowed_imports"": [
      ""datetime"",
      ""math"",
      ""numpy"",
      ""pandas"",
      ""random"",
      ""sklearn"",
      ""statistics""
    ],
    ""allowed_dependencies"": [],
    ""blocked_names"": [
      ""__import__"",
      ""breakpoint"",
      ""compile"",
      ""delattr"",
      ""dir"",
      ""eval"",
      ""exec"",
      ""getattr"",
      ""globals"",
      ""input"",
      ""locals"",
      ""open"",
      ""setattr"",
      ""vars""
    ],
    ""materialized_output_checks"": {}
  },
  ""messages"": [
    ""Registry draft needs required fields before manual creation.""
  ],
  ""required_actions"": [
    ""InferenceModel registry drafts require valid learning_model_id and dataset_id.""
  ],
  ""reviewed_at"": ""2026-05-04T03:34:21.158529""
}",{},"{
  ""label"": ""negative"",
  ""review_status"": ""needs_revision"",
  ""approved"": false
}",0,0.5
context_pack,context,model_generation,make a model about classification,56440561abf9d72b035e5eedb7231dcec7b1101c1bf7aff16bf25e9c4ce5734f,,,{},,,{},{},{},"{
  ""reference_count"": 8,
  ""allowed_dependency_count"": 4
}",1,0.75
context_pack,context,dataset_generation,make a dataset about keyboards,8c12e91a78fd31791e949ecfc4e740605f0821b8fc84eea7227b5ee023f3e3b9,,,{},,,{},{},{},"{
  ""reference_count"": 8,
  ""allowed_dependency_count"": 2
}",1,0.75
context_pack,context,dataset_generation,create a dataset about keyboards,16fc58d59b0d44717043d8a29b26fb83a9bcdc55dea8cee0486ac0a3993133f0,,,{},,,{},{},{},"{
  ""reference_count"": 8,
  ""allowed_dependency_count"": 2
}",1,0.75
context_pack,context,dataset_generation,create a dataset about keyboards,45db6f317e58287ba18ad49e7a56b7b4bb8d82bd4a8bc1e1a9c3beab8e9d1bdf,,,{},,,{},{},{},"{
  ""reference_count"": 8,
  ""allowed_dependency_count"": 2
}",1,0.75
context_pack,context,dataset_generation,create a dataset about keyboards,c22ea95824982d0a3856f75f90b3eab3bc9fee8699b0e46d95c7e51015a30c88,,,{},,,{},{},{},"{
  ""reference_count"": 8,
  ""allowed_dependency_count"": 2
}",1,0.75
context_pack,context,feature_operations,Make the dataset normalized for geospatial calculations,ce9a3b7af7616290aa5001cadf80b99d300aef54e69c4abdeb5ca0090bbb5aa4,,,{},,,{},{},{},"{
  ""reference_count"": 8,
  ""allowed_dependency_count"": 0
}",1,0.75
context_pack,context,dataset_generation,Create a realistic dataset about dolphis with weight origin and color.,27547a0b6e258a0653d8b6b520296e27094ab46f074479f878aff07e75d53dae,,,{},,,{},{},{},"{
  ""reference_count"": 8,
  ""allowed_dependency_count"": 2
}",1,0.75
context_pack,context,feature_operations,make the dataset half the size with all positive values,481d8e71230d8569d8f2f2b09045f326b7cd3a704338fb36028daa6df485ab10,,,{},,,{},{},{},"{
  ""reference_count"": 8,
  ""allowed_dependency_count"": 0
}",1,0.75
context_pack,context,dataset_generation,make a dataset about keyboards,134d26814839cbb7a947da0db5cc7465145e2d9392b76a9c6c57f5a0a47032e5,,,{},,,{},{},{},"{
  ""reference_count"": 8,
  ""allowed_dependency_count"": 2
}",1,0.75
context_pack,context,model_generation,something,5924cc0d09d219f3f12ab7122e89dc3507c2ac568b5a10f9702aff026e91389d,,,{},,,{},{},{},"{
  ""reference_count"": 8,
  ""allowed_dependency_count"": 4
}",1,0.75
context_pack,context,registry_object,make an assistant that can fit painel-amanaje's dependencies,f6dbba094d6d992327606aec490bf2413c6dc0182491b2e83567e5ad504ff88a,,,{},,,{},{},{},"{
  ""reference_count"": 9,
  ""allowed_dependency_count"": 0
}",1,0.75
context_pack,context,dataset_generation,something,ee2ac51e53fb3f6d97bccf960162805f8cab2d8d78a1f79787439b909454342b,,,{},,,{},{},{},"{
  ""reference_count"": 8,
  ""allowed_dependency_count"": 2
}",1,0.75
context_pack,context,registry_object,Validate and enrich this AssistantModel registry payload before manual create.,065ea3c72fa1c992fa03282eef0539ce3e6b7cedd2d14404b98768961d5fa80c,,,{},,,{},{},{},"{
  ""reference_count"": 9,
  ""allowed_dependency_count"": 0
}",1,0.75
context_pack,context,feature_operations,make a dataset with 500 columns,e5a6b46c027dec7dd571068066a750ed682a5d69ce3263714ffdc6e45fa08c67,,,{},,,{},{},{},"{
  ""reference_count"": 8,
  ""allowed_dependency_count"": 0
}",1,0.75
context_pack,context,dataset_generation,make a dataset about keyboards,1e328c79a268c289e3cd09f3d05a1616fd5e890b5446ab153db4cfc54742e0f5,,,{},,,{},{},{},"{
  ""reference_count"": 2,
  ""allowed_dependency_count"": 2
}",1,0.75
context_pack,context,dataset_generation,make a dataset about keyboards,943d73125ddc7a92fd09202bf1d824e7f1179ab9e1868fc63254ce9cae6e741e,,,{},,,{},{},{},"{
  ""reference_count"": 2,
  ""allowed_dependency_count"": 2
}",1,0.75
context_pack,context,dataset_generation,make a dataset about keyboards,b60db6cbc0998a81b4ec07c24d86fc7c442461f988278722d9dcfeedc9e30d0b,,,{},,,{},{},{},"{
  ""reference_count"": 2,
  ""allowed_dependency_count"": 2
}",1,0.75
context_pack,context,dataset_generation,Make a dataset about keyboards,ef0950bbaddb567ebdf578ccbca851655c5c43675a019a20483076940ae54875,,,{},,,{},{},{},"{
  ""reference_count"": 2,
  ""allowed_dependency_count"": 2
}",1,0.75
context_pack,context,registry_object,Validate and enrich this InferenceModel registry payload before manual create.,dcaa0f6ff75f8713c1335b08a4927cdfc78b36a87b7382adf593226b44ce0a28,,,{},,,{},{},{},"{
  ""reference_count"": 9,
  ""allowed_dependency_count"": 0
}",1,0.75
context_pack,context,dataset_generation,make a dataset about keyboards,d3aac9d050f621046c4e0ed2321c8f33be2c0aed8271c5c83c4d3494b07ea97c,,,{},,,{},{},{},"{
  ""reference_count"": 2,
  ""allowed_dependency_count"": 2
}",1,0.75
context_pack,context,registry_object,Validate and enrich this InferenceModel registry payload before manual create.,f3817d549536a989c8e7cbc6873783e980359c0bf7fd3750d74c768b8d90cbad,,,{},,,{},{},{},"{
  ""reference_count"": 9,
  ""allowed_dependency_count"": 0
}",1,0.75
context_pack,context,model_generation,make a model about regression,9f55518fba6d5562e8305c75fa66ff98da49982461f892e0410298cffdcf161a,,,{},,,{},{},{},"{
  ""reference_count"": 2,
  ""allowed_dependency_count"": 4
}",1,0.75
context_pack,context,dataset_generation,make a dataset about keyboards,24f145bb10f9a0c581e31685613bb21b5b569ad143d8e2159636a66b3d06723f,,,{},,,{},{},{},"{
  ""reference_count"": 2,
  ""allowed_dependency_count"": 2
}",1,0.75
context_pack,context,dataset_generation,make a dataset about keyboards,4492dff18b460b2d46e597ad227b8e446a52d09852b958e25f2baec0b4b2d15b,,,{},,,{},{},{},"{
  ""reference_count"": 8,
  ""allowed_dependency_count"": 2
}",1,0.75
context_pack,context,registry_object,Make a dataset about keyboards,3101d8e1d0b0cbc53c2df97eabe247a267caf5412532e24e359aa85252e7b80c,,,{},,,{},{},{},"{
  ""reference_count"": 3,
  ""allowed_dependency_count"": 0
}",1,0.75
context_pack,context,model_generation,make a dataset about keyboards,e7fa40deafe786b74feda567ec5c0cd3b8c8697ac99770da9211b5f797ce7908,,,{},,,{},{},{},"{
  ""reference_count"": 2,
  ""allowed_dependency_count"": 4
}",1,0.75
context_pack,context,dataset_generation,Example: Load a CSV file and calculate summary statistics.,3670f2b2ac1d6b773f353271c736bf3ece494a5c95db139b4617ff81f0c63f7d,,,{},,,{},{},{},"{
  ""reference_count"": 2,
  ""allowed_dependency_count"": 2
}",1,0.75
context_pack,context,model_generation,make a model about classification,e4cecf0a9334a512889d689c5854844ded2a9684790c10c2babfa3aee930331b,,,{},,,{},{},{},"{
  ""reference_count"": 2,
  ""allowed_dependency_count"": 4
}",1,0.75
context_pack,context,dataset_generation,make a dataset about keyboards,010fd976e942447a4526d5ed7dc8a3977049d57fafea9d8a31de5214763eecb6,,,{},,,{},{},{},"{
  ""reference_count"": 2,
  ""allowed_dependency_count"": 2
}",1,0.75
context_pack,context,registry_object,something,1a9e391aceb518c88e6ed19ebe95274e3bb1ded205b3ae629dfc498380c58a5f,,,{},,,{},{},{},"{
  ""reference_count"": 9,
  ""allowed_dependency_count"": 0
}",1,0.75
context_pack,context,model_generation,make a dataset about keyboards,b5dbf1885a96b32711942fb607b346bd851f8c503f96da4d7cbd537130fff2c8,,,{},,,{},{},{},"{
  ""reference_count"": 2,
  ""allowed_dependency_count"": 4
}",1,0.75
context_pack,context,registry_object,make a dataset about keyboards,35089044d7c1f0d485b629ce9f6b2ab4c054cdffd43212a05ddc497690842c5a,,,{},,,{},{},{},"{
  ""reference_count"": 3,
  ""allowed_dependency_count"": 0
}",1,0.75
context_pack,context,model_generation,Make a model about classification,7b76b9ece8e0a9b1b1bb085b885522eca44337955ab4c2827e643382fcabf995,,,{},,,{},{},{},"{
  ""reference_count"": 2,
  ""allowed_dependency_count"": 4
}",1,0.75
context_pack,context,dataset_generation,make a dataset about keyboards,9d0af96f53405590697fa82c602811134c10cb39be69a98f438931d0d8983ccd,,,{},,,{},{},{},"{
  ""reference_count"": 8,
  ""allowed_dependency_count"": 2
}",1,0.75
context_pack,context,registry_object,make a dataset about keyboards,f83065a7e2e7cc64d2a6a9af4db7b25e49843de2b485d8a6aadae5361492c7da,,,{},,,{},{},{},"{
  ""reference_count"": 3,
  ""allowed_dependency_count"": 0
}",1,0.75
assistant_eval,positive,model_generation,,56440561abf9d72b035e5eedb7231dcec7b1101c1bf7aff16bf25e9c4ce5734f,,,{},,,"{
  ""draft_id"": ""draft_60b037ec8490""
}",{},{},"{
  ""evaluation_profile"": ""assistant-golden-v1"",
  ""passed"": true,
  ""checks"": {
    ""valid_workflow_draft"": true,
    ""has_context_pack"": true,
    ""has_model_version"": true,
    ""has_prompt_template_version"": true,
    ""review_approved"": true,
    ""joblib_bytes"": true
  },
  ""draft_quality"": {
    ""title_quality"": true,
    ""summary_quality"": true,
    ""risk_or_assumption_quality"": true,
    ""next_action_quality"": true,
    ""reference_traceability"": true
  }
}",1,1.0
assistant_eval,positive,dataset_generation,,8c12e91a78fd31791e949ecfc4e740605f0821b8fc84eea7227b5ee023f3e3b9,,,{},,,"{
  ""draft_id"": ""draft_4987281b1a80""
}",{},{},"{
  ""evaluation_profile"": ""assistant-golden-v1"",
  ""passed"": true,
  ""checks"": {
    ""valid_workflow_draft"": true,
    ""has_context_pack"": true,
    ""has_model_version"": true,
    ""has_prompt_template_version"": true,
    ""review_approved"": true,
    ""csv_text"": true
  },
  ""draft_quality"": {
    ""title_quality"": true,
    ""summary_quality"": true,
    ""risk_or_assumption_quality"": true,
    ""next_action_quality"": true,
    ""reference_traceability"": true
  }
}",1,1.0
assistant_eval,positive,dataset_generation,,16fc58d59b0d44717043d8a29b26fb83a9bcdc55dea8cee0486ac0a3993133f0,,,{},,,"{
  ""draft_id"": ""draft_20cd35351011""
}",{},{},"{
  ""evaluation_profile"": ""assistant-golden-v1"",
  ""passed"": true,
  ""checks"": {
    ""valid_workflow_draft"": true,
    ""has_context_pack"": true,
    ""has_model_version"": true,
    ""has_prompt_template_version"": true,
    ""review_approved"": true,
    ""csv_text"": true
  },
  ""draft_quality"": {
    ""title_quality"": true,
    ""summary_quality"": true,
    ""risk_or_assumption_quality"": true,
    ""next_action_quality"": true,
    ""reference_traceability"": true
  }
}",1,1.0
assistant_eval,positive,dataset_generation,,45db6f317e58287ba18ad49e7a56b7b4bb8d82bd4a8bc1e1a9c3beab8e9d1bdf,,,{},,,"{
  ""draft_id"": ""draft_4c8877462420""
}",{},{},"{
  ""evaluation_profile"": ""assistant-golden-v1"",
  ""passed"": true,
  ""checks"": {
    ""valid_workflow_draft"": true,
    ""has_context_pack"": true,
    ""has_model_version"": true,
    ""has_prompt_template_version"": true,
    ""review_approved"": true,
    ""csv_text"": true
  },
  ""draft_quality"": {
    ""title_quality"": true,
    ""summary_quality"": true,
    ""risk_or_assumption_quality"": true,
    ""next_action_quality"": true,
    ""reference_traceability"": true
  }
}",1,1.0
assistant_eval,positive,dataset_generation,,c22ea95824982d0a3856f75f90b3eab3bc9fee8699b0e46d95c7e51015a30c88,,,{},,,"{
  ""draft_id"": ""draft_b4e324fde39a""
}",{},{},"{
  ""evaluation_profile"": ""assistant-golden-v1"",
  ""passed"": true,
  ""checks"": {
    ""valid_workflow_draft"": true,
    ""has_context_pack"": true,
    ""has_model_version"": true,
    ""has_prompt_template_version"": true,
    ""review_approved"": true,
    ""csv_text"": true
  },
  ""draft_quality"": {
    ""title_quality"": true,
    ""summary_quality"": true,
    ""risk_or_assumption_quality"": true,
    ""next_action_quality"": true,
    ""reference_traceability"": true
  }
}",1,1.0
assistant_eval,positive,feature_operations,,ce9a3b7af7616290aa5001cadf80b99d300aef54e69c4abdeb5ca0090bbb5aa4,,,{},,,"{
  ""draft_id"": ""draft_b9142f674c17""
}",{},{},"{
  ""evaluation_profile"": ""assistant-golden-v1"",
  ""passed"": true,
  ""checks"": {
    ""valid_workflow_draft"": true,
    ""has_context_pack"": true,
    ""has_model_version"": true,
    ""has_prompt_template_version"": true,
    ""review_approved"": true
  },
  ""draft_quality"": {
    ""title_quality"": true,
    ""summary_quality"": true,
    ""risk_or_assumption_quality"": true,
    ""next_action_quality"": true,
    ""reference_traceability"": true
  }
}",1,1.0
assistant_eval,positive,dataset_generation,,27547a0b6e258a0653d8b6b520296e27094ab46f074479f878aff07e75d53dae,,,{},,,"{
  ""draft_id"": ""draft_32d134cae1eb""
}",{},{},"{
  ""evaluation_profile"": ""assistant-golden-v1"",
  ""passed"": true,
  ""checks"": {
    ""valid_workflow_draft"": true,
    ""has_context_pack"": true,
    ""has_model_version"": true,
    ""has_prompt_template_version"": true,
    ""review_approved"": true,
    ""csv_text"": true
  },
  ""draft_quality"": {
    ""title_quality"": true,
    ""summary_quality"": true,
    ""risk_or_assumption_quality"": true,
    ""next_action_quality"": true,
    ""reference_traceability"": true
  }
}",1,1.0
assistant_eval,positive,unknown,,,,,{},,,"{
  ""draft_id"": null
}",{},{},"{
  ""evaluation_profile"": ""assistant-golden-v1"",
  ""passed"": true,
  ""checks"": {},
  ""draft_quality"": {}
}",1,1.0
assistant_eval,positive,feature_operations,,481d8e71230d8569d8f2f2b09045f326b7cd3a704338fb36028daa6df485ab10,,,{},,,"{
  ""draft_id"": ""draft_a2fb3ae5d66a""
}",{},{},"{
  ""evaluation_profile"": ""assistant-golden-v1"",
  ""passed"": true,
  ""checks"": {
    ""valid_workflow_draft"": true,
    ""has_context_pack"": true,
    ""has_model_version"": true,
    ""has_prompt_template_version"": true,
    ""review_approved"": true
  },
  ""draft_quality"": {
    ""title_quality"": true,
    ""summary_quality"": true,
    ""risk_or_assumption_quality"": true,
    ""next_action_quality"": true,
    ""reference_traceability"": true
  }
}",1,1.0
assistant_eval,positive,dataset_generation,,134d26814839cbb7a947da0db5cc7465145e2d9392b76a9c6c57f5a0a47032e5,,,{},,,"{
  ""draft_id"": ""draft_db9c0b40ce86""
}",{},{},"{
  ""evaluation_profile"": ""assistant-golden-v1"",
  ""passed"": true,
  ""checks"": {
    ""valid_workflow_draft"": true,
    ""has_context_pack"": true,
    ""has_model_version"": true,
    ""has_prompt_template_version"": true,
    ""review_approved"": true,
    ""csv_text"": true
  },
  ""draft_quality"": {
    ""title_quality"": true,
    ""summary_quality"": true,
    ""risk_or_assumption_quality"": true,
    ""next_action_quality"": true,
    ""reference_traceability"": true
  }
}",1,1.0
assistant_eval,positive,dataset_generation,,010fd976e942447a4526d5ed7dc8a3977049d57fafea9d8a31de5214763eecb6,,,{},,,"{
  ""draft_id"": ""draft_fdd67650f779""
}",{},{},"{
  ""evaluation_profile"": ""assistant-golden-v1"",
  ""passed"": true,
  ""checks"": {
    ""valid_workflow_draft"": true,
    ""has_context_pack"": true,
    ""has_model_version"": true,
    ""has_prompt_template_version"": true,
    ""review_approved"": true,
    ""csv_text"": true
  },
  ""draft_quality"": {}
}",1,1.0
assistant_eval,positive,dataset_generation,,b60db6cbc0998a81b4ec07c24d86fc7c442461f988278722d9dcfeedc9e30d0b,,,{},,,"{
  ""draft_id"": ""draft_f15deb5c5aa4""
}",{},{},"{
  ""evaluation_profile"": ""assistant-golden-v1"",
  ""passed"": true,
  ""checks"": {
    ""valid_workflow_draft"": true,
    ""has_context_pack"": true,
    ""has_model_version"": true,
    ""has_prompt_template_version"": true,
    ""review_approved"": true,
    ""csv_text"": true
  },
  ""draft_quality"": {}
}",1,1.0
assistant_eval,positive,model_generation,,b5dbf1885a96b32711942fb607b346bd851f8c503f96da4d7cbd537130fff2c8,,,{},,,"{
  ""draft_id"": ""draft_e39c8db6f2b2""
}",{},{},"{
  ""evaluation_profile"": ""assistant-golden-v1"",
  ""passed"": true,
  ""checks"": {
    ""valid_workflow_draft"": true,
    ""has_context_pack"": true,
    ""has_model_version"": true,
    ""has_prompt_template_version"": true,
    ""review_approved"": true,
    ""joblib_bytes"": true
  },
  ""draft_quality"": {}
}",1,1.0
assistant_eval,needs_revision,registry_object,,f3817d549536a989c8e7cbc6873783e980359c0bf7fd3750d74c768b8d90cbad,,,{},,,"{
  ""draft_id"": ""draft_e2f086b16407""
}",{},{},"{
  ""evaluation_profile"": ""assistant-golden-v1"",
  ""passed"": false,
  ""checks"": {
    ""valid_workflow_draft"": true,
    ""has_context_pack"": true,
    ""has_model_version"": true,
    ""has_prompt_template_version"": true,
    ""review_approved"": false,
    ""registry_payload"": true
  },
  ""draft_quality"": {
    ""title_quality"": true,
    ""summary_quality"": true,
    ""risk_or_assumption_quality"": true,
    ""next_action_quality"": true,
    ""reference_traceability"": true
  }
}",0,0.5
assistant_eval,positive,dataset_generation,,1e328c79a268c289e3cd09f3d05a1616fd5e890b5446ab153db4cfc54742e0f5,,,{},,,"{
  ""draft_id"": ""draft_da7b78dc55ac""
}",{},{},"{
  ""evaluation_profile"": ""assistant-golden-v1"",
  ""passed"": true,
  ""checks"": {
    ""valid_workflow_draft"": true,
    ""has_context_pack"": true,
    ""has_model_version"": true,
    ""has_prompt_template_version"": true,
    ""review_approved"": true,
    ""csv_text"": true
  },
  ""draft_quality"": {}
}",1,1.0
assistant_eval,positive,dataset_generation,,ee2ac51e53fb3f6d97bccf960162805f8cab2d8d78a1f79787439b909454342b,,,{},,,"{
  ""draft_id"": ""draft_cbf487d5d426""
}",{},{},"{
  ""evaluation_profile"": ""assistant-golden-v1"",
  ""passed"": true,
  ""checks"": {
    ""valid_workflow_draft"": true,
    ""has_context_pack"": true,
    ""has_model_version"": true,
    ""has_prompt_template_version"": true,
    ""review_approved"": true,
    ""csv_text"": true
  },
  ""draft_quality"": {
    ""title_quality"": true,
    ""summary_quality"": true,
    ""risk_or_assumption_quality"": true,
    ""next_action_quality"": true,
    ""reference_traceability"": true
  }
}",1,1.0
assistant_eval,positive,feature_operations,,e5a6b46c027dec7dd571068066a750ed682a5d69ce3263714ffdc6e45fa08c67,,,{},,,"{
  ""draft_id"": ""draft_bb81741dc02d""
}",{},{},"{
  ""evaluation_profile"": ""assistant-golden-v1"",
  ""passed"": true,
  ""checks"": {
    ""valid_workflow_draft"": true,
    ""has_context_pack"": true,
    ""has_model_version"": true,
    ""has_prompt_template_version"": true,
    ""review_approved"": true
  },
  ""draft_quality"": {
    ""title_quality"": true,
    ""summary_quality"": true,
    ""risk_or_assumption_quality"": true,
    ""next_action_quality"": true,
    ""reference_traceability"": true
  }
}",1,1.0
assistant_eval,positive,registry_object,,3101d8e1d0b0cbc53c2df97eabe247a267caf5412532e24e359aa85252e7b80c,,,{},,,"{
  ""draft_id"": ""draft_b783d05ded36""
}",{},{},"{
  ""evaluation_profile"": ""assistant-golden-v1"",
  ""passed"": true,
  ""checks"": {
    ""valid_workflow_draft"": true,
    ""has_context_pack"": true,
    ""has_model_version"": true,
    ""has_prompt_template_version"": true,
    ""review_approved"": true,
    ""registry_payload"": true
  },
  ""draft_quality"": {}
}",1,1.0
assistant_eval,positive,registry_object,,f83065a7e2e7cc64d2a6a9af4db7b25e49843de2b485d8a6aadae5361492c7da,,,{},,,"{
  ""draft_id"": ""draft_b06eaa7073a1""
}",{},{},"{
  ""evaluation_profile"": ""assistant-golden-v1"",
  ""passed"": true,
  ""checks"": {
    ""valid_workflow_draft"": true,
    ""has_context_pack"": true,
    ""has_model_version"": true,
    ""has_prompt_template_version"": true,
    ""review_approved"": true,
    ""registry_payload"": true
  },
  ""draft_quality"": {}
}",1,1.0
assistant_eval,positive,registry_object,,35089044d7c1f0d485b629ce9f6b2ab4c054cdffd43212a05ddc497690842c5a,,,{},,,"{
  ""draft_id"": ""draft_a6806f81d20d""
}",{},{},"{
  ""evaluation_profile"": ""assistant-golden-v1"",
  ""passed"": true,
  ""checks"": {
    ""valid_workflow_draft"": true,
    ""has_context_pack"": true,
    ""has_model_version"": true,
    ""has_prompt_template_version"": true,
    ""review_approved"": true,
    ""registry_payload"": true
  },
  ""draft_quality"": {}
}",1,1.0
assistant_eval,positive,registry_object,,1a9e391aceb518c88e6ed19ebe95274e3bb1ded205b3ae629dfc498380c58a5f,,,{},,,"{
  ""draft_id"": ""draft_a5af108cf892""
}",{},{},"{
  ""evaluation_profile"": ""assistant-golden-v1"",
  ""passed"": true,
  ""checks"": {
    ""valid_workflow_draft"": true,
    ""has_context_pack"": true,
    ""has_model_version"": true,
    ""has_prompt_template_version"": true,
    ""review_approved"": true,
    ""registry_payload"": true
  },
  ""draft_quality"": {
    ""title_quality"": true,
    ""summary_quality"": true,
    ""risk_or_assumption_quality"": true,
    ""next_action_quality"": true,
    ""reference_traceability"": true
  }
}",1,1.0
assistant_eval,positive,registry_object,,065ea3c72fa1c992fa03282eef0539ce3e6b7cedd2d14404b98768961d5fa80c,,,{},,,"{
  ""draft_id"": ""draft_9f7d065eccb8""
}",{},{},"{
  ""evaluation_profile"": ""assistant-golden-v1"",
  ""passed"": true,
  ""checks"": {
    ""valid_workflow_draft"": true,
    ""has_context_pack"": true,
    ""has_model_version"": true,
    ""has_prompt_template_version"": true,
    ""review_approved"": true,
    ""registry_payload"": true
  },
  ""draft_quality"": {
    ""title_quality"": true,
    ""summary_quality"": true,
    ""risk_or_assumption_quality"": true,
    ""next_action_quality"": true,
    ""reference_traceability"": true
  }
}",1,1.0
assistant_eval,positive,model_generation,,5924cc0d09d219f3f12ab7122e89dc3507c2ac568b5a10f9702aff026e91389d,,,{},,,"{
  ""draft_id"": ""draft_75e8680bd3b7""
}",{},{},"{
  ""evaluation_profile"": ""assistant-golden-v1"",
  ""passed"": true,
  ""checks"": {
    ""valid_workflow_draft"": true,
    ""has_context_pack"": true,
    ""has_model_version"": true,
    ""has_prompt_template_version"": true,
    ""review_approved"": true,
    ""joblib_bytes"": true
  },
  ""draft_quality"": {
    ""title_quality"": true,
    ""summary_quality"": true,
    ""risk_or_assumption_quality"": true,
    ""next_action_quality"": true,
    ""reference_traceability"": true
  }
}",1,1.0
assistant_eval,positive,dataset_generation,,3670f2b2ac1d6b773f353271c736bf3ece494a5c95db139b4617ff81f0c63f7d,,,{},,,"{
  ""draft_id"": ""draft_75818f297d80""
}",{},{},"{
  ""evaluation_profile"": ""assistant-golden-v1"",
  ""passed"": true,
  ""checks"": {
    ""valid_workflow_draft"": true,
    ""has_context_pack"": true,
    ""has_model_version"": true,
    ""has_prompt_template_version"": true,
    ""review_approved"": true,
    ""csv_text"": true
  },
  ""draft_quality"": {}
}",1,1.0
assistant_eval,positive,dataset_generation,,943d73125ddc7a92fd09202bf1d824e7f1179ab9e1868fc63254ce9cae6e741e,,,{},,,"{
  ""draft_id"": ""draft_74d97532a840""
}",{},{},"{
  ""evaluation_profile"": ""assistant-golden-v1"",
  ""passed"": true,
  ""checks"": {
    ""valid_workflow_draft"": true,
    ""has_context_pack"": true,
    ""has_model_version"": true,
    ""has_prompt_template_version"": true,
    ""review_approved"": true,
    ""csv_text"": true
  },
  ""draft_quality"": {}
}",1,1.0
assistant_eval,positive,registry_object,,dcaa0f6ff75f8713c1335b08a4927cdfc78b36a87b7382adf593226b44ce0a28,,,{},,,"{
  ""draft_id"": ""draft_688139d63d24""
}",{},{},"{
  ""evaluation_profile"": ""assistant-golden-v1"",
  ""passed"": true,
  ""checks"": {
    ""valid_workflow_draft"": true,
    ""has_context_pack"": true,
    ""has_model_version"": true,
    ""has_prompt_template_version"": true,
    ""review_approved"": true,
    ""registry_payload"": true
  },
  ""draft_quality"": {
    ""title_quality"": true,
    ""summary_quality"": true,
    ""risk_or_assumption_quality"": true,
    ""next_action_quality"": true,
    ""reference_traceability"": true
  }
}",1,1.0
assistant_eval,positive,model_generation,,e7fa40deafe786b74feda567ec5c0cd3b8c8697ac99770da9211b5f797ce7908,,,{},,,"{
  ""draft_id"": ""draft_6025bf012ca7""
}",{},{},"{
  ""evaluation_profile"": ""assistant-golden-v1"",
  ""passed"": true,
  ""checks"": {
    ""valid_workflow_draft"": true,
    ""has_context_pack"": true,
    ""has_model_version"": true,
    ""has_prompt_template_version"": true,
    ""review_approved"": true,
    ""joblib_bytes"": true
  },
  ""draft_quality"": {}
}",1,1.0
assistant_eval,positive,dataset_generation,,4492dff18b460b2d46e597ad227b8e446a52d09852b958e25f2baec0b4b2d15b,,,{},,,"{
  ""draft_id"": ""draft_5eec14546243""
}",{},{},"{
  ""evaluation_profile"": ""assistant-golden-v1"",
  ""passed"": true,
  ""checks"": {
    ""valid_workflow_draft"": true,
    ""has_context_pack"": true,
    ""has_model_version"": true,
    ""has_prompt_template_version"": true,
    ""review_approved"": true,
    ""csv_text"": true
  },
  ""draft_quality"": {
    ""title_quality"": true,
    ""summary_quality"": true,
    ""risk_or_assumption_quality"": true,
    ""next_action_quality"": true,
    ""reference_traceability"": true
  }
}",1,1.0
assistant_eval,positive,model_generation,,e4cecf0a9334a512889d689c5854844ded2a9684790c10c2babfa3aee930331b,,,{},,,"{
  ""draft_id"": ""draft_4bee2bf636d6""
}",{},{},"{
  ""evaluation_profile"": ""assistant-golden-v1"",
  ""passed"": true,
  ""checks"": {
    ""valid_workflow_draft"": true,
    ""has_context_pack"": true,
    ""has_model_version"": true,
    ""has_prompt_template_version"": true,
    ""review_approved"": true,
    ""joblib_bytes"": true
  },
  ""draft_quality"": {}
}",1,1.0
assistant_eval,positive,dataset_generation,,d3aac9d050f621046c4e0ed2321c8f33be2c0aed8271c5c83c4d3494b07ea97c,,,{},,,"{
  ""draft_id"": ""draft_47b256a1a886""
}",{},{},"{
  ""evaluation_profile"": ""assistant-golden-v1"",
  ""passed"": true,
  ""checks"": {
    ""valid_workflow_draft"": true,
    ""has_context_pack"": true,
    ""has_model_version"": true,
    ""has_prompt_template_version"": true,
    ""review_approved"": true,
    ""csv_text"": true
  },
  ""draft_quality"": {}
}",1,1.0
assistant_eval,positive,model_generation,,7b76b9ece8e0a9b1b1bb085b885522eca44337955ab4c2827e643382fcabf995,,,{},,,"{
  ""draft_id"": ""draft_3e993ddd578b""
}",{},{},"{
  ""evaluation_profile"": ""assistant-golden-v1"",
  ""passed"": true,
  ""checks"": {
    ""valid_workflow_draft"": true,
    ""has_context_pack"": true,
    ""has_model_version"": true,
    ""has_prompt_template_version"": true,
    ""review_approved"": true,
    ""joblib_bytes"": true
  },
  ""draft_quality"": {}
}",1,1.0
assistant_eval,positive,registry_object,,f6dbba094d6d992327606aec490bf2413c6dc0182491b2e83567e5ad504ff88a,,,{},,,"{
  ""draft_id"": ""draft_2f983b78c89d""
}",{},{},"{
  ""evaluation_profile"": ""assistant-golden-v1"",
  ""passed"": true,
  ""checks"": {
    ""valid_workflow_draft"": true,
    ""has_context_pack"": true,
    ""has_model_version"": true,
    ""has_prompt_template_version"": true,
    ""review_approved"": true,
    ""registry_payload"": true
  },
  ""draft_quality"": {
    ""title_quality"": true,
    ""summary_quality"": true,
    ""risk_or_assumption_quality"": true,
    ""next_action_quality"": true,
    ""reference_traceability"": true
  }
}",1,1.0
assistant_eval,positive,dataset_generation,,ef0950bbaddb567ebdf578ccbca851655c5c43675a019a20483076940ae54875,,,{},,,"{
  ""draft_id"": ""draft_1d0ea7d0737a""
}",{},{},"{
  ""evaluation_profile"": ""assistant-golden-v1"",
  ""passed"": true,
  ""checks"": {
    ""valid_workflow_draft"": true,
    ""has_context_pack"": true,
    ""has_model_version"": true,
    ""has_prompt_template_version"": true,
    ""review_approved"": true,
    ""csv_text"": true
  },
  ""draft_quality"": {}
}",1,1.0
assistant_eval,positive,dataset_generation,,9d0af96f53405590697fa82c602811134c10cb39be69a98f438931d0d8983ccd,,,{},,,"{
  ""draft_id"": ""draft_1c6b0d9283c5""
}",{},{},"{
  ""evaluation_profile"": ""assistant-golden-v1"",
  ""passed"": true,
  ""checks"": {
    ""valid_workflow_draft"": true,
    ""has_context_pack"": true,
    ""has_model_version"": true,
    ""has_prompt_template_version"": true,
    ""review_approved"": true,
    ""csv_text"": true
  },
  ""draft_quality"": {
    ""title_quality"": true,
    ""summary_quality"": true,
    ""risk_or_assumption_quality"": true,
    ""next_action_quality"": true,
    ""reference_traceability"": true
  }
}",1,1.0
assistant_eval,positive,model_generation,,9f55518fba6d5562e8305c75fa66ff98da49982461f892e0410298cffdcf161a,,,{},,,"{
  ""draft_id"": ""draft_19c0d5e74d86""
}",{},{},"{
  ""evaluation_profile"": ""assistant-golden-v1"",
  ""passed"": true,
  ""checks"": {
    ""valid_workflow_draft"": true,
    ""has_context_pack"": true,
    ""has_model_version"": true,
    ""has_prompt_template_version"": true,
    ""review_approved"": true,
    ""joblib_bytes"": true
  },
  ""draft_quality"": {}
}",1,1.0
assistant_eval,positive,dataset_generation,,24f145bb10f9a0c581e31685613bb21b5b569ad143d8e2159636a66b3d06723f,,,{},,,"{
  ""draft_id"": ""draft_032d14e583e8""
}",{},{},"{
  ""evaluation_profile"": ""assistant-golden-v1"",
  ""passed"": true,
  ""checks"": {
    ""valid_workflow_draft"": true,
    ""has_context_pack"": true,
    ""has_model_version"": true,
    ""has_prompt_template_version"": true,
    ""review_approved"": true,
    ""csv_text"": true
  },
  ""draft_quality"": {}
}",1,1.0
assistant_eval,positive,unknown,,,,,{},,,"{
  ""draft_id"": null
}",{},{},"{
  ""evaluation_profile"": ""assistant-golden-v1"",
  ""passed"": true,
  ""checks"": {},
  ""draft_quality"": {}
}",1,1.0
assistant_eval,positive,unknown,,,,,{},,,"{
  ""draft_id"": null
}",{},{},"{
  ""evaluation_profile"": ""assistant-golden-v1"",
  ""passed"": true,
  ""checks"": {},
  ""draft_quality"": {}
}",1,1.0
assistant_eval,positive,unknown,,,,,{},,,"{
  ""draft_id"": null
}",{},{},"{
  ""evaluation_profile"": ""assistant-golden-v1"",
  ""passed"": true,
  ""checks"": {},
  ""draft_quality"": {}
}",1,1.0
assistant_eval,positive,unknown,,,,,{},,,"{
  ""draft_id"": null
}",{},{},"{
  ""evaluation_profile"": ""assistant-golden-v1"",
  ""passed"": true,
  ""checks"": {},
  ""draft_quality"": {}
}",1,1.0
assistant_eval,positive,unknown,,,,,{},,,"{
  ""draft_id"": null
}",{},{},"{
  ""evaluation_profile"": ""assistant-golden-v1"",
  ""passed"": true,
  ""checks"": {},
  ""draft_quality"": {}
}",1,1.0
assistant_eval,positive,unknown,,,,,{},,,"{
  ""draft_id"": null
}",{},{},"{
  ""evaluation_profile"": ""assistant-golden-v1"",
  ""passed"": true,
  ""checks"": {},
  ""draft_quality"": {}
}",1,1.0
assistant_run,positive,assistant,make a model about classification,56440561abf9d72b035e5eedb7231dcec7b1101c1bf7aff16bf25e9c4ce5734f,,,{},,,"{
  ""draft_id"": ""draft_60b037ec8490"",
  ""session_id"": null,
  ""draft_type"": ""model_generation"",
  ""title"": ""Generated Model Draft"",
  ""summary"": ""Creates a scikit-learn joblib artifact and matching LearningModel metadata for the Create workspace."",
  ""prompt"": ""make a model about classification"",
  ""status"": ""draft"",
  ""provider"": ""assistant_model_38"",
  ""created_at"": ""2026-05-22T20:51:23.299894"",
  ""code"": ""# Assistant model draft\n# make a model about classification\n\nimport base64\nimport io\nimport joblib\nfrom sklearn.ensemble import RandomForestRegressor\n\nmodel = RandomForestRegressor(n_estimators=80, random_state=42)\nbuffer = io.BytesIO()\njoblib.dump(model, buffer)\nbuffer.seek(0)\n\njoblib_bytes = base64.b64encode(buffer.getvalue()).decode(\""utf-8\"")\nname = \""assistant_generated_model\""\ndescription = \""Scikit-learn model artifact drafted by the Amanaje assistant.\""\nobject_type = \""learning_model\""\npath = \""generated/assistant_generated_model.joblib\""\nversion = 1\nmodel_type = \""supervised_model\""\nparameters = {\""framework\"": \""sklearn\"", \""estimator_class\"": \""RandomForestRegressor\"", \""n_estimators\"": 80, \""random_state\"": 42}\nmetrics = {\""task\"": \""regression\"", \""status\"": \""untrained_template\""}\nreference_data = \""assistant_generated_dataset.csv\""\ninput_features = [\""feature_a\"", \""feature_b\""]\noutput_features = [\""target\""]\nis_trained = False\nis_tested = False\nis_deployed = False"",
  ""operations"": [],
  ""registry_payload"": {},
  ""registry_type"": null,
  ""form_payload"": {},
  ""training_request"": {},
  ""study_request"": {},
  ""execution_profile"": ""model_generation"",
  ""materialized_outputs"": [
    ""joblib_bytes"",
    ""name"",
    ""parameters"",
    ""metrics"",
    ""input_features"",
    ""output_features""
  ],
  ""artifacts"": {
    ""context_pack"": {
      ""id"": ""ctx_9dec5171fb68"",
      ""hash"": ""56440561abf9d72b035e5eedb7231dcec7b1101c1bf7aff16bf25e9c4ce5734f"",
      ""version"": ""assistant-context-pack-v1"",
      ""payload"": {
        ""context_pack_id"": ""ctx_9dec5171fb68"",
        ""version"": ""assistant-context-pack-v1"",
        ""prompt"": ""make a model about classification"",
        ""workflow_goal"": null,
        ""target_type"": ""model_generation"",
        ""provider"": ""assistant_model_38"",
        ""registry_type"": null,
        ""form_values"": {},
        ""constraints"": {},
        ""safety_profile"": ""model_generation"",
        ""allowed_imports"": [
          ""base64"",
          ""io"",
          ""joblib"",
          ""numpy"",
          ""pandas"",
          ""sklearn""
        ],
        ""allowed_dependencies"": [
          ""joblib"",
          ""numpy"",
          ""pandas"",
          ""scikit-learn""
        ],
        ""content_references"": [
          {
            ""reference_id"": ""ref_system_project_schema_model_generation"",
            ""source_type"": ""project_schema"",
            ""name"": ""assistant_workflow_draft"",
            ""summary"": ""WorkflowDraft is the structured output contract for assistant providers."",
            ""trust_level"": ""system"",
            ""uri"": null,
            ""metadata"": {
              ""target_type"": ""model_generation""
            },
            ""content_hash"": null,
            ""tags"": [],
            ""created_at"": ""2026-05-22T20:51:23.276209""
          },
          {
            ""reference_id"": ""ref_system_safety_model_generation"",
            ""source_type"": ""safety_profile"",
            ""name"": ""model_generation"",
            ""summary"": ""Allowed imports, dependencies, and required outputs for assistant-reviewed code."",
            ""trust_level"": ""system"",
            ""uri"": null,
            ""metadata"": {
              ""allowed_imports"": [
                ""numpy"",
                ""base64"",
                ""pandas"",
                ""joblib"",
                ""sklearn"",
                ""io""
              ],
              ""allowed_dependencies"": [
                ""scikit-learn"",
                ""joblib"",
                ""numpy"",
                ""pandas""
              ],
              ""required_outputs"": [
                ""joblib_bytes""
              ]
            },
            ""content_hash"": null,
            ""tags"": [],
            ""created_at"": ""2026-05-22T20:51:23.276243""
          },
          {
            ""reference_id"": ""ref_system_alignment_contracts"",
            ""source_type"": ""alignment_contracts"",
            ""name"": ""assistant_alignment_contracts"",
            ""summary"": ""The five alignment contracts that every private assistant draft is evaluated against."",
            ""trust_level"": ""system"",
            ""uri"": null,
            ""metadata"": {
              ""output_alignment"": ""Every response must validate as WorkflowDraft and include the required workflow outputs."",
              ""safety_alignment"": ""Generated code must pass assistant_safety.py before approval or execution."",
              ""registry_alignment"": ""Registry drafts must map to the supported manual registry object payloads."",
              ""dependency_alignment"": ""Drafted code must stay inside allowed imports, dependencies, and artifact formats."",
              ""mlflow_alignment"": ""Drafts, evals, context packs, prompt versions, and model versions must be traceable.""
            },
            ""content_hash"": null,
            ""tags"": [],
            ""created_at"": ""2026-05-22T20:51:23.276265""
          },
          {
            ""reference_id"": ""ref_system_prompt_model_generation"",
            ""source_type"": ""prompt_template"",
            ""name"": ""amanaje-assistant-template-v1"",
            ""summary"": ""Draft safe Python code that creates a scikit-learn joblib artifact as base64 joblib_bytes plus LearningModel metadata. The artifact is a template, must not train on hidden data, and must match project dependency constraints."",
            ""trust_level"": ""system"",
            ""uri"": null,
            ""metadata"": {
              ""prompt_template_version"": ""amanaje-assistant-template-v1""
            },
            ""content_hash"": null,
            ""tags"": [],
            ""created_at"": ""2026-05-22T20:51:23.276290""
          },
          {
            ""reference_id"": ""ref_system_writing_guide"",
            ""source_type"": ""draft_writing_guide"",
            ""name"": ""amanaje_assistant_writing_guide"",
            ""summary"": ""Project writing guidance for draft titles, summaries, metadata, risks, assumptions, and next actions."",
            ""trust_level"": ""system"",
            ""uri"": null,
            ""metadata"": {
              ""voice"": ""Concrete, project-aware, concise, and operational."",
              ""titles"": ""Name the artifact or workflow outcome, not the assistant action."",
              ""summaries"": ""State what the draft creates, how it fits Painel Amanaje, and what remains for user approval."",
              ""metadata"": ""Prefer registry-compatible names, versions, paths, feature names, and dependency declarations."",
              ""risks"": ""Name practical limitations such as synthetic distribution mismatch, missing IDs, or untrained artifacts."",
              ""next_actions"": ""Use short workflow actions that match reviewed draft, guarded run, upload, or registry submit steps."",
              ""references"": ""Use internal reference summaries and cite their reference IDs in metadata when they shape the draft."",
              ""originality"": ""Generate project-specific assets from the request and internal references; do not copy raw reference text.""
            },
            ""content_hash"": null,
            ""tags"": [],
            ""created_at"": ""2026-05-22T20:51:23.276318""
          },
          {
            ""reference_id"": ""ref_system_quality_rubric"",
            ""source_type"": ""draft_quality_rubric"",
            ""name"": ""amanaje_assistant_quality_rubric"",
            ""summary"": ""Quality checks used to evaluate generated draft text and metadata."",
            ""trust_level"": ""system"",
            ""uri"": null,
            ""metadata"": {
              ""title_quality"": ""Title is specific to the requested artifact or workflow."",
              ""summary_quality"": ""Summary is not generic and explains the generated draft's project fit."",
              ""metadata_quality"": ""Registry metadata and materialized outputs match project schemas."",
              ""risk_quality"": ""Risks and assumptions are concrete enough for user review."",
              ""reference_quality"": ""Internal references are summarized, traceable, and not copied raw into prompts.""
            },
            ""content_hash"": null,
            ""tags"": [],
            ""created_at"": ""2026-05-22T20:51:23.276341""
          },
          {
            ""reference_id"": ""ref_system_mlflow_tracking"",
            ""source_type"": ""mlflow_tracking"",
            ""name"": ""assistant/amanaje_slm"",
            ""summary"": ""Assistant model versions, evals, training examples, and promotion reports are tracked in MLflow."",
            ""trust_level"": ""system"",
            ""uri"": ""assistant/amanaje_slm"",
            ""metadata"": {
              ""experiment_name"": ""assistant/amanaje_slm"",
              ""evaluation_profile"": ""assistant-golden-v1"",
              ""context_pack_version"": ""assistant-context-pack-v1""
            },
            ""content_hash"": null,
            ""tags"": [],
            ""created_at"": ""2026-05-22T20:51:23.276367""
          },
          {
            ""reference_id"": ""ref_runtime_assistant_reference_snapshot"",
            ""source_type"": ""runtime_context"",
            ""name"": ""assistant_reference_snapshot"",
            ""summary"": ""keys: eval_dir, interactions_path, recent_evals, recent_examples, source_type"",
            ""trust_level"": ""runtime"",
            ""uri"": null,
            ""metadata"": {
              ""source_type"": ""assistant_reference_snapshot"",
              ""interactions_path"": ""/app/runtime_artifacts/assistant_datasets/interactions.jsonl"",
              ""eval_dir"": ""/app/runtime_artifacts/assistant_evals"",
              ""recent_examples"": [
                {
                  ""label"": ""positive"",
                  ""workflow_type"": ""model_generation"",
                  ""provider"": ""assistant_model_28"",
                  ""model_version"": ""registry-assistant-draft-0.1"",
                  ""context_pack_hash"": ""5924cc0d09d219f3f12ab7122e89dc3507c2ac568b5a10f9702aff026e91389d"",
                  ""review_status"": ""approved""
                },
                {
                  ""label"": ""corrected"",
                  ""workflow_type"": ""model_generation"",
                  ""provider"": ""assistant_model_28"",
                  ""model_version"": ""registry-assistant-draft-0.1"",
                  ""context_pack_hash"": ""5924cc0d09d219f3f12ab7122e89dc3507c2ac568b5a10f9702aff026e91389d"",
                  ""review_status"": ""approved""
                },
                {
                  ""label"": ""negative"",
                  ""workflow_type"": ""registry_object"",
                  ""provider"": ""assistant_model_28"",
                  ""model_version"": ""registry-assistant-draft-0.1"",
                  ""context_pack_hash"": ""f3817d549536a989c8e7cbc6873783e980359c0bf7fd3750d74c768b8d90cbad"",
                  ""review_status"": ""needs_revision""
                }
              ],
              ""recent_evals"": [
                {
                  ""file"": ""draft_4987281b1a80_eval.json"",
                  ""draft_type"": ""dataset_generation"",
                  ""passed"": true,
                  ""evaluation_profile"": ""assistant-golden-v1""
                },
                {
                  ""file"": ""draft_20cd35351011_eval.json"",
                  ""draft_type"": ""dataset_generation"",
                  ""passed"": true,
                  ""evaluation_profile"": ""assistant-golden-v1""
                },
                {
                  ""file"": ""draft_4c8877462420_eval.json"",
                  ""draft_type"": ""dataset_generation"",
                  ""passed"": true,
                  ""evaluation_profile"": ""assistant-golden-v1""
                }
              ]
            },

[TRUNCATED: original_length=52204]","{
  ""status"": ""approved"",
  ""approved"": true,
  ""safety"": {
    ""ok"": true,
    ""risk_level"": ""low"",
    ""profile"": ""model_generation"",
    ""violations"": [],
    ""warnings"": [],
    ""allowed_imports"": [
      ""base64"",
      ""io"",
      ""joblib"",
      ""numpy"",
      ""pandas"",
      ""sklearn""
    ],
    ""allowed_dependencies"": [
      ""joblib"",
      ""numpy"",
      ""pandas"",
      ""scikit-learn""
    ],
    ""blocked_names"": [
      ""__import__"",
      ""breakpoint"",
      ""compile"",
      ""delattr"",
      ""dir"",
      ""eval"",
      ""exec"",
      ""getattr"",
      ""globals"",
      ""input"",
      ""locals"",
      ""open"",
      ""setattr"",
      ""vars""
    ],
    ""materialized_output_checks"": {
      ""joblib_bytes"": true
    }
  },
  ""messages"": [
    ""Model code is review-safe and ready for guarded execution.""
  ],
  ""required_actions"": [],
  ""reviewed_at"": ""2026-05-22T20:51:23.306928""
}",{},"{
  ""status"": ""completed"",
  ""stage"": ""reviewed"",
  ""metric_count"": 4,
  ""artifact_count"": 0
}",1,1.0
assistant_run,positive,assistant,make a dataset about keyboards,8c12e91a78fd31791e949ecfc4e740605f0821b8fc84eea7227b5ee023f3e3b9,,,{},,,"{
  ""draft_id"": ""draft_4987281b1a80"",
  ""session_id"": null,
  ""draft_type"": ""dataset_generation"",
  ""title"": ""Generated Dataset Draft"",
  ""summary"": ""Creates a tabular dataset and exposes it as csv_text for the existing upload/create flow."",
  ""prompt"": ""make a dataset about keyboards"",
  ""status"": ""draft"",
  ""provider"": ""assistant_model_38"",
  ""created_at"": ""2026-05-22T20:51:01.764296"",
  ""code"": ""# Assistant dataset draft\n# make a dataset about keyboards\n\nimport numpy as np\nimport pandas as pd\n\nrng = np.random.default_rng(42)\nrow_count = 100\ndf = pd.DataFrame({\n    \""feature_a\"": rng.normal(10, 2, row_count).round(4),\n    \""feature_b\"": rng.integers(0, 5, row_count),\n    \""segment\"": rng.choice([\""baseline\"", \""growth\"", \""risk\""], row_count),\n})\ndf[\""target\""] = (df[\""feature_a\""] * 0.7 + df[\""feature_b\""] * 1.5 + rng.normal(0, 0.5, row_count)).round(4)\n\ncsv_text = df.to_csv(index=False)\nname = \""assistant_generated_dataset\""\ndescription = \""Dataset drafted by the Amanaje assistant.\""\nobject_type = \""dataset\""\ndataset_type = \""dataset\""\nversion = 1\nconnection_string = \""\"""",
  ""operations"": [],
  ""registry_payload"": {},
  ""registry_type"": null,
  ""form_payload"": {},
  ""training_request"": {},
  ""study_request"": {},
  ""execution_profile"": ""dataset_generation"",
  ""materialized_outputs"": [
    ""csv_text"",
    ""name"",
    ""description"",
    ""object_type"",
    ""dataset_type""
  ],
  ""artifacts"": {
    ""context_pack"": {
      ""id"": ""ctx_d0aed8f61e0b"",
      ""hash"": ""8c12e91a78fd31791e949ecfc4e740605f0821b8fc84eea7227b5ee023f3e3b9"",
      ""version"": ""assistant-context-pack-v1"",
      ""payload"": {
        ""context_pack_id"": ""ctx_d0aed8f61e0b"",
        ""version"": ""assistant-context-pack-v1"",
        ""prompt"": ""make a dataset about keyboards"",
        ""workflow_goal"": null,
        ""target_type"": ""dataset_generation"",
        ""provider"": ""assistant_model_38"",
        ""registry_type"": null,
        ""form_values"": {},
        ""constraints"": {},
        ""safety_profile"": ""dataset_generation"",
        ""allowed_imports"": [
          ""datetime"",
          ""math"",
          ""numpy"",
          ""pandas"",
          ""random"",
          ""statistics""
        ],
        ""allowed_dependencies"": [
          ""numpy"",
          ""pandas""
        ],
        ""content_references"": [
          {
            ""reference_id"": ""ref_system_project_schema_dataset_generation"",
            ""source_type"": ""project_schema"",
            ""name"": ""assistant_workflow_draft"",
            ""summary"": ""WorkflowDraft is the structured output contract for assistant providers."",
            ""trust_level"": ""system"",
            ""uri"": null,
            ""metadata"": {
              ""target_type"": ""dataset_generation""
            },
            ""content_hash"": null,
            ""tags"": [],
            ""created_at"": ""2026-05-22T20:51:01.716664""
          },
          {
            ""reference_id"": ""ref_system_safety_dataset_generation"",
            ""source_type"": ""safety_profile"",
            ""name"": ""dataset_generation"",
            ""summary"": ""Allowed imports, dependencies, and required outputs for assistant-reviewed code."",
            ""trust_level"": ""system"",
            ""uri"": null,
            ""metadata"": {
              ""allowed_imports"": [
                ""numpy"",
                ""math"",
                ""datetime"",
                ""pandas"",
                ""statistics"",
                ""random""
              ],
              ""allowed_dependencies"": [
                ""numpy"",
                ""pandas""
              ],
              ""required_outputs"": [
                ""csv_text""
              ]
            },
            ""content_hash"": null,
            ""tags"": [],
            ""created_at"": ""2026-05-22T20:51:01.716713""
          },
          {
            ""reference_id"": ""ref_system_alignment_contracts"",
            ""source_type"": ""alignment_contracts"",
            ""name"": ""assistant_alignment_contracts"",
            ""summary"": ""The five alignment contracts that every private assistant draft is evaluated against."",
            ""trust_level"": ""system"",
            ""uri"": null,
            ""metadata"": {
              ""output_alignment"": ""Every response must validate as WorkflowDraft and include the required workflow outputs."",
              ""safety_alignment"": ""Generated code must pass assistant_safety.py before approval or execution."",
              ""registry_alignment"": ""Registry drafts must map to the supported manual registry object payloads."",
              ""dependency_alignment"": ""Drafted code must stay inside allowed imports, dependencies, and artifact formats."",
              ""mlflow_alignment"": ""Drafts, evals, context packs, prompt versions, and model versions must be traceable.""
            },
            ""content_hash"": null,
            ""tags"": [],
            ""created_at"": ""2026-05-22T20:51:01.716731""
          },
          {
            ""reference_id"": ""ref_system_prompt_dataset_generation"",
            ""source_type"": ""prompt_template"",
            ""name"": ""amanaje-assistant-template-v1"",
            ""summary"": ""Draft safe Python code that creates synthetic tabular data and exposes csv_text plus dataset metadata. Use only allowed dependencies, align names with trusted internal references, and never write files."",
            ""trust_level"": ""system"",
            ""uri"": null,
            ""metadata"": {
              ""prompt_template_version"": ""amanaje-assistant-template-v1""
            },
            ""content_hash"": null,
            ""tags"": [],
            ""created_at"": ""2026-05-22T20:51:01.716747""
          },
          {
            ""reference_id"": ""ref_system_writing_guide"",
            ""source_type"": ""draft_writing_guide"",
            ""name"": ""amanaje_assistant_writing_guide"",
            ""summary"": ""Project writing guidance for draft titles, summaries, metadata, risks, assumptions, and next actions."",
            ""trust_level"": ""system"",
            ""uri"": null,
            ""metadata"": {
              ""voice"": ""Concrete, project-aware, concise, and operational."",
              ""titles"": ""Name the artifact or workflow outcome, not the assistant action."",
              ""summaries"": ""State what the draft creates, how it fits Painel Amanaje, and what remains for user approval."",
              ""metadata"": ""Prefer registry-compatible names, versions, paths, feature names, and dependency declarations."",
              ""risks"": ""Name practical limitations such as synthetic distribution mismatch, missing IDs, or untrained artifacts."",
              ""next_actions"": ""Use short workflow actions that match reviewed draft, guarded run, upload, or registry submit steps."",
              ""references"": ""Use internal reference summaries and cite their reference IDs in metadata when they shape the draft."",
              ""originality"": ""Generate project-specific assets from the request and internal references; do not copy raw reference text.""
            },
            ""content_hash"": null,
            ""tags"": [],
            ""created_at"": ""2026-05-22T20:51:01.716763""
          },
          {
            ""reference_id"": ""ref_system_quality_rubric"",
            ""source_type"": ""draft_quality_rubric"",
            ""name"": ""amanaje_assistant_quality_rubric"",
            ""summary"": ""Quality checks used to evaluate generated draft text and metadata."",
            ""trust_level"": ""system"",
            ""uri"": null,
            ""metadata"": {
              ""title_quality"": ""Title is specific to the requested artifact or workflow."",
              ""summary_quality"": ""Summary is not generic and explains the generated draft's project fit."",
              ""metadata_quality"": ""Registry metadata and materialized outputs match project schemas."",
              ""risk_quality"": ""Risks and assumptions are concrete enough for user review."",
              ""reference_quality"": ""Internal references are summarized, traceable, and not copied raw into prompts.""
            },
            ""content_hash"": null,
            ""tags"": [],
            ""created_at"": ""2026-05-22T20:51:01.716777""
          },
          {
            ""reference_id"": ""ref_system_mlflow_tracking"",
            ""source_type"": ""mlflow_tracking"",
            ""name"": ""assistant/amanaje_slm"",
            ""summary"": ""Assistant model versions, evals, training examples, and promotion reports are tracked in MLflow."",
            ""trust_level"": ""system"",
            ""uri"": ""assistant/amanaje_slm"",
            ""metadata"": {
              ""experiment_name"": ""assistant/amanaje_slm"",
              ""evaluation_profile"": ""assistant-golden-v1"",
              ""context_pack_version"": ""assistant-context-pack-v1""
            },
            ""content_hash"": null,
            ""tags"": [],
            ""created_at"": ""2026-05-22T20:51:01.716792""
          },
          {
            ""reference_id"": ""ref_runtime_assistant_reference_snapshot"",
            ""source_type"": ""runtime_context"",
            ""name"": ""assistant_reference_snapshot"",
            ""summary"": ""keys: eval_dir, interactions_path, recent_evals, recent_examples, source_type"",
            ""trust_level"": ""runtime"",
            ""uri"": null,
            ""metadata"": {
              ""source_type"": ""assistant_reference_snapshot"",
              ""interactions_path"": ""/app/runtime_artifacts/assistant_datasets/interactions.jsonl"",
              ""eval_dir"": ""/app/runtime_artifacts/assistant_evals"",
              ""recent_examples"": [
                {
                  ""label"": ""positive"",
                  ""workflow_type"": ""model_generation"",
                  ""provider"": ""assistant_model_28"",
                  ""model_version"": ""registry-assistant-draft-0.1"",
                  ""context_pack_hash"": ""5924cc0d09d219f3f12ab7122e89dc3507c2ac568b5a10f9702aff026e91389d"",
                  ""review_status"": ""approved""
                },
                {
                  ""label"": ""corrected"",
                  ""workflow_type"": ""model_generation"",
                  ""provider"": ""assistant_model_28"",
                  ""model_version"": ""registry-assistant-draft-0.1"",
                  ""context_pack_hash"": ""5924cc0d09d219f3f12ab7122e89dc3507c2ac568b5a10f9702aff026e91389d"",
                  ""review_status"": ""approved""
                },
                {
                  ""label"": ""negative"",
                  ""workflow_type"": ""registry_object"",
                  ""provider"": ""assistant_model_28"",
                  ""model_version"": ""registry-assistant-draft-0.1"",
                  ""context_pack_hash"": ""f3817d549536a989c8e7cbc6873783e980359c0bf7fd3750d74c768b8d90cbad"",
                  ""review_status"": ""needs_revision""
                }
              ],
              ""recent_evals"": [
                {
                  ""file"": ""draft_20cd35351011_eval.json"",
                  ""draft_type"": ""dataset_generation"",
                  ""passed"": true,
                  ""evaluation_profile"": ""assistant-golden-v1""
                },
                {
                  ""file"": ""draft_4c8877462420_eval.json"",
                  ""draft_type"": ""dataset_generation"",
                  ""passed"": true,
                  ""evaluation_profile"": ""assistant-golden-v1""
                },
                {
                  ""file"": ""draft_b4e324fde39a_eval.json"",
                  ""draft_type"": ""dataset_generation"",
                  ""passed"": true,
                  ""evaluation_profile"": ""assistant-golden-v1""
                }
              ]
            },
            ""content_hash"": null,
            ""tags"": [],
            ""created_at"": ""2026-05-22T20:51:01.716872""
          }
        ],
        ""reference_pack_id"": ""refpack_e85e6da44731"",
        ""reference_pack_hash"": ""fe28185230edc9a1b199d8e6a672b25e2ee8dc15f686198abf7154bdc5ebe9d0"",
        ""selected_reference_ids"": [
          ""ref_system_project_schema_dataset_generation"",
          ""ref_system_safety_dataset_generation"",
          ""ref_syste

[TRUNCATED: original_length=51391]","{
  ""status"": ""approved"",
  ""approved"": true,
  ""safety"": {
    ""ok"": true,
    ""risk_level"": ""low"",
    ""profile"": ""dataset_generation"",
    ""violations"": [],
    ""warnings"": [],
    ""allowed_imports"": [
      ""datetime"",
      ""math"",
      ""numpy"",
      ""pandas"",
      ""random"",
      ""statistics""
    ],
    ""allowed_dependencies"": [
      ""numpy"",
      ""pandas""
    ],
    ""blocked_names"": [
      ""__import__"",
      ""breakpoint"",
      ""compile"",
      ""delattr"",
      ""dir"",
      ""eval"",
      ""exec"",
      ""getattr"",
      ""globals"",
      ""input"",
      ""locals"",
      ""open"",
      ""setattr"",
      ""vars""
    ],
    ""materialized_output_checks"": {
      ""csv_text"": true
    }
  },
  ""messages"": [
    ""Dataset code is review-safe and ready for explicit execution approval.""
  ],
  ""required_actions"": [],
  ""reviewed_at"": ""2026-05-22T20:51:01.773631""
}",{},"{
  ""status"": ""completed"",
  ""stage"": ""reviewed"",
  ""metric_count"": 4,
  ""artifact_count"": 0
}",1,1.0
assistant_run,positive,assistant,create a dataset about keyboards,16fc58d59b0d44717043d8a29b26fb83a9bcdc55dea8cee0486ac0a3993133f0,,,{},,,"{
  ""draft_id"": ""draft_20cd35351011"",
  ""session_id"": null,
  ""draft_type"": ""dataset_generation"",
  ""title"": ""Generated Dataset Draft"",
  ""summary"": ""Creates a tabular dataset and exposes it as csv_text for the existing upload/create flow."",
  ""prompt"": ""create a dataset about keyboards"",
  ""status"": ""draft"",
  ""provider"": ""assistant_model_38"",
  ""created_at"": ""2026-05-22T20:49:54.452757"",
  ""code"": ""# Assistant dataset draft\n# create a dataset about keyboards\n\nimport numpy as np\nimport pandas as pd\n\nrng = np.random.default_rng(42)\nrow_count = 100\ndf = pd.DataFrame({\n    \""feature_a\"": rng.normal(10, 2, row_count).round(4),\n    \""feature_b\"": rng.integers(0, 5, row_count),\n    \""segment\"": rng.choice([\""baseline\"", \""growth\"", \""risk\""], row_count),\n})\ndf[\""target\""] = (df[\""feature_a\""] * 0.7 + df[\""feature_b\""] * 1.5 + rng.normal(0, 0.5, row_count)).round(4)\n\ncsv_text = df.to_csv(index=False)\nname = \""assistant_generated_dataset\""\ndescription = \""Dataset drafted by the Amanaje assistant.\""\nobject_type = \""dataset\""\ndataset_type = \""dataset\""\nversion = 1\nconnection_string = \""\"""",
  ""operations"": [],
  ""registry_payload"": {},
  ""registry_type"": null,
  ""form_payload"": {},
  ""training_request"": {},
  ""study_request"": {},
  ""execution_profile"": ""dataset_generation"",
  ""materialized_outputs"": [
    ""csv_text"",
    ""name"",
    ""description"",
    ""object_type"",
    ""dataset_type""
  ],
  ""artifacts"": {
    ""context_pack"": {
      ""id"": ""ctx_b1009f2be84e"",
      ""hash"": ""16fc58d59b0d44717043d8a29b26fb83a9bcdc55dea8cee0486ac0a3993133f0"",
      ""version"": ""assistant-context-pack-v1"",
      ""payload"": {
        ""context_pack_id"": ""ctx_b1009f2be84e"",
        ""version"": ""assistant-context-pack-v1"",
        ""prompt"": ""create a dataset about keyboards"",
        ""workflow_goal"": null,
        ""target_type"": ""dataset_generation"",
        ""provider"": ""assistant_model_38"",
        ""registry_type"": null,
        ""form_values"": {},
        ""constraints"": {
          ""max_references"": 8
        },
        ""safety_profile"": ""dataset_generation"",
        ""allowed_imports"": [
          ""datetime"",
          ""math"",
          ""numpy"",
          ""pandas"",
          ""random"",
          ""statistics""
        ],
        ""allowed_dependencies"": [
          ""numpy"",
          ""pandas""
        ],
        ""content_references"": [
          {
            ""reference_id"": ""ref_system_project_schema_dataset_generation"",
            ""source_type"": ""project_schema"",
            ""name"": ""assistant_workflow_draft"",
            ""summary"": ""WorkflowDraft is the structured output contract for assistant providers."",
            ""trust_level"": ""system"",
            ""uri"": null,
            ""metadata"": {
              ""target_type"": ""dataset_generation""
            },
            ""content_hash"": null,
            ""tags"": [],
            ""created_at"": ""2026-05-22T20:49:54.443095""
          },
          {
            ""reference_id"": ""ref_system_safety_dataset_generation"",
            ""source_type"": ""safety_profile"",
            ""name"": ""dataset_generation"",
            ""summary"": ""Allowed imports, dependencies, and required outputs for assistant-reviewed code."",
            ""trust_level"": ""system"",
            ""uri"": null,
            ""metadata"": {
              ""allowed_imports"": [
                ""statistics"",
                ""pandas"",
                ""math"",
                ""random"",
                ""datetime"",
                ""numpy""
              ],
              ""allowed_dependencies"": [
                ""pandas"",
                ""numpy""
              ],
              ""required_outputs"": [
                ""csv_text""
              ]
            },
            ""content_hash"": null,
            ""tags"": [],
            ""created_at"": ""2026-05-22T20:49:54.443132""
          },
          {
            ""reference_id"": ""ref_system_alignment_contracts"",
            ""source_type"": ""alignment_contracts"",
            ""name"": ""assistant_alignment_contracts"",
            ""summary"": ""The five alignment contracts that every private assistant draft is evaluated against."",
            ""trust_level"": ""system"",
            ""uri"": null,
            ""metadata"": {
              ""output_alignment"": ""Every response must validate as WorkflowDraft and include the required workflow outputs."",
              ""safety_alignment"": ""Generated code must pass assistant_safety.py before approval or execution."",
              ""registry_alignment"": ""Registry drafts must map to the supported manual registry object payloads."",
              ""dependency_alignment"": ""Drafted code must stay inside allowed imports, dependencies, and artifact formats."",
              ""mlflow_alignment"": ""Drafts, evals, context packs, prompt versions, and model versions must be traceable.""
            },
            ""content_hash"": null,
            ""tags"": [],
            ""created_at"": ""2026-05-22T20:49:54.443153""
          },
          {
            ""reference_id"": ""ref_system_prompt_dataset_generation"",
            ""source_type"": ""prompt_template"",
            ""name"": ""amanaje-assistant-template-v1"",
            ""summary"": ""Draft safe Python code that creates synthetic tabular data and exposes csv_text plus dataset metadata. Use only allowed dependencies, align names with trusted internal references, and never write files."",
            ""trust_level"": ""system"",
            ""uri"": null,
            ""metadata"": {
              ""prompt_template_version"": ""amanaje-assistant-template-v1""
            },
            ""content_hash"": null,
            ""tags"": [],
            ""created_at"": ""2026-05-22T20:49:54.443176""
          },
          {
            ""reference_id"": ""ref_system_writing_guide"",
            ""source_type"": ""draft_writing_guide"",
            ""name"": ""amanaje_assistant_writing_guide"",
            ""summary"": ""Project writing guidance for draft titles, summaries, metadata, risks, assumptions, and next actions."",
            ""trust_level"": ""system"",
            ""uri"": null,
            ""metadata"": {
              ""voice"": ""Concrete, project-aware, concise, and operational."",
              ""titles"": ""Name the artifact or workflow outcome, not the assistant action."",
              ""summaries"": ""State what the draft creates, how it fits Painel Amanaje, and what remains for user approval."",
              ""metadata"": ""Prefer registry-compatible names, versions, paths, feature names, and dependency declarations."",
              ""risks"": ""Name practical limitations such as synthetic distribution mismatch, missing IDs, or untrained artifacts."",
              ""next_actions"": ""Use short workflow actions that match reviewed draft, guarded run, upload, or registry submit steps."",
              ""references"": ""Use internal reference summaries and cite their reference IDs in metadata when they shape the draft."",
              ""originality"": ""Generate project-specific assets from the request and internal references; do not copy raw reference text.""
            },
            ""content_hash"": null,
            ""tags"": [],
            ""created_at"": ""2026-05-22T20:49:54.443202""
          },
          {
            ""reference_id"": ""ref_system_quality_rubric"",
            ""source_type"": ""draft_quality_rubric"",
            ""name"": ""amanaje_assistant_quality_rubric"",
            ""summary"": ""Quality checks used to evaluate generated draft text and metadata."",
            ""trust_level"": ""system"",
            ""uri"": null,
            ""metadata"": {
              ""title_quality"": ""Title is specific to the requested artifact or workflow."",
              ""summary_quality"": ""Summary is not generic and explains the generated draft's project fit."",
              ""metadata_quality"": ""Registry metadata and materialized outputs match project schemas."",
              ""risk_quality"": ""Risks and assumptions are concrete enough for user review."",
              ""reference_quality"": ""Internal references are summarized, traceable, and not copied raw into prompts.""
            },
            ""content_hash"": null,
            ""tags"": [],
            ""created_at"": ""2026-05-22T20:49:54.443226""
          },
          {
            ""reference_id"": ""ref_system_mlflow_tracking"",
            ""source_type"": ""mlflow_tracking"",
            ""name"": ""assistant/amanaje_slm"",
            ""summary"": ""Assistant model versions, evals, training examples, and promotion reports are tracked in MLflow."",
            ""trust_level"": ""system"",
            ""uri"": ""assistant/amanaje_slm"",
            ""metadata"": {
              ""experiment_name"": ""assistant/amanaje_slm"",
              ""evaluation_profile"": ""assistant-golden-v1"",
              ""context_pack_version"": ""assistant-context-pack-v1""
            },
            ""content_hash"": null,
            ""tags"": [],
            ""created_at"": ""2026-05-22T20:49:54.443249""
          },
          {
            ""reference_id"": ""ref_runtime_assistant_reference_snapshot"",
            ""source_type"": ""runtime_context"",
            ""name"": ""assistant_reference_snapshot"",
            ""summary"": ""keys: eval_dir, interactions_path, recent_evals, recent_examples, source_type"",
            ""trust_level"": ""runtime"",
            ""uri"": null,
            ""metadata"": {
              ""source_type"": ""assistant_reference_snapshot"",
              ""interactions_path"": ""/app/runtime_artifacts/assistant_datasets/interactions.jsonl"",
              ""eval_dir"": ""/app/runtime_artifacts/assistant_evals"",
              ""recent_examples"": [
                {
                  ""label"": ""positive"",
                  ""workflow_type"": ""model_generation"",
                  ""provider"": ""assistant_model_28"",
                  ""model_version"": ""registry-assistant-draft-0.1"",
                  ""context_pack_hash"": ""5924cc0d09d219f3f12ab7122e89dc3507c2ac568b5a10f9702aff026e91389d"",
                  ""review_status"": ""approved""
                },
                {
                  ""label"": ""corrected"",
                  ""workflow_type"": ""model_generation"",
                  ""provider"": ""assistant_model_28"",
                  ""model_version"": ""registry-assistant-draft-0.1"",
                  ""context_pack_hash"": ""5924cc0d09d219f3f12ab7122e89dc3507c2ac568b5a10f9702aff026e91389d"",
                  ""review_status"": ""approved""
                },
                {
                  ""label"": ""negative"",
                  ""workflow_type"": ""registry_object"",
                  ""provider"": ""assistant_model_28"",
                  ""model_version"": ""registry-assistant-draft-0.1"",
                  ""context_pack_hash"": ""f3817d549536a989c8e7cbc6873783e980359c0bf7fd3750d74c768b8d90cbad"",
                  ""review_status"": ""needs_revision""
                }
              ],
              ""recent_evals"": [
                {
                  ""file"": ""draft_4c8877462420_eval.json"",
                  ""draft_type"": ""dataset_generation"",
                  ""passed"": true,
                  ""evaluation_profile"": ""assistant-golden-v1""
                },
                {
                  ""file"": ""draft_b4e324fde39a_eval.json"",
                  ""draft_type"": ""dataset_generation"",
                  ""passed"": true,
                  ""evaluation_profile"": ""assistant-golden-v1""
                },
                {
                  ""file"": ""draft_b9142f674c17_eval.json"",
                  ""draft_type"": ""feature_operations"",
                  ""passed"": true,
                  ""evaluation_profile"": ""assistant-golden-v1""
                }
              ]
            },
            ""content_hash"": null,
            ""tags"": [],
            ""created_at"": ""2026-05-22T20:49:54.443428""
          }
        ],
        ""reference_pack_id"": ""refpack_2bdbfbb61167"",
        ""reference_pack_hash"": ""fe28185230edc9a1b199d8e6a672b25e2ee8dc15f686198abf7154bdc5ebe9d0"",
        ""selected_reference_ids"": [
          ""ref_system_project_schema_dataset_generation"",
          ""ref_system_saf

[TRUNCATED: original_length=50648]","{
  ""status"": ""approved"",
  ""approved"": true,
  ""safety"": {
    ""ok"": true,
    ""risk_level"": ""low"",
    ""profile"": ""dataset_generation"",
    ""violations"": [],
    ""warnings"": [],
    ""allowed_imports"": [
      ""datetime"",
      ""math"",
      ""numpy"",
      ""pandas"",
      ""random"",
      ""statistics""
    ],
    ""allowed_dependencies"": [
      ""numpy"",
      ""pandas""
    ],
    ""blocked_names"": [
      ""__import__"",
      ""breakpoint"",
      ""compile"",
      ""delattr"",
      ""dir"",
      ""eval"",
      ""exec"",
      ""getattr"",
      ""globals"",
      ""input"",
      ""locals"",
      ""open"",
      ""setattr"",
      ""vars""
    ],
    ""materialized_output_checks"": {
      ""csv_text"": true
    }
  },
  ""messages"": [
    ""Dataset code is review-safe and ready for explicit execution approval.""
  ],
  ""required_actions"": [],
  ""reviewed_at"": ""2026-05-22T20:49:54.465303""
}",{},"{
  ""status"": ""completed"",
  ""stage"": ""reviewed"",
  ""metric_count"": 4,
  ""artifact_count"": 0
}",1,1.0
training_run,positive,training,,,,,{},,,{},{},{},"{
  ""status"": ""completed"",
  ""stage"": ""completed"",
  ""metric_count"": 7,
  ""artifact_count"": 6
}",1,1.0
assistant_run,positive,assistant,create a dataset about keyboards,45db6f317e58287ba18ad49e7a56b7b4bb8d82bd4a8bc1e1a9c3beab8e9d1bdf,,,{},,,"{
  ""draft_id"": ""draft_4c8877462420"",
  ""session_id"": null,
  ""draft_type"": ""dataset_generation"",
  ""title"": ""Generated Dataset Draft"",
  ""summary"": ""Creates a tabular dataset and exposes it as csv_text for the existing upload/create flow."",
  ""prompt"": ""create a dataset about keyboards"",
  ""status"": ""draft"",
  ""provider"": ""assistant_model_38"",
  ""created_at"": ""2026-05-20T20:52:03.842608"",
  ""code"": ""# Assistant dataset draft\n# create a dataset about keyboards\n\nimport numpy as np\nimport pandas as pd\n\nrng = np.random.default_rng(42)\nrow_count = 100\ndf = pd.DataFrame({\n    \""feature_a\"": rng.normal(10, 2, row_count).round(4),\n    \""feature_b\"": rng.integers(0, 5, row_count),\n    \""segment\"": rng.choice([\""baseline\"", \""growth\"", \""risk\""], row_count),\n})\ndf[\""target\""] = (df[\""feature_a\""] * 0.7 + df[\""feature_b\""] * 1.5 + rng.normal(0, 0.5, row_count)).round(4)\n\ncsv_text = df.to_csv(index=False)\nname = \""assistant_generated_dataset\""\ndescription = \""Dataset drafted by the Amanaje assistant.\""\nobject_type = \""dataset\""\ndataset_type = \""dataset\""\nversion = 1\nconnection_string = \""\"""",
  ""operations"": [],
  ""registry_payload"": {},
  ""registry_type"": null,
  ""form_payload"": {},
  ""training_request"": {},
  ""study_request"": {},
  ""execution_profile"": ""dataset_generation"",
  ""materialized_outputs"": [
    ""csv_text"",
    ""name"",
    ""description"",
    ""object_type"",
    ""dataset_type""
  ],
  ""artifacts"": {
    ""context_pack"": {
      ""id"": ""ctx_202ca8a7e93f"",
      ""hash"": ""45db6f317e58287ba18ad49e7a56b7b4bb8d82bd4a8bc1e1a9c3beab8e9d1bdf"",
      ""version"": ""assistant-context-pack-v1"",
      ""payload"": {
        ""context_pack_id"": ""ctx_202ca8a7e93f"",
        ""version"": ""assistant-context-pack-v1"",
        ""prompt"": ""create a dataset about keyboards"",
        ""workflow_goal"": null,
        ""target_type"": ""dataset_generation"",
        ""provider"": ""assistant_model_38"",
        ""registry_type"": null,
        ""form_values"": {},
        ""constraints"": {},
        ""safety_profile"": ""dataset_generation"",
        ""allowed_imports"": [
          ""datetime"",
          ""math"",
          ""numpy"",
          ""pandas"",
          ""random"",
          ""statistics""
        ],
        ""allowed_dependencies"": [
          ""numpy"",
          ""pandas""
        ],
        ""content_references"": [
          {
            ""reference_id"": ""ref_system_project_schema_dataset_generation"",
            ""source_type"": ""project_schema"",
            ""name"": ""assistant_workflow_draft"",
            ""summary"": ""WorkflowDraft is the structured output contract for assistant providers."",
            ""trust_level"": ""system"",
            ""uri"": null,
            ""metadata"": {
              ""target_type"": ""dataset_generation""
            },
            ""content_hash"": null,
            ""tags"": [],
            ""created_at"": ""2026-05-20T20:52:03.822861""
          },
          {
            ""reference_id"": ""ref_system_safety_dataset_generation"",
            ""source_type"": ""safety_profile"",
            ""name"": ""dataset_generation"",
            ""summary"": ""Allowed imports, dependencies, and required outputs for assistant-reviewed code."",
            ""trust_level"": ""system"",
            ""uri"": null,
            ""metadata"": {
              ""allowed_imports"": [
                ""datetime"",
                ""numpy"",
                ""statistics"",
                ""random"",
                ""pandas"",
                ""math""
              ],
              ""allowed_dependencies"": [
                ""pandas"",
                ""numpy""
              ],
              ""required_outputs"": [
                ""csv_text""
              ]
            },
            ""content_hash"": null,
            ""tags"": [],
            ""created_at"": ""2026-05-20T20:52:03.822883""
          },
          {
            ""reference_id"": ""ref_system_alignment_contracts"",
            ""source_type"": ""alignment_contracts"",
            ""name"": ""assistant_alignment_contracts"",
            ""summary"": ""The five alignment contracts that every private assistant draft is evaluated against."",
            ""trust_level"": ""system"",
            ""uri"": null,
            ""metadata"": {
              ""output_alignment"": ""Every response must validate as WorkflowDraft and include the required workflow outputs."",
              ""safety_alignment"": ""Generated code must pass assistant_safety.py before approval or execution."",
              ""registry_alignment"": ""Registry drafts must map to the supported manual registry object payloads."",
              ""dependency_alignment"": ""Drafted code must stay inside allowed imports, dependencies, and artifact formats."",
              ""mlflow_alignment"": ""Drafts, evals, context packs, prompt versions, and model versions must be traceable.""
            },
            ""content_hash"": null,
            ""tags"": [],
            ""created_at"": ""2026-05-20T20:52:03.822899""
          },
          {
            ""reference_id"": ""ref_system_prompt_dataset_generation"",
            ""source_type"": ""prompt_template"",
            ""name"": ""amanaje-assistant-template-v1"",
            ""summary"": ""Draft safe Python code that creates synthetic tabular data and exposes csv_text plus dataset metadata. Use only allowed dependencies, align names with trusted internal references, and never write files."",
            ""trust_level"": ""system"",
            ""uri"": null,
            ""metadata"": {
              ""prompt_template_version"": ""amanaje-assistant-template-v1""
            },
            ""content_hash"": null,
            ""tags"": [],
            ""created_at"": ""2026-05-20T20:52:03.822969""
          },
          {
            ""reference_id"": ""ref_system_writing_guide"",
            ""source_type"": ""draft_writing_guide"",
            ""name"": ""amanaje_assistant_writing_guide"",
            ""summary"": ""Project writing guidance for draft titles, summaries, metadata, risks, assumptions, and next actions."",
            ""trust_level"": ""system"",
            ""uri"": null,
            ""metadata"": {
              ""voice"": ""Concrete, project-aware, concise, and operational."",
              ""titles"": ""Name the artifact or workflow outcome, not the assistant action."",
              ""summaries"": ""State what the draft creates, how it fits Painel Amanaje, and what remains for user approval."",
              ""metadata"": ""Prefer registry-compatible names, versions, paths, feature names, and dependency declarations."",
              ""risks"": ""Name practical limitations such as synthetic distribution mismatch, missing IDs, or untrained artifacts."",
              ""next_actions"": ""Use short workflow actions that match reviewed draft, guarded run, upload, or registry submit steps."",
              ""references"": ""Use internal reference summaries and cite their reference IDs in metadata when they shape the draft."",
              ""originality"": ""Generate project-specific assets from the request and internal references; do not copy raw reference text.""
            },
            ""content_hash"": null,
            ""tags"": [],
            ""created_at"": ""2026-05-20T20:52:03.822991""
          },
          {
            ""reference_id"": ""ref_system_quality_rubric"",
            ""source_type"": ""draft_quality_rubric"",
            ""name"": ""amanaje_assistant_quality_rubric"",
            ""summary"": ""Quality checks used to evaluate generated draft text and metadata."",
            ""trust_level"": ""system"",
            ""uri"": null,
            ""metadata"": {
              ""title_quality"": ""Title is specific to the requested artifact or workflow."",
              ""summary_quality"": ""Summary is not generic and explains the generated draft's project fit."",
              ""metadata_quality"": ""Registry metadata and materialized outputs match project schemas."",
              ""risk_quality"": ""Risks and assumptions are concrete enough for user review."",
              ""reference_quality"": ""Internal references are summarized, traceable, and not copied raw into prompts.""
            },
            ""content_hash"": null,
            ""tags"": [],
            ""created_at"": ""2026-05-20T20:52:03.823007""
          },
          {
            ""reference_id"": ""ref_system_mlflow_tracking"",
            ""source_type"": ""mlflow_tracking"",
            ""name"": ""assistant/amanaje_slm"",
            ""summary"": ""Assistant model versions, evals, training examples, and promotion reports are tracked in MLflow."",
            ""trust_level"": ""system"",
            ""uri"": ""assistant/amanaje_slm"",
            ""metadata"": {
              ""experiment_name"": ""assistant/amanaje_slm"",
              ""evaluation_profile"": ""assistant-golden-v1"",
              ""context_pack_version"": ""assistant-context-pack-v1""
            },
            ""content_hash"": null,
            ""tags"": [],
            ""created_at"": ""2026-05-20T20:52:03.823024""
          },
          {
            ""reference_id"": ""ref_runtime_assistant_reference_snapshot"",
            ""source_type"": ""runtime_context"",
            ""name"": ""assistant_reference_snapshot"",
            ""summary"": ""keys: eval_dir, interactions_path, recent_evals, recent_examples, source_type"",
            ""trust_level"": ""runtime"",
            ""uri"": null,
            ""metadata"": {
              ""source_type"": ""assistant_reference_snapshot"",
              ""interactions_path"": ""/app/runtime_artifacts/assistant_datasets/interactions.jsonl"",
              ""eval_dir"": ""/app/runtime_artifacts/assistant_evals"",
              ""recent_examples"": [
                {
                  ""label"": ""positive"",
                  ""workflow_type"": ""model_generation"",
                  ""provider"": ""assistant_model_28"",
                  ""model_version"": ""registry-assistant-draft-0.1"",
                  ""context_pack_hash"": ""5924cc0d09d219f3f12ab7122e89dc3507c2ac568b5a10f9702aff026e91389d"",
                  ""review_status"": ""approved""
                },
                {
                  ""label"": ""corrected"",
                  ""workflow_type"": ""model_generation"",
                  ""provider"": ""assistant_model_28"",
                  ""model_version"": ""registry-assistant-draft-0.1"",
                  ""context_pack_hash"": ""5924cc0d09d219f3f12ab7122e89dc3507c2ac568b5a10f9702aff026e91389d"",
                  ""review_status"": ""approved""
                },
                {
                  ""label"": ""negative"",
                  ""workflow_type"": ""registry_object"",
                  ""provider"": ""assistant_model_28"",
                  ""model_version"": ""registry-assistant-draft-0.1"",
                  ""context_pack_hash"": ""f3817d549536a989c8e7cbc6873783e980359c0bf7fd3750d74c768b8d90cbad"",
                  ""review_status"": ""needs_revision""
                }
              ],
              ""recent_evals"": [
                {
                  ""file"": ""draft_b4e324fde39a_eval.json"",
                  ""draft_type"": ""dataset_generation"",
                  ""passed"": true,
                  ""evaluation_profile"": ""assistant-golden-v1""
                },
                {
                  ""file"": ""draft_b9142f674c17_eval.json"",
                  ""draft_type"": ""feature_operations"",
                  ""passed"": true,
                  ""evaluation_profile"": ""assistant-golden-v1""
                },
                {
                  ""file"": ""draft_32d134cae1eb_eval.json"",
                  ""draft_type"": ""dataset_generation"",
                  ""passed"": true,
                  ""evaluation_profile"": ""assistant-golden-v1""
                }
              ]
            },
            ""content_hash"": null,
            ""tags"": [],
            ""created_at"": ""2026-05-20T20:52:03.823109""
          }
        ],
        ""reference_pack_id"": ""refpack_905634484874"",
        ""reference_pack_hash"": ""fe28185230edc9a1b199d8e6a672b25e2ee8dc15f686198abf7154bdc5ebe9d0"",
        ""selected_reference_ids"": [
          ""ref_system_project_schema_dataset_generation"",
          ""ref_system_safety_dataset_generation"",
          ""ref

[TRUNCATED: original_length=47011]","{
  ""status"": ""approved"",
  ""approved"": true,
  ""safety"": {
    ""ok"": true,
    ""risk_level"": ""low"",
    ""profile"": ""dataset_generation"",
    ""violations"": [],
    ""warnings"": [],
    ""allowed_imports"": [
      ""datetime"",
      ""math"",
      ""numpy"",
      ""pandas"",
      ""random"",
      ""statistics""
    ],
    ""allowed_dependencies"": [
      ""numpy"",
      ""pandas""
    ],
    ""blocked_names"": [
      ""__import__"",
      ""breakpoint"",
      ""compile"",
      ""delattr"",
      ""dir"",
      ""eval"",
      ""exec"",
      ""getattr"",
      ""globals"",
      ""input"",
      ""locals"",
      ""open"",
      ""setattr"",
      ""vars""
    ],
    ""materialized_output_checks"": {
      ""csv_text"": true
    }
  },
  ""messages"": [
    ""Dataset code is review-safe and ready for explicit execution approval.""
  ],
  ""required_actions"": [],
  ""reviewed_at"": ""2026-05-20T20:52:03.852234""
}",{},"{
  ""status"": ""completed"",
  ""stage"": ""reviewed"",
  ""metric_count"": 4,
  ""artifact_count"": 0
}",1,1.0
assistant_run,positive,assistant,create a dataset about keyboards,c22ea95824982d0a3856f75f90b3eab3bc9fee8699b0e46d95c7e51015a30c88,,,{},,,"{
  ""draft_id"": ""draft_b4e324fde39a"",
  ""session_id"": null,
  ""draft_type"": ""dataset_generation"",
  ""title"": ""Generated Dataset Draft"",
  ""summary"": ""Creates a tabular dataset and exposes it as csv_text for the existing upload/create flow."",
  ""prompt"": ""create a dataset about keyboards"",
  ""status"": ""draft"",
  ""provider"": ""assistant_model_38"",
  ""created_at"": ""2026-05-20T20:51:58.606893"",
  ""code"": ""# Assistant dataset draft\n# create a dataset about keyboards\n\nimport numpy as np\nimport pandas as pd\n\nrng = np.random.default_rng(42)\nrow_count = 100\ndf = pd.DataFrame({\n    \""feature_a\"": rng.normal(10, 2, row_count).round(4),\n    \""feature_b\"": rng.integers(0, 5, row_count),\n    \""segment\"": rng.choice([\""baseline\"", \""growth\"", \""risk\""], row_count),\n})\ndf[\""target\""] = (df[\""feature_a\""] * 0.7 + df[\""feature_b\""] * 1.5 + rng.normal(0, 0.5, row_count)).round(4)\n\ncsv_text = df.to_csv(index=False)\nname = \""assistant_generated_dataset\""\ndescription = \""Dataset drafted by the Amanaje assistant.\""\nobject_type = \""dataset\""\ndataset_type = \""dataset\""\nversion = 1\nconnection_string = \""\"""",
  ""operations"": [],
  ""registry_payload"": {},
  ""registry_type"": null,
  ""form_payload"": {},
  ""training_request"": {},
  ""study_request"": {},
  ""execution_profile"": ""dataset_generation"",
  ""materialized_outputs"": [
    ""csv_text"",
    ""name"",
    ""description"",
    ""object_type"",
    ""dataset_type""
  ],
  ""artifacts"": {
    ""context_pack"": {
      ""id"": ""ctx_873186be7901"",
      ""hash"": ""c22ea95824982d0a3856f75f90b3eab3bc9fee8699b0e46d95c7e51015a30c88"",
      ""version"": ""assistant-context-pack-v1"",
      ""payload"": {
        ""context_pack_id"": ""ctx_873186be7901"",
        ""version"": ""assistant-context-pack-v1"",
        ""prompt"": ""create a dataset about keyboards"",
        ""workflow_goal"": null,
        ""target_type"": ""dataset_generation"",
        ""provider"": ""assistant_model_38"",
        ""registry_type"": null,
        ""form_values"": {},
        ""constraints"": {},
        ""safety_profile"": ""dataset_generation"",
        ""allowed_imports"": [
          ""datetime"",
          ""math"",
          ""numpy"",
          ""pandas"",
          ""random"",
          ""statistics""
        ],
        ""allowed_dependencies"": [
          ""numpy"",
          ""pandas""
        ],
        ""content_references"": [
          {
            ""reference_id"": ""ref_system_project_schema_dataset_generation"",
            ""source_type"": ""project_schema"",
            ""name"": ""assistant_workflow_draft"",
            ""summary"": ""WorkflowDraft is the structured output contract for assistant providers."",
            ""trust_level"": ""system"",
            ""uri"": null,
            ""metadata"": {
              ""target_type"": ""dataset_generation""
            },
            ""content_hash"": null,
            ""tags"": [],
            ""created_at"": ""2026-05-20T20:51:58.472349""
          },
          {
            ""reference_id"": ""ref_system_safety_dataset_generation"",
            ""source_type"": ""safety_profile"",
            ""name"": ""dataset_generation"",
            ""summary"": ""Allowed imports, dependencies, and required outputs for assistant-reviewed code."",
            ""trust_level"": ""system"",
            ""uri"": null,
            ""metadata"": {
              ""allowed_imports"": [
                ""datetime"",
                ""numpy"",
                ""statistics"",
                ""random"",
                ""pandas"",
                ""math""
              ],
              ""allowed_dependencies"": [
                ""pandas"",
                ""numpy""
              ],
              ""required_outputs"": [
                ""csv_text""
              ]
            },
            ""content_hash"": null,
            ""tags"": [],
            ""created_at"": ""2026-05-20T20:51:58.472459""
          },
          {
            ""reference_id"": ""ref_system_alignment_contracts"",
            ""source_type"": ""alignment_contracts"",
            ""name"": ""assistant_alignment_contracts"",
            ""summary"": ""The five alignment contracts that every private assistant draft is evaluated against."",
            ""trust_level"": ""system"",
            ""uri"": null,
            ""metadata"": {
              ""output_alignment"": ""Every response must validate as WorkflowDraft and include the required workflow outputs."",
              ""safety_alignment"": ""Generated code must pass assistant_safety.py before approval or execution."",
              ""registry_alignment"": ""Registry drafts must map to the supported manual registry object payloads."",
              ""dependency_alignment"": ""Drafted code must stay inside allowed imports, dependencies, and artifact formats."",
              ""mlflow_alignment"": ""Drafts, evals, context packs, prompt versions, and model versions must be traceable.""
            },
            ""content_hash"": null,
            ""tags"": [],
            ""created_at"": ""2026-05-20T20:51:58.472486""
          },
          {
            ""reference_id"": ""ref_system_prompt_dataset_generation"",
            ""source_type"": ""prompt_template"",
            ""name"": ""amanaje-assistant-template-v1"",
            ""summary"": ""Draft safe Python code that creates synthetic tabular data and exposes csv_text plus dataset metadata. Use only allowed dependencies, align names with trusted internal references, and never write files."",
            ""trust_level"": ""system"",
            ""uri"": null,
            ""metadata"": {
              ""prompt_template_version"": ""amanaje-assistant-template-v1""
            },
            ""content_hash"": null,
            ""tags"": [],
            ""created_at"": ""2026-05-20T20:51:58.472508""
          },
          {
            ""reference_id"": ""ref_system_writing_guide"",
            ""source_type"": ""draft_writing_guide"",
            ""name"": ""amanaje_assistant_writing_guide"",
            ""summary"": ""Project writing guidance for draft titles, summaries, metadata, risks, assumptions, and next actions."",
            ""trust_level"": ""system"",
            ""uri"": null,
            ""metadata"": {
              ""voice"": ""Concrete, project-aware, concise, and operational."",
              ""titles"": ""Name the artifact or workflow outcome, not the assistant action."",
              ""summaries"": ""State what the draft creates, how it fits Painel Amanaje, and what remains for user approval."",
              ""metadata"": ""Prefer registry-compatible names, versions, paths, feature names, and dependency declarations."",
              ""risks"": ""Name practical limitations such as synthetic distribution mismatch, missing IDs, or untrained artifacts."",
              ""next_actions"": ""Use short workflow actions that match reviewed draft, guarded run, upload, or registry submit steps."",
              ""references"": ""Use internal reference summaries and cite their reference IDs in metadata when they shape the draft."",
              ""originality"": ""Generate project-specific assets from the request and internal references; do not copy raw reference text.""
            },
            ""content_hash"": null,
            ""tags"": [],
            ""created_at"": ""2026-05-20T20:51:58.472528""
          },
          {
            ""reference_id"": ""ref_system_quality_rubric"",
            ""source_type"": ""draft_quality_rubric"",
            ""name"": ""amanaje_assistant_quality_rubric"",
            ""summary"": ""Quality checks used to evaluate generated draft text and metadata."",
            ""trust_level"": ""system"",
            ""uri"": null,
            ""metadata"": {
              ""title_quality"": ""Title is specific to the requested artifact or workflow."",
              ""summary_quality"": ""Summary is not generic and explains the generated draft's project fit."",
              ""metadata_quality"": ""Registry metadata and materialized outputs match project schemas."",
              ""risk_quality"": ""Risks and assumptions are concrete enough for user review."",
              ""reference_quality"": ""Internal references are summarized, traceable, and not copied raw into prompts.""
            },
            ""content_hash"": null,
            ""tags"": [],
            ""created_at"": ""2026-05-20T20:51:58.472547""
          },
          {
            ""reference_id"": ""ref_system_mlflow_tracking"",
            ""source_type"": ""mlflow_tracking"",
            ""name"": ""assistant/amanaje_slm"",
            ""summary"": ""Assistant model versions, evals, training examples, and promotion reports are tracked in MLflow."",
            ""trust_level"": ""system"",
            ""uri"": ""assistant/amanaje_slm"",
            ""metadata"": {
              ""experiment_name"": ""assistant/amanaje_slm"",
              ""evaluation_profile"": ""assistant-golden-v1"",
              ""context_pack_version"": ""assistant-context-pack-v1""
            },
            ""content_hash"": null,
            ""tags"": [],
            ""created_at"": ""2026-05-20T20:51:58.472571""
          },
          {
            ""reference_id"": ""ref_runtime_assistant_reference_snapshot"",
            ""source_type"": ""runtime_context"",
            ""name"": ""assistant_reference_snapshot"",
            ""summary"": ""keys: eval_dir, interactions_path, recent_evals, recent_examples, source_type"",
            ""trust_level"": ""runtime"",
            ""uri"": null,
            ""metadata"": {
              ""source_type"": ""assistant_reference_snapshot"",
              ""interactions_path"": ""/app/runtime_artifacts/assistant_datasets/interactions.jsonl"",
              ""eval_dir"": ""/app/runtime_artifacts/assistant_evals"",
              ""recent_examples"": [
                {
                  ""label"": ""positive"",
                  ""workflow_type"": ""model_generation"",
                  ""provider"": ""assistant_model_28"",
                  ""model_version"": ""registry-assistant-draft-0.1"",
                  ""context_pack_hash"": ""5924cc0d09d219f3f12ab7122e89dc3507c2ac568b5a10f9702aff026e91389d"",
                  ""review_status"": ""approved""
                },
                {
                  ""label"": ""corrected"",
                  ""workflow_type"": ""model_generation"",
                  ""provider"": ""assistant_model_28"",
                  ""model_version"": ""registry-assistant-draft-0.1"",
                  ""context_pack_hash"": ""5924cc0d09d219f3f12ab7122e89dc3507c2ac568b5a10f9702aff026e91389d"",
                  ""review_status"": ""approved""
                },
                {
                  ""label"": ""negative"",
                  ""workflow_type"": ""registry_object"",
                  ""provider"": ""assistant_model_28"",
                  ""model_version"": ""registry-assistant-draft-0.1"",
                  ""context_pack_hash"": ""f3817d549536a989c8e7cbc6873783e980359c0bf7fd3750d74c768b8d90cbad"",
                  ""review_status"": ""needs_revision""
                }
              ],
              ""recent_evals"": [
                {
                  ""file"": ""draft_b9142f674c17_eval.json"",
                  ""draft_type"": ""feature_operations"",
                  ""passed"": true,
                  ""evaluation_profile"": ""assistant-golden-v1""
                },
                {
                  ""file"": ""draft_32d134cae1eb_eval.json"",
                  ""draft_type"": ""dataset_generation"",
                  ""passed"": true,
                  ""evaluation_profile"": ""assistant-golden-v1""
                },
                {
                  ""file"": ""assistant_golden_eval_20260514213540.json"",
                  ""draft_type"": null,
                  ""passed"": true,
                  ""evaluation_profile"": ""assistant-golden-v1""
                }
              ]
            },
            ""content_hash"": null,
            ""tags"": [],
            ""created_at"": ""2026-05-20T20:51:58.472697""
          }
        ],
        ""reference_pack_id"": ""refpack_5316ede809de"",
        ""reference_pack_hash"": ""fe28185230edc9a1b199d8e6a672b25e2ee8dc15f686198abf7154bdc5ebe9d0"",
        ""selected_reference_ids"": [
          ""ref_system_project_schema_dataset_generation"",
          ""ref_system_safety_dataset_generation"",
          ""ref_sy

[TRUNCATED: original_length=47002]","{
  ""status"": ""approved"",
  ""approved"": true,
  ""safety"": {
    ""ok"": true,
    ""risk_level"": ""low"",
    ""profile"": ""dataset_generation"",
    ""violations"": [],
    ""warnings"": [],
    ""allowed_imports"": [
      ""datetime"",
      ""math"",
      ""numpy"",
      ""pandas"",
      ""random"",
      ""statistics""
    ],
    ""allowed_dependencies"": [
      ""numpy"",
      ""pandas""
    ],
    ""blocked_names"": [
      ""__import__"",
      ""breakpoint"",
      ""compile"",
      ""delattr"",
      ""dir"",
      ""eval"",
      ""exec"",
      ""getattr"",
      ""globals"",
      ""input"",
      ""locals"",
      ""open"",
      ""setattr"",
      ""vars""
    ],
    ""materialized_output_checks"": {
      ""csv_text"": true
    }
  },
  ""messages"": [
    ""Dataset code is review-safe and ready for explicit execution approval.""
  ],
  ""required_actions"": [],
  ""reviewed_at"": ""2026-05-20T20:51:58.630476""
}",{},"{
  ""status"": ""completed"",
  ""stage"": ""reviewed"",
  ""metric_count"": 4,
  ""artifact_count"": 0
}",1,1.0
assistant_run,positive,assistant,Make the dataset normalized for geospatial calculations,ce9a3b7af7616290aa5001cadf80b99d300aef54e69c4abdeb5ca0090bbb5aa4,,,{},,,"{
  ""draft_id"": ""draft_b9142f674c17"",
  ""session_id"": null,
  ""draft_type"": ""feature_operations"",
  ""title"": ""Feature Transformation Draft"",
  ""summary"": ""Prepares visual feature operations for /features/preview before materialization."",
  ""prompt"": ""Make the dataset normalized for geospatial calculations"",
  ""status"": ""draft"",
  ""provider"": ""amanaje_slm"",
  ""created_at"": ""2026-05-19T20:13:43.578191"",
  ""code"": null,
  ""operations"": [
    {
      ""type"": ""math"",
      ""column"": """",
      ""operator"": ""add"",
      ""value"": """",
      ""value_mode"": ""literal"",
      ""right_column"": """",
      ""start"": """",
      ""end"": """",
      ""min"": 0,
      ""max"": 1,
      ""target_suffix"": """",
      ""ascending"": true,
      ""target"": """"
    },
    {
      ""type"": ""normalize"",
      ""column"": """",
      ""operator"": ""=="",
      ""value"": """",
      ""value_mode"": ""literal"",
      ""right_column"": """",
      ""start"": """",
      ""end"": """",
      ""min"": 0,
      ""max"": 1,
      ""target_suffix"": """",
      ""ascending"": true,
      ""target"": """"
    }
  ],
  ""registry_payload"": {},
  ""registry_type"": null,
  ""form_payload"": {},
  ""training_request"": {},
  ""study_request"": {},
  ""execution_profile"": ""feature_operations"",
  ""materialized_outputs"": [],
  ""artifacts"": {
    ""preview_endpoint"": ""/features/preview"",
    ""materialize_endpoint"": ""/features/materialize"",
    ""context_pack"": {
      ""id"": ""ctx_835b5d2e7e7d"",
      ""hash"": ""ce9a3b7af7616290aa5001cadf80b99d300aef54e69c4abdeb5ca0090bbb5aa4"",
      ""version"": ""assistant-context-pack-v1"",
      ""payload"": {
        ""context_pack_id"": ""ctx_835b5d2e7e7d"",
        ""version"": ""assistant-context-pack-v1"",
        ""prompt"": ""Make the dataset normalized for geospatial calculations"",
        ""workflow_goal"": null,
        ""target_type"": ""feature_operations"",
        ""provider"": ""amanaje_slm"",
        ""registry_type"": null,
        ""form_values"": {
          ""datasetId"": 31
        },
        ""constraints"": {},
        ""safety_profile"": ""feature_operations"",
        ""allowed_imports"": [],
        ""allowed_dependencies"": [],
        ""content_references"": [
          {
            ""reference_id"": ""ref_system_project_schema_feature_operations"",
            ""source_type"": ""project_schema"",
            ""name"": ""assistant_workflow_draft"",
            ""summary"": ""WorkflowDraft is the structured output contract for assistant providers."",
            ""trust_level"": ""system"",
            ""uri"": null,
            ""metadata"": {
              ""target_type"": ""feature_operations""
            },
            ""content_hash"": null,
            ""tags"": [],
            ""created_at"": ""2026-05-19T20:13:33.986382""
          },
          {
            ""reference_id"": ""ref_system_safety_feature_operations"",
            ""source_type"": ""safety_profile"",
            ""name"": ""feature_operations"",
            ""summary"": ""Allowed imports, dependencies, and required outputs for assistant-reviewed code."",
            ""trust_level"": ""system"",
            ""uri"": null,
            ""metadata"": {
              ""allowed_imports"": [],
              ""allowed_dependencies"": [],
              ""required_outputs"": []
            },
            ""content_hash"": null,
            ""tags"": [],
            ""created_at"": ""2026-05-19T20:13:33.986585""
          },
          {
            ""reference_id"": ""ref_system_alignment_contracts"",
            ""source_type"": ""alignment_contracts"",
            ""name"": ""assistant_alignment_contracts"",
            ""summary"": ""The five alignment contracts that every private assistant draft is evaluated against."",
            ""trust_level"": ""system"",
            ""uri"": null,
            ""metadata"": {
              ""output_alignment"": ""Every response must validate as WorkflowDraft and include the required workflow outputs."",
              ""safety_alignment"": ""Generated code must pass assistant_safety.py before approval or execution."",
              ""registry_alignment"": ""Registry drafts must map to the supported manual registry object payloads."",
              ""dependency_alignment"": ""Drafted code must stay inside allowed imports, dependencies, and artifact formats."",
              ""mlflow_alignment"": ""Drafts, evals, context packs, prompt versions, and model versions must be traceable.""
            },
            ""content_hash"": null,
            ""tags"": [],
            ""created_at"": ""2026-05-19T20:13:33.986624""
          },
          {
            ""reference_id"": ""ref_system_prompt_feature_operations"",
            ""source_type"": ""prompt_template"",
            ""name"": ""amanaje-assistant-template-v1"",
            ""summary"": ""Draft visual feature operations that match the selected dataset context and can be previewed before materialization."",
            ""trust_level"": ""system"",
            ""uri"": null,
            ""metadata"": {
              ""prompt_template_version"": ""amanaje-assistant-template-v1""
            },
            ""content_hash"": null,
            ""tags"": [],
            ""created_at"": ""2026-05-19T20:13:33.986722""
          },
          {
            ""reference_id"": ""ref_system_writing_guide"",
            ""source_type"": ""draft_writing_guide"",
            ""name"": ""amanaje_assistant_writing_guide"",
            ""summary"": ""Project writing guidance for draft titles, summaries, metadata, risks, assumptions, and next actions."",
            ""trust_level"": ""system"",
            ""uri"": null,
            ""metadata"": {
              ""voice"": ""Concrete, project-aware, concise, and operational."",
              ""titles"": ""Name the artifact or workflow outcome, not the assistant action."",
              ""summaries"": ""State what the draft creates, how it fits Painel Amanaje, and what remains for user approval."",
              ""metadata"": ""Prefer registry-compatible names, versions, paths, feature names, and dependency declarations."",
              ""risks"": ""Name practical limitations such as synthetic distribution mismatch, missing IDs, or untrained artifacts."",
              ""next_actions"": ""Use short workflow actions that match reviewed draft, guarded run, upload, or registry submit steps."",
              ""references"": ""Use internal reference summaries and cite their reference IDs in metadata when they shape the draft."",
              ""originality"": ""Generate project-specific assets from the request and internal references; do not copy raw reference text.""
            },
            ""content_hash"": null,
            ""tags"": [],
            ""created_at"": ""2026-05-19T20:13:33.986759""
          },
          {
            ""reference_id"": ""ref_system_quality_rubric"",
            ""source_type"": ""draft_quality_rubric"",
            ""name"": ""amanaje_assistant_quality_rubric"",
            ""summary"": ""Quality checks used to evaluate generated draft text and metadata."",
            ""trust_level"": ""system"",
            ""uri"": null,
            ""metadata"": {
              ""title_quality"": ""Title is specific to the requested artifact or workflow."",
              ""summary_quality"": ""Summary is not generic and explains the generated draft's project fit."",
              ""metadata_quality"": ""Registry metadata and materialized outputs match project schemas."",
              ""risk_quality"": ""Risks and assumptions are concrete enough for user review."",
              ""reference_quality"": ""Internal references are summarized, traceable, and not copied raw into prompts.""
            },
            ""content_hash"": null,
            ""tags"": [],
            ""created_at"": ""2026-05-19T20:13:33.986788""
          },
          {
            ""reference_id"": ""ref_system_mlflow_tracking"",
            ""source_type"": ""mlflow_tracking"",
            ""name"": ""assistant/amanaje_slm"",
            ""summary"": ""Assistant model versions, evals, training examples, and promotion reports are tracked in MLflow."",
            ""trust_level"": ""system"",
            ""uri"": ""assistant/amanaje_slm"",
            ""metadata"": {
              ""experiment_name"": ""assistant/amanaje_slm"",
              ""evaluation_profile"": ""assistant-golden-v1"",
              ""context_pack_version"": ""assistant-context-pack-v1""
            },
            ""content_hash"": null,
            ""tags"": [],
            ""created_at"": ""2026-05-19T20:13:33.986851""
          },
          {
            ""reference_id"": ""ref_runtime_assistant_reference_snapshot"",
            ""source_type"": ""runtime_context"",
            ""name"": ""assistant_reference_snapshot"",
            ""summary"": ""keys: eval_dir, interactions_path, recent_evals, recent_examples, source_type"",
            ""trust_level"": ""runtime"",
            ""uri"": null,
            ""metadata"": {
              ""source_type"": ""assistant_reference_snapshot"",
              ""interactions_path"": ""/app/runtime_artifacts/assistant_datasets/interactions.jsonl"",
              ""eval_dir"": ""/app/runtime_artifacts/assistant_evals"",
              ""recent_examples"": [
                {
                  ""label"": ""positive"",
                  ""workflow_type"": ""model_generation"",
                  ""provider"": ""assistant_model_28"",
                  ""model_version"": ""registry-assistant-draft-0.1"",
                  ""context_pack_hash"": ""5924cc0d09d219f3f12ab7122e89dc3507c2ac568b5a10f9702aff026e91389d"",
                  ""review_status"": ""approved""
                },
                {
                  ""label"": ""corrected"",
                  ""workflow_type"": ""model_generation"",
                  ""provider"": ""assistant_model_28"",
                  ""model_version"": ""registry-assistant-draft-0.1"",
                  ""context_pack_hash"": ""5924cc0d09d219f3f12ab7122e89dc3507c2ac568b5a10f9702aff026e91389d"",
                  ""review_status"": ""approved""
                },
                {
                  ""label"": ""negative"",
                  ""workflow_type"": ""registry_object"",
                  ""provider"": ""assistant_model_28"",
                  ""model_version"": ""registry-assistant-draft-0.1"",
                  ""context_pack_hash"": ""f3817d549536a989c8e7cbc6873783e980359c0bf7fd3750d74c768b8d90cbad"",
                  ""review_status"": ""needs_revision""
                }
              ],
              ""recent_evals"": [
                {
                  ""file"": ""draft_32d134cae1eb_eval.json"",
                  ""draft_type"": ""dataset_generation"",
                  ""passed"": true,
                  ""evaluation_profile"": ""assistant-golden-v1""
                },
                {
                  ""file"": ""assistant_golden_eval_20260514213540.json"",
                  ""draft_type"": null,
                  ""passed"": true,
                  ""evaluation_profile"": ""assistant-golden-v1""
                },
                {
                  ""file"": ""draft_a2fb3ae5d66a_eval.json"",
                  ""draft_type"": ""feature_operations"",
                  ""passed"": true,
                  ""evaluation_profile"": ""assistant-golden-v1""
                }
              ]
            },
            ""content_hash"": null,
            ""tags"": [],
            ""created_at"": ""2026-05-19T20:13:33.987119""
          }
        ],
        ""reference_pack_id"": ""refpack_543e38842d59"",
        ""reference_pack_hash"": ""063c06516b4ca108154d116a2044645e30e5b84b7ae2acc0d03cd49eefe6c0ba"",
        ""selected_reference_ids"": [
          ""ref_system_project_schema_feature_operations"",
          ""ref_system_safety_feature_operations"",
          ""ref_system_alignment_contracts"",
          ""ref_system_prompt_feature_operations"",
          ""ref_system_writing_guide"",
          ""ref_system_quality_rubric"",
          ""ref_system_mlflow_tracking"",
          ""ref_runtime_assistant_reference_snapshot""
        ],
        ""reference_trust_levels"": {
          ""ref_system_project_schema_feature_operations"": ""system"",
          ""ref_system_safety_feature_operations"": ""system"",
          ""ref_system_alignment_contracts"": ""system"",
          ""ref_system_prompt_feature_operations"": ""system"",
          ""ref_system_writing_guide"": ""system"",

[TRUNCATED: original_length=26021]","{
  ""status"": ""approved"",
  ""approved"": true,
  ""safety"": {
    ""ok"": true,
    ""risk_level"": ""none"",
    ""profile"": ""feature_operations"",
    ""violations"": [],
    ""warnings"": [],
    ""allowed_imports"": [
      ""datetime"",
      ""math"",
      ""numpy"",
      ""pandas"",
      ""random"",
      ""sklearn"",
      ""statistics""
    ],
    ""allowed_dependencies"": [],
    ""blocked_names"": [
      ""__import__"",
      ""breakpoint"",
      ""compile"",
      ""delattr"",
      ""dir"",
      ""eval"",
      ""exec"",
      ""getattr"",
      ""globals"",
      ""input"",
      ""locals"",
      ""open"",
      ""setattr"",
      ""vars""
    ],
    ""materialized_output_checks"": {}
  },
  ""messages"": [],
  ""required_actions"": [],
  ""reviewed_at"": ""2026-05-19T20:13:43.581673""
}",{},"{
  ""status"": ""completed"",
  ""stage"": ""reviewed"",
  ""metric_count"": 4,
  ""artifact_count"": 0
}",1,1.0
assistant_run,positive,assistant,,,,,{},,,{},{},{},"{
  ""status"": ""completed"",
  ""stage"": ""executed"",
  ""metric_count"": 2,
  ""artifact_count"": 0
}",1,1.0
assistant_run,positive,assistant,Create a realistic dataset about dolphis with weight origin and color.,27547a0b6e258a0653d8b6b520296e27094ab46f074479f878aff07e75d53dae,,,{},,,"{
  ""draft_id"": ""draft_32d134cae1eb"",
  ""session_id"": null,
  ""draft_type"": ""dataset_generation"",
  ""title"": ""Generated Dataset Draft"",
  ""summary"": ""Creates a tabular dataset and exposes it as csv_text for the existing upload/create flow."",
  ""prompt"": ""Create a realistic dataset about dolphis with weight origin and color."",
  ""status"": ""draft"",
  ""provider"": ""assistant_model_28"",
  ""created_at"": ""2026-05-17T22:07:59.896287"",
  ""code"": ""# Assistant dataset draft\n# Create a realistic dataset about dolphis with weight origin and color.\n\nimport numpy as np\nimport pandas as pd\n\nrng = np.random.default_rng(42)\nrow_count = 100\ndf = pd.DataFrame({\n    \""feature_a\"": rng.normal(10, 2, row_count).round(4),\n    \""feature_b\"": rng.integers(0, 5, row_count),\n    \""segment\"": rng.choice([\""baseline\"", \""growth\"", \""risk\""], row_count),\n})\ndf[\""target\""] = (df[\""feature_a\""] * 0.7 + df[\""feature_b\""] * 1.5 + rng.normal(0, 0.5, row_count)).round(4)\n\ncsv_text = df.to_csv(index=False)\nname = \""assistant_generated_dataset\""\ndescription = \""Dataset drafted by the Amanaje assistant.\""\nobject_type = \""dataset\""\ndataset_type = \""dataset\""\nversion = 1\nconnection_string = \""\"""",
  ""operations"": [],
  ""registry_payload"": {},
  ""registry_type"": null,
  ""form_payload"": {},
  ""training_request"": {},
  ""study_request"": {},
  ""execution_profile"": ""dataset_generation"",
  ""materialized_outputs"": [
    ""csv_text"",
    ""name"",
    ""description"",
    ""object_type"",
    ""dataset_type""
  ],
  ""artifacts"": {
    ""context_pack"": {
      ""id"": ""ctx_4de1751b3ba7"",
      ""hash"": ""27547a0b6e258a0653d8b6b520296e27094ab46f074479f878aff07e75d53dae"",
      ""version"": ""assistant-context-pack-v1"",
      ""payload"": {
        ""context_pack_id"": ""ctx_4de1751b3ba7"",
        ""version"": ""assistant-context-pack-v1"",
        ""prompt"": ""Create a realistic dataset about dolphis with weight origin and color."",
        ""workflow_goal"": null,
        ""target_type"": ""dataset_generation"",
        ""provider"": ""assistant_model_28"",
        ""registry_type"": null,
        ""form_values"": {},
        ""constraints"": {},
        ""safety_profile"": ""dataset_generation"",
        ""allowed_imports"": [
          ""datetime"",
          ""math"",
          ""numpy"",
          ""pandas"",
          ""random"",
          ""statistics""
        ],
        ""allowed_dependencies"": [
          ""numpy"",
          ""pandas""
        ],
        ""content_references"": [
          {
            ""reference_id"": ""ref_system_project_schema_dataset_generation"",
            ""source_type"": ""project_schema"",
            ""name"": ""assistant_workflow_draft"",
            ""summary"": ""WorkflowDraft is the structured output contract for assistant providers."",
            ""trust_level"": ""system"",
            ""uri"": null,
            ""metadata"": {
              ""target_type"": ""dataset_generation""
            },
            ""content_hash"": null,
            ""tags"": [],
            ""created_at"": ""2026-05-17T22:07:59.884344""
          },
          {
            ""reference_id"": ""ref_system_safety_dataset_generation"",
            ""source_type"": ""safety_profile"",
            ""name"": ""dataset_generation"",
            ""summary"": ""Allowed imports, dependencies, and required outputs for assistant-reviewed code."",
            ""trust_level"": ""system"",
            ""uri"": null,
            ""metadata"": {
              ""allowed_imports"": [
                ""numpy"",
                ""datetime"",
                ""random"",
                ""pandas"",
                ""math"",
                ""statistics""
              ],
              ""allowed_dependencies"": [
                ""pandas"",
                ""numpy""
              ],
              ""required_outputs"": [
                ""csv_text""
              ]
            },
            ""content_hash"": null,
            ""tags"": [],
            ""created_at"": ""2026-05-17T22:07:59.884506""
          },
          {
            ""reference_id"": ""ref_system_alignment_contracts"",
            ""source_type"": ""alignment_contracts"",
            ""name"": ""assistant_alignment_contracts"",
            ""summary"": ""The five alignment contracts that every private assistant draft is evaluated against."",
            ""trust_level"": ""system"",
            ""uri"": null,
            ""metadata"": {
              ""output_alignment"": ""Every response must validate as WorkflowDraft and include the required workflow outputs."",
              ""safety_alignment"": ""Generated code must pass assistant_safety.py before approval or execution."",
              ""registry_alignment"": ""Registry drafts must map to the supported manual registry object payloads."",
              ""dependency_alignment"": ""Drafted code must stay inside allowed imports, dependencies, and artifact formats."",
              ""mlflow_alignment"": ""Drafts, evals, context packs, prompt versions, and model versions must be traceable.""
            },
            ""content_hash"": null,
            ""tags"": [],
            ""created_at"": ""2026-05-17T22:07:59.884529""
          },
          {
            ""reference_id"": ""ref_system_prompt_dataset_generation"",
            ""source_type"": ""prompt_template"",
            ""name"": ""amanaje-assistant-template-v1"",
            ""summary"": ""Draft safe Python code that creates synthetic tabular data and exposes csv_text plus dataset metadata. Use only allowed dependencies, align names with trusted internal references, and never write files."",
            ""trust_level"": ""system"",
            ""uri"": null,
            ""metadata"": {
              ""prompt_template_version"": ""amanaje-assistant-template-v1""
            },
            ""content_hash"": null,
            ""tags"": [],
            ""created_at"": ""2026-05-17T22:07:59.884581""
          },
          {
            ""reference_id"": ""ref_system_writing_guide"",
            ""source_type"": ""draft_writing_guide"",
            ""name"": ""amanaje_assistant_writing_guide"",
            ""summary"": ""Project writing guidance for draft titles, summaries, metadata, risks, assumptions, and next actions."",
            ""trust_level"": ""system"",
            ""uri"": null,
            ""metadata"": {
              ""voice"": ""Concrete, project-aware, concise, and operational."",
              ""titles"": ""Name the artifact or workflow outcome, not the assistant action."",
              ""summaries"": ""State what the draft creates, how it fits Painel Amanaje, and what remains for user approval."",
              ""metadata"": ""Prefer registry-compatible names, versions, paths, feature names, and dependency declarations."",
              ""risks"": ""Name practical limitations such as synthetic distribution mismatch, missing IDs, or untrained artifacts."",
              ""next_actions"": ""Use short workflow actions that match reviewed draft, guarded run, upload, or registry submit steps."",
              ""references"": ""Use internal reference summaries and cite their reference IDs in metadata when they shape the draft."",
              ""originality"": ""Generate project-specific assets from the request and internal references; do not copy raw reference text.""
            },
            ""content_hash"": null,
            ""tags"": [],
            ""created_at"": ""2026-05-17T22:07:59.884635""
          },
          {
            ""reference_id"": ""ref_system_quality_rubric"",
            ""source_type"": ""draft_quality_rubric"",
            ""name"": ""amanaje_assistant_quality_rubric"",
            ""summary"": ""Quality checks used to evaluate generated draft text and metadata."",
            ""trust_level"": ""system"",
            ""uri"": null,
            ""metadata"": {
              ""title_quality"": ""Title is specific to the requested artifact or workflow."",
              ""summary_quality"": ""Summary is not generic and explains the generated draft's project fit."",
              ""metadata_quality"": ""Registry metadata and materialized outputs match project schemas."",
              ""risk_quality"": ""Risks and assumptions are concrete enough for user review."",
              ""reference_quality"": ""Internal references are summarized, traceable, and not copied raw into prompts.""
            },
            ""content_hash"": null,
            ""tags"": [],
            ""created_at"": ""2026-05-17T22:07:59.884653""
          },
          {
            ""reference_id"": ""ref_system_mlflow_tracking"",
            ""source_type"": ""mlflow_tracking"",
            ""name"": ""assistant/amanaje_slm"",
            ""summary"": ""Assistant model versions, evals, training examples, and promotion reports are tracked in MLflow."",
            ""trust_level"": ""system"",
            ""uri"": ""assistant/amanaje_slm"",
            ""metadata"": {
              ""experiment_name"": ""assistant/amanaje_slm"",
              ""evaluation_profile"": ""assistant-golden-v1"",
              ""context_pack_version"": ""assistant-context-pack-v1""
            },
            ""content_hash"": null,
            ""tags"": [],
            ""created_at"": ""2026-05-17T22:07:59.884669""
          },
          {
            ""reference_id"": ""ref_runtime_assistant_reference_snapshot"",
            ""source_type"": ""runtime_context"",
            ""name"": ""assistant_reference_snapshot"",
            ""summary"": ""keys: eval_dir, interactions_path, recent_evals, recent_examples, source_type"",
            ""trust_level"": ""runtime"",
            ""uri"": null,
            ""metadata"": {
              ""source_type"": ""assistant_reference_snapshot"",
              ""interactions_path"": ""/app/runtime_artifacts/assistant_datasets/interactions.jsonl"",
              ""eval_dir"": ""/app/runtime_artifacts/assistant_evals"",
              ""recent_examples"": [
                {
                  ""label"": ""positive"",
                  ""workflow_type"": ""model_generation"",
                  ""provider"": ""assistant_model_28"",
                  ""model_version"": ""registry-assistant-draft-0.1"",
                  ""context_pack_hash"": ""5924cc0d09d219f3f12ab7122e89dc3507c2ac568b5a10f9702aff026e91389d"",
                  ""review_status"": ""approved""
                },
                {
                  ""label"": ""corrected"",
                  ""workflow_type"": ""model_generation"",
                  ""provider"": ""assistant_model_28"",
                  ""model_version"": ""registry-assistant-draft-0.1"",
                  ""context_pack_hash"": ""5924cc0d09d219f3f12ab7122e89dc3507c2ac568b5a10f9702aff026e91389d"",
                  ""review_status"": ""approved""
                },
                {
                  ""label"": ""negative"",
                  ""workflow_type"": ""registry_object"",
                  ""provider"": ""assistant_model_28"",
                  ""model_version"": ""registry-assistant-draft-0.1"",
                  ""context_pack_hash"": ""f3817d549536a989c8e7cbc6873783e980359c0bf7fd3750d74c768b8d90cbad"",
                  ""review_status"": ""needs_revision""
                }
              ],
              ""recent_evals"": [
                {
                  ""file"": ""assistant_golden_eval_20260514213540.json"",
                  ""draft_type"": null,
                  ""passed"": true,
                  ""evaluation_profile"": ""assistant-golden-v1""
                },
                {
                  ""file"": ""draft_a2fb3ae5d66a_eval.json"",
                  ""draft_type"": ""feature_operations"",
                  ""passed"": true,
                  ""evaluation_profile"": ""assistant-golden-v1""
                },
                {
                  ""file"": ""draft_db9c0b40ce86_eval.json"",
                  ""draft_type"": ""dataset_generation"",
                  ""passed"": true,
                  ""evaluation_profile"": ""assistant-golden-v1""
                }
              ]
            },
            ""content_hash"": null,
            ""tags"": [],
            ""created_at"": ""2026-05-17T22:07:59.884808""
          }
        ],
        ""reference_pack_id"": ""refpack_55546bf6b1aa"",
        ""reference_pack_hash"": ""fe28185230edc9a1b199d8e6a672b25e2ee8dc15f686198abf7154bdc5ebe9d0"",
        ""selected_reference_ids"": [
          ""

[TRUNCATED: original_length=37499]","{
  ""status"": ""approved"",
  ""approved"": true,
  ""safety"": {
    ""ok"": true,
    ""risk_level"": ""low"",
    ""profile"": ""dataset_generation"",
    ""violations"": [],
    ""warnings"": [],
    ""allowed_imports"": [
      ""datetime"",
      ""math"",
      ""numpy"",
      ""pandas"",
      ""random"",
      ""statistics""
    ],
    ""allowed_dependencies"": [
      ""numpy"",
      ""pandas""
    ],
    ""blocked_names"": [
      ""__import__"",
      ""breakpoint"",
      ""compile"",
      ""delattr"",
      ""dir"",
      ""eval"",
      ""exec"",
      ""getattr"",
      ""globals"",
      ""input"",
      ""locals"",
      ""open"",
      ""setattr"",
      ""vars""
    ],
    ""materialized_output_checks"": {
      ""csv_text"": true
    }
  },
  ""messages"": [
    ""Dataset code is review-safe and ready for explicit execution approval.""
  ],
  ""required_actions"": [],
  ""reviewed_at"": ""2026-05-17T22:07:59.906259""
}",{},"{
  ""status"": ""completed"",
  ""stage"": ""reviewed"",
  ""metric_count"": 4,
  ""artifact_count"": 0
}",1,1.0
training_run,positive,training,,,,,{},,,{},{},{},"{
  ""status"": ""completed"",
  ""stage"": ""completed"",
  ""metric_count"": 6,
  ""artifact_count"": 6
}",1,1.0
study_run,positive,study,,,,,{},,,{},{},{},"{
  ""status"": ""completed"",
  ""stage"": ""completed"",
  ""metric_count"": 0,
  ""artifact_count"": 0
}",1,1.0
training_run,positive,training,,,,,{},,,{},{},{},"{
  ""status"": ""completed"",
  ""stage"": ""completed"",
  ""metric_count"": 6,
  ""artifact_count"": 6
}",1,1.0
study_run,positive,study,,,,,{},,,{},{},{},"{
  ""status"": ""completed"",
  ""stage"": ""completed"",
  ""metric_count"": 0,
  ""artifact_count"": 0
}",1,1.0
training_run,positive,training,,,,,{},,,{},{},{},"{
  ""status"": ""completed"",
  ""stage"": ""completed"",
  ""metric_count"": 6,
  ""artifact_count"": 6
}",1,1.0
training_run,positive,training,,,,,{},,,{},{},{},"{
  ""status"": ""completed"",
  ""stage"": ""completed"",
  ""metric_count"": 6,
  ""artifact_count"": 6
}",1,1.0
study_run,positive,study,,,,,{},,,{},{},{},"{
  ""status"": ""completed"",
  ""stage"": ""completed"",
  ""metric_count"": 0,
  ""artifact_count"": 0
}",1,1.0
training_run,positive,training,,,,,{},,,{},{},{},"{
  ""status"": ""completed"",
  ""stage"": ""completed"",
  ""metric_count"": 6,
  ""artifact_count"": 6
}",1,1.0
training_run,failed,training,,,,,{},,,{},{},{},"{
  ""status"": ""failed"",
  ""stage"": ""failed"",
  ""metric_count"": 0,
  ""artifact_count"": 0
}",0,0.0
training_run,failed,training,,,,,{},,,{},{},{},"{
  ""status"": ""failed"",
  ""stage"": ""failed"",
  ""metric_count"": 0,
  ""artifact_count"": 0
}",0,0.0
assistant_run,positive,assistant,make the dataset half the size with all positive values,481d8e71230d8569d8f2f2b09045f326b7cd3a704338fb36028daa6df485ab10,,,{},,,"{
  ""draft_id"": ""draft_a2fb3ae5d66a"",
  ""session_id"": null,
  ""draft_type"": ""feature_operations"",
  ""title"": ""Feature Transformation Draft"",
  ""summary"": ""Prepares visual feature operations for /features/preview before materialization."",
  ""prompt"": ""make the dataset half the size with all positive values"",
  ""status"": ""draft"",
  ""provider"": ""assistant_model_28"",
  ""created_at"": ""2026-05-11T01:15:04.134132"",
  ""code"": null,
  ""operations"": [
    {
      ""type"": ""rename"",
      ""column"": """",
      ""operator"": ""=="",
      ""value"": """",
      ""ascending"": true,
      ""target"": """"
    }
  ],
  ""registry_payload"": {},
  ""registry_type"": null,
  ""form_payload"": {},
  ""training_request"": {},
  ""study_request"": {},
  ""execution_profile"": ""feature_operations"",
  ""materialized_outputs"": [],
  ""artifacts"": {
    ""preview_endpoint"": ""/features/preview"",
    ""materialize_endpoint"": ""/features/materialize"",
    ""context_pack"": {
      ""id"": ""ctx_082be8838d98"",
      ""hash"": ""481d8e71230d8569d8f2f2b09045f326b7cd3a704338fb36028daa6df485ab10"",
      ""version"": ""assistant-context-pack-v1"",
      ""payload"": {
        ""context_pack_id"": ""ctx_082be8838d98"",
        ""version"": ""assistant-context-pack-v1"",
        ""prompt"": ""make the dataset half the size with all positive values"",
        ""workflow_goal"": null,
        ""target_type"": ""feature_operations"",
        ""provider"": ""assistant_model_28"",
        ""registry_type"": null,
        ""form_values"": {
          ""datasetId"": 31
        },
        ""constraints"": {},
        ""safety_profile"": ""feature_operations"",
        ""allowed_imports"": [],
        ""allowed_dependencies"": [],
        ""content_references"": [
          {
            ""reference_id"": ""ref_system_project_schema_feature_operations"",
            ""source_type"": ""project_schema"",
            ""name"": ""assistant_workflow_draft"",
            ""summary"": ""WorkflowDraft is the structured output contract for assistant providers."",
            ""trust_level"": ""system"",
            ""uri"": null,
            ""metadata"": {
              ""target_type"": ""feature_operations""
            },
            ""content_hash"": null,
            ""tags"": [],
            ""created_at"": ""2026-05-11T01:15:04.129471""
          },
          {
            ""reference_id"": ""ref_system_safety_feature_operations"",
            ""source_type"": ""safety_profile"",
            ""name"": ""feature_operations"",
            ""summary"": ""Allowed imports, dependencies, and required outputs for assistant-reviewed code."",
            ""trust_level"": ""system"",
            ""uri"": null,
            ""metadata"": {
              ""allowed_imports"": [],
              ""allowed_dependencies"": [],
              ""required_outputs"": []
            },
            ""content_hash"": null,
            ""tags"": [],
            ""created_at"": ""2026-05-11T01:15:04.129492""
          },
          {
            ""reference_id"": ""ref_system_alignment_contracts"",
            ""source_type"": ""alignment_contracts"",
            ""name"": ""assistant_alignment_contracts"",
            ""summary"": ""The five alignment contracts that every private assistant draft is evaluated against."",
            ""trust_level"": ""system"",
            ""uri"": null,
            ""metadata"": {
              ""output_alignment"": ""Every response must validate as WorkflowDraft and include the required workflow outputs."",
              ""safety_alignment"": ""Generated code must pass assistant_safety.py before approval or execution."",
              ""registry_alignment"": ""Registry drafts must map to the supported manual registry object payloads."",
              ""dependency_alignment"": ""Drafted code must stay inside allowed imports, dependencies, and artifact formats."",
              ""mlflow_alignment"": ""Drafts, evals, context packs, prompt versions, and model versions must be traceable.""
            },
            ""content_hash"": null,
            ""tags"": [],
            ""created_at"": ""2026-05-11T01:15:04.129507""
          },
          {
            ""reference_id"": ""ref_system_prompt_feature_operations"",
            ""source_type"": ""prompt_template"",
            ""name"": ""amanaje-assistant-template-v1"",
            ""summary"": ""Draft visual feature operations that match the selected dataset context and can be previewed before materialization."",
            ""trust_level"": ""system"",
            ""uri"": null,
            ""metadata"": {
              ""prompt_template_version"": ""amanaje-assistant-template-v1""
            },
            ""content_hash"": null,
            ""tags"": [],
            ""created_at"": ""2026-05-11T01:15:04.129523""
          },
          {
            ""reference_id"": ""ref_system_writing_guide"",
            ""source_type"": ""draft_writing_guide"",
            ""name"": ""amanaje_assistant_writing_guide"",
            ""summary"": ""Project writing guidance for draft titles, summaries, metadata, risks, assumptions, and next actions."",
            ""trust_level"": ""system"",
            ""uri"": null,
            ""metadata"": {
              ""voice"": ""Concrete, project-aware, concise, and operational."",
              ""titles"": ""Name the artifact or workflow outcome, not the assistant action."",
              ""summaries"": ""State what the draft creates, how it fits Painel Amanaje, and what remains for user approval."",
              ""metadata"": ""Prefer registry-compatible names, versions, paths, feature names, and dependency declarations."",
              ""risks"": ""Name practical limitations such as synthetic distribution mismatch, missing IDs, or untrained artifacts."",
              ""next_actions"": ""Use short workflow actions that match reviewed draft, guarded run, upload, or registry submit steps."",
              ""references"": ""Use internal reference summaries and cite their reference IDs in metadata when they shape the draft."",
              ""originality"": ""Generate project-specific assets from the request and internal references; do not copy raw reference text.""
            },
            ""content_hash"": null,
            ""tags"": [],
            ""created_at"": ""2026-05-11T01:15:04.129538""
          },
          {
            ""reference_id"": ""ref_system_quality_rubric"",
            ""source_type"": ""draft_quality_rubric"",
            ""name"": ""amanaje_assistant_quality_rubric"",
            ""summary"": ""Quality checks used to evaluate generated draft text and metadata."",
            ""trust_level"": ""system"",
            ""uri"": null,
            ""metadata"": {
              ""title_quality"": ""Title is specific to the requested artifact or workflow."",
              ""summary_quality"": ""Summary is not generic and explains the generated draft's project fit."",
              ""metadata_quality"": ""Registry metadata and materialized outputs match project schemas."",
              ""risk_quality"": ""Risks and assumptions are concrete enough for user review."",
              ""reference_quality"": ""Internal references are summarized, traceable, and not copied raw into prompts.""
            },
            ""content_hash"": null,
            ""tags"": [],
            ""created_at"": ""2026-05-11T01:15:04.129553""
          },
          {
            ""reference_id"": ""ref_system_mlflow_tracking"",
            ""source_type"": ""mlflow_tracking"",
            ""name"": ""assistant/amanaje_slm"",
            ""summary"": ""Assistant model versions, evals, training examples, and promotion reports are tracked in MLflow."",
            ""trust_level"": ""system"",
            ""uri"": ""assistant/amanaje_slm"",
            ""metadata"": {
              ""experiment_name"": ""assistant/amanaje_slm"",
              ""evaluation_profile"": ""assistant-golden-v1"",
              ""context_pack_version"": ""assistant-context-pack-v1""
            },
            ""content_hash"": null,
            ""tags"": [],
            ""created_at"": ""2026-05-11T01:15:04.129569""
          },
          {
            ""reference_id"": ""ref_runtime_assistant_reference_snapshot"",
            ""source_type"": ""runtime_context"",
            ""name"": ""assistant_reference_snapshot"",
            ""summary"": ""keys: eval_dir, interactions_path, recent_evals, recent_examples, source_type"",
            ""trust_level"": ""runtime"",
            ""uri"": null,
            ""metadata"": {
              ""source_type"": ""assistant_reference_snapshot"",
              ""interactions_path"": ""/app/runtime_artifacts/assistant_datasets/interactions.jsonl"",
              ""eval_dir"": ""/app/runtime_artifacts/assistant_evals"",
              ""recent_examples"": [
                {
                  ""label"": ""positive"",
                  ""workflow_type"": ""model_generation"",
                  ""provider"": ""assistant_model_28"",
                  ""model_version"": ""registry-assistant-draft-0.1"",
                  ""context_pack_hash"": ""5924cc0d09d219f3f12ab7122e89dc3507c2ac568b5a10f9702aff026e91389d"",
                  ""review_status"": ""approved""
                },
                {
                  ""label"": ""corrected"",
                  ""workflow_type"": ""model_generation"",
                  ""provider"": ""assistant_model_28"",
                  ""model_version"": ""registry-assistant-draft-0.1"",
                  ""context_pack_hash"": ""5924cc0d09d219f3f12ab7122e89dc3507c2ac568b5a10f9702aff026e91389d"",
                  ""review_status"": ""approved""
                },
                {
                  ""label"": ""negative"",
                  ""workflow_type"": ""registry_object"",
                  ""provider"": ""assistant_model_28"",
                  ""model_version"": ""registry-assistant-draft-0.1"",
                  ""context_pack_hash"": ""f3817d549536a989c8e7cbc6873783e980359c0bf7fd3750d74c768b8d90cbad"",
                  ""review_status"": ""needs_revision""
                }
              ],
              ""recent_evals"": [
                {
                  ""file"": ""draft_db9c0b40ce86_eval.json"",
                  ""draft_type"": ""dataset_generation"",
                  ""passed"": true,
                  ""evaluation_profile"": ""assistant-golden-v1""
                },
                {
                  ""file"": ""draft_fdd67650f779_eval.json"",
                  ""draft_type"": ""dataset_generation"",
                  ""passed"": true,
                  ""evaluation_profile"": ""assistant-golden-v1""
                },
                {
                  ""file"": ""draft_f15deb5c5aa4_eval.json"",
                  ""draft_type"": ""dataset_generation"",
                  ""passed"": true,
                  ""evaluation_profile"": ""assistant-golden-v1""
                }
              ]
            },
            ""content_hash"": null,
            ""tags"": [],
            ""created_at"": ""2026-05-11T01:15:04.129651""
          }
        ],
        ""reference_pack_id"": ""refpack_1dbd574c2b64"",
        ""reference_pack_hash"": ""063c06516b4ca108154d116a2044645e30e5b84b7ae2acc0d03cd49eefe6c0ba"",
        ""selected_reference_ids"": [
          ""ref_system_project_schema_feature_operations"",
          ""ref_system_safety_feature_operations"",
          ""ref_system_alignment_contracts"",
          ""ref_system_prompt_feature_operations"",
          ""ref_system_writing_guide"",
          ""ref_system_quality_rubric"",
          ""ref_system_mlflow_tracking"",
          ""ref_runtime_assistant_reference_snapshot""
        ],
        ""reference_trust_levels"": {
          ""ref_system_project_schema_feature_operations"": ""system"",
          ""ref_system_safety_feature_operations"": ""system"",
          ""ref_system_alignment_contracts"": ""system"",
          ""ref_system_prompt_feature_operations"": ""system"",
          ""ref_system_writing_guide"": ""system"",
          ""ref_system_quality_rubric"": ""system"",
          ""ref_system_mlflow_tracking"": ""system"",
          ""ref_runtime_assistant_reference_snapshot"": ""runtime""
        },
        ""compact_summary"": ""target=feature_operations; form_keys=datasetId; references=8"",
        ""pack_hash"": ""481d8e71230d8569d8f2f2b09045f326b7cd3a704338fb36028daa6df485ab10"",
        ""created_at"": ""2026-05-11T01:15:04.130555""
      }
    },
    ""assistant_

[TRUNCATED: original_length=36500]","{
  ""status"": ""approved"",
  ""approved"": true,
  ""safety"": {
    ""ok"": true,
    ""risk_level"": ""none"",
    ""profile"": ""feature_operations"",
    ""violations"": [],
    ""warnings"": [],
    ""allowed_imports"": [
      ""datetime"",
      ""math"",
      ""numpy"",
      ""pandas"",
      ""random"",
      ""sklearn"",
      ""statistics""
    ],
    ""allowed_dependencies"": [],
    ""blocked_names"": [
      ""__import__"",
      ""breakpoint"",
      ""compile"",
      ""delattr"",
      ""dir"",
      ""eval"",
      ""exec"",
      ""getattr"",
      ""globals"",
      ""input"",
      ""locals"",
      ""open"",
      ""setattr"",
      ""vars""
    ],
    ""materialized_output_checks"": {}
  },
  ""messages"": [],
  ""required_actions"": [],
  ""reviewed_at"": ""2026-05-11T01:15:04.137335""
}",{},"{
  ""status"": ""completed"",
  ""stage"": ""reviewed"",
  ""metric_count"": 4,
  ""artifact_count"": 0
}",1,1.0
training_run,failed,training,,,,,{},,,{},{},{},"{
  ""status"": ""failed"",
  ""stage"": ""failed"",
  ""metric_count"": 0,
  ""artifact_count"": 0
}",0,0.0
training_run,failed,training,,,,,{},,,{},{},{},"{
  ""status"": ""failed"",
  ""stage"": ""failed"",
  ""metric_count"": 0,
  ""artifact_count"": 0
}",0,0.0
assistant_run,positive,assistant,make a dataset about keyboards,134d26814839cbb7a947da0db5cc7465145e2d9392b76a9c6c57f5a0a47032e5,,,{},,,"{
  ""draft_id"": ""draft_db9c0b40ce86"",
  ""session_id"": null,
  ""draft_type"": ""dataset_generation"",
  ""title"": ""Generated Dataset Draft"",
  ""summary"": ""Creates a tabular dataset and exposes it as csv_text for the existing upload/create flow."",
  ""prompt"": ""make a dataset about keyboards"",
  ""status"": ""draft"",
  ""provider"": ""assistant_model_28"",
  ""created_at"": ""2026-05-07T05:27:38.356363"",
  ""code"": ""# Assistant dataset draft\n# make a dataset about keyboards\n\nimport numpy as np\nimport pandas as pd\n\nrng = np.random.default_rng(42)\nrow_count = 100\ndf = pd.DataFrame({\n    \""feature_a\"": rng.normal(10, 2, row_count).round(4),\n    \""feature_b\"": rng.integers(0, 5, row_count),\n    \""segment\"": rng.choice([\""baseline\"", \""growth\"", \""risk\""], row_count),\n})\ndf[\""target\""] = (df[\""feature_a\""] * 0.7 + df[\""feature_b\""] * 1.5 + rng.normal(0, 0.5, row_count)).round(4)\n\ncsv_text = df.to_csv(index=False)\nname = \""assistant_generated_dataset\""\ndescription = \""Dataset drafted by the Amanaje assistant.\""\nobject_type = \""dataset\""\ndataset_type = \""dataset\""\nversion = 1\nconnection_string = \""\"""",
  ""operations"": [],
  ""registry_payload"": {},
  ""registry_type"": null,
  ""form_payload"": {},
  ""training_request"": {},
  ""study_request"": {},
  ""execution_profile"": ""dataset_generation"",
  ""materialized_outputs"": [
    ""csv_text"",
    ""name"",
    ""description"",
    ""object_type"",
    ""dataset_type""
  ],
  ""artifacts"": {
    ""context_pack"": {
      ""id"": ""ctx_965c32f48336"",
      ""hash"": ""134d26814839cbb7a947da0db5cc7465145e2d9392b76a9c6c57f5a0a47032e5"",
      ""version"": ""assistant-context-pack-v1"",
      ""payload"": {
        ""context_pack_id"": ""ctx_965c32f48336"",
        ""version"": ""assistant-context-pack-v1"",
        ""prompt"": ""make a dataset about keyboards"",
        ""workflow_goal"": null,
        ""target_type"": ""dataset_generation"",
        ""provider"": ""assistant_model_28"",
        ""registry_type"": null,
        ""form_values"": {},
        ""constraints"": {},
        ""safety_profile"": ""dataset_generation"",
        ""allowed_imports"": [
          ""datetime"",
          ""math"",
          ""numpy"",
          ""pandas"",
          ""random"",
          ""statistics""
        ],
        ""allowed_dependencies"": [
          ""numpy"",
          ""pandas""
        ],
        ""content_references"": [
          {
            ""reference_id"": ""ref_system_project_schema_dataset_generation"",
            ""source_type"": ""project_schema"",
            ""name"": ""assistant_workflow_draft"",
            ""summary"": ""WorkflowDraft is the structured output contract for assistant providers."",
            ""trust_level"": ""system"",
            ""uri"": null,
            ""metadata"": {
              ""target_type"": ""dataset_generation""
            },
            ""content_hash"": null,
            ""tags"": [],
            ""created_at"": ""2026-05-07T05:27:38.301347""
          },
          {
            ""reference_id"": ""ref_system_safety_dataset_generation"",
            ""source_type"": ""safety_profile"",
            ""name"": ""dataset_generation"",
            ""summary"": ""Allowed imports, dependencies, and required outputs for assistant-reviewed code."",
            ""trust_level"": ""system"",
            ""uri"": null,
            ""metadata"": {
              ""allowed_imports"": [
                ""datetime"",
                ""random"",
                ""numpy"",
                ""math"",
                ""pandas"",
                ""statistics""
              ],
              ""allowed_dependencies"": [
                ""numpy"",
                ""pandas""
              ],
              ""required_outputs"": [
                ""csv_text""
              ]
            },
            ""content_hash"": null,
            ""tags"": [],
            ""created_at"": ""2026-05-07T05:27:38.301651""
          },
          {
            ""reference_id"": ""ref_system_alignment_contracts"",
            ""source_type"": ""alignment_contracts"",
            ""name"": ""assistant_alignment_contracts"",
            ""summary"": ""The five alignment contracts that every private assistant draft is evaluated against."",
            ""trust_level"": ""system"",
            ""uri"": null,
            ""metadata"": {
              ""output_alignment"": ""Every response must validate as WorkflowDraft and include the required workflow outputs."",
              ""safety_alignment"": ""Generated code must pass assistant_safety.py before approval or execution."",
              ""registry_alignment"": ""Registry drafts must map to the supported manual registry object payloads."",
              ""dependency_alignment"": ""Drafted code must stay inside allowed imports, dependencies, and artifact formats."",
              ""mlflow_alignment"": ""Drafts, evals, context packs, prompt versions, and model versions must be traceable.""
            },
            ""content_hash"": null,
            ""tags"": [],
            ""created_at"": ""2026-05-07T05:27:38.301690""
          },
          {
            ""reference_id"": ""ref_system_prompt_dataset_generation"",
            ""source_type"": ""prompt_template"",
            ""name"": ""amanaje-assistant-template-v1"",
            ""summary"": ""Draft safe Python code that creates synthetic tabular data and exposes csv_text plus dataset metadata. Use only allowed dependencies, align names with trusted internal references, and never write files."",
            ""trust_level"": ""system"",
            ""uri"": null,
            ""metadata"": {
              ""prompt_template_version"": ""amanaje-assistant-template-v1""
            },
            ""content_hash"": null,
            ""tags"": [],
            ""created_at"": ""2026-05-07T05:27:38.301735""
          },
          {
            ""reference_id"": ""ref_system_writing_guide"",
            ""source_type"": ""draft_writing_guide"",
            ""name"": ""amanaje_assistant_writing_guide"",
            ""summary"": ""Project writing guidance for draft titles, summaries, metadata, risks, assumptions, and next actions."",
            ""trust_level"": ""system"",
            ""uri"": null,
            ""metadata"": {
              ""voice"": ""Concrete, project-aware, concise, and operational."",
              ""titles"": ""Name the artifact or workflow outcome, not the assistant action."",
              ""summaries"": ""State what the draft creates, how it fits Painel Amanaje, and what remains for user approval."",
              ""metadata"": ""Prefer registry-compatible names, versions, paths, feature names, and dependency declarations."",
              ""risks"": ""Name practical limitations such as synthetic distribution mismatch, missing IDs, or untrained artifacts."",
              ""next_actions"": ""Use short workflow actions that match reviewed draft, guarded run, upload, or registry submit steps."",
              ""references"": ""Use internal reference summaries and cite their reference IDs in metadata when they shape the draft."",
              ""originality"": ""Generate project-specific assets from the request and internal references; do not copy raw reference text.""
            },
            ""content_hash"": null,
            ""tags"": [],
            ""created_at"": ""2026-05-07T05:27:38.301793""
          },
          {
            ""reference_id"": ""ref_system_quality_rubric"",
            ""source_type"": ""draft_quality_rubric"",
            ""name"": ""amanaje_assistant_quality_rubric"",
            ""summary"": ""Quality checks used to evaluate generated draft text and metadata."",
            ""trust_level"": ""system"",
            ""uri"": null,
            ""metadata"": {
              ""title_quality"": ""Title is specific to the requested artifact or workflow."",
              ""summary_quality"": ""Summary is not generic and explains the generated draft's project fit."",
              ""metadata_quality"": ""Registry metadata and materialized outputs match project schemas."",
              ""risk_quality"": ""Risks and assumptions are concrete enough for user review."",
              ""reference_quality"": ""Internal references are summarized, traceable, and not copied raw into prompts.""
            },
            ""content_hash"": null,
            ""tags"": [],
            ""created_at"": ""2026-05-07T05:27:38.301819""
          },
          {
            ""reference_id"": ""ref_system_mlflow_tracking"",
            ""source_type"": ""mlflow_tracking"",
            ""name"": ""assistant/amanaje_slm"",
            ""summary"": ""Assistant model versions, evals, training examples, and promotion reports are tracked in MLflow."",
            ""trust_level"": ""system"",
            ""uri"": ""assistant/amanaje_slm"",
            ""metadata"": {
              ""experiment_name"": ""assistant/amanaje_slm"",
              ""evaluation_profile"": ""assistant-golden-v1"",
              ""context_pack_version"": ""assistant-context-pack-v1""
            },
            ""content_hash"": null,
            ""tags"": [],
            ""created_at"": ""2026-05-07T05:27:38.301847""
          },
          {
            ""reference_id"": ""ref_runtime_assistant_reference_snapshot"",
            ""source_type"": ""runtime_context"",
            ""name"": ""assistant_reference_snapshot"",
            ""summary"": ""keys: eval_dir, interactions_path, recent_evals, recent_examples, source_type"",
            ""trust_level"": ""runtime"",
            ""uri"": null,
            ""metadata"": {
              ""source_type"": ""assistant_reference_snapshot"",
              ""interactions_path"": ""/app/runtime_artifacts/assistant_datasets/interactions.jsonl"",
              ""eval_dir"": ""/app/runtime_artifacts/assistant_evals"",
              ""recent_examples"": [
                {
                  ""label"": ""positive"",
                  ""workflow_type"": ""model_generation"",
                  ""provider"": ""assistant_model_28"",
                  ""model_version"": ""registry-assistant-draft-0.1"",
                  ""context_pack_hash"": ""5924cc0d09d219f3f12ab7122e89dc3507c2ac568b5a10f9702aff026e91389d"",
                  ""review_status"": ""approved""
                },
                {
                  ""label"": ""corrected"",
                  ""workflow_type"": ""model_generation"",
                  ""provider"": ""assistant_model_28"",
                  ""model_version"": ""registry-assistant-draft-0.1"",
                  ""context_pack_hash"": ""5924cc0d09d219f3f12ab7122e89dc3507c2ac568b5a10f9702aff026e91389d"",
                  ""review_status"": ""approved""
                },
                {
                  ""label"": ""negative"",
                  ""workflow_type"": ""registry_object"",
                  ""provider"": ""assistant_model_28"",
                  ""model_version"": ""registry-assistant-draft-0.1"",
                  ""context_pack_hash"": ""f3817d549536a989c8e7cbc6873783e980359c0bf7fd3750d74c768b8d90cbad"",
                  ""review_status"": ""needs_revision""
                }
              ],
              ""recent_evals"": [
                {
                  ""file"": ""draft_fdd67650f779_eval.json"",
                  ""draft_type"": ""dataset_generation"",
                  ""passed"": true,
                  ""evaluation_profile"": ""assistant-golden-v1""
                },
                {
                  ""file"": ""draft_f15deb5c5aa4_eval.json"",
                  ""draft_type"": ""dataset_generation"",
                  ""passed"": true,
                  ""evaluation_profile"": ""assistant-golden-v1""
                },
                {
                  ""file"": ""draft_e39c8db6f2b2_eval.json"",
                  ""draft_type"": ""model_generation"",
                  ""passed"": true,
                  ""evaluation_profile"": ""assistant-golden-v1""
                }
              ]
            },
            ""content_hash"": null,
            ""tags"": [],
            ""created_at"": ""2026-05-07T05:27:38.302182""
          }
        ],
        ""reference_pack_id"": ""refpack_c29c172e6349"",
        ""reference_pack_hash"": ""fe28185230edc9a1b199d8e6a672b25e2ee8dc15f686198abf7154bdc5ebe9d0"",
        ""selected_reference_ids"": [
          ""ref_system_project_schema_dataset_generation"",
          ""ref_system_safety_dataset_generation"",
          ""ref_system_

[TRUNCATED: original_length=35582]","{
  ""status"": ""approved"",
  ""approved"": true,
  ""safety"": {
    ""ok"": true,
    ""risk_level"": ""low"",
    ""profile"": ""dataset_generation"",
    ""violations"": [],
    ""warnings"": [],
    ""allowed_imports"": [
      ""datetime"",
      ""math"",
      ""numpy"",
      ""pandas"",
      ""random"",
      ""statistics""
    ],
    ""allowed_dependencies"": [
      ""numpy"",
      ""pandas""
    ],
    ""blocked_names"": [
      ""__import__"",
      ""breakpoint"",
      ""compile"",
      ""delattr"",
      ""dir"",
      ""eval"",
      ""exec"",
      ""getattr"",
      ""globals"",
      ""input"",
      ""locals"",
      ""open"",
      ""setattr"",
      ""vars""
    ],
    ""materialized_output_checks"": {
      ""csv_text"": true
    }
  },
  ""messages"": [
    ""Dataset code is review-safe and ready for explicit execution approval.""
  ],
  ""required_actions"": [],
  ""reviewed_at"": ""2026-05-07T05:27:38.383350""
}",{},"{
  ""status"": ""completed"",
  ""stage"": ""reviewed"",
  ""metric_count"": 4,
  ""artifact_count"": 0
}",1,1.0
training_run,failed,training,,,,,{},,,{},{},{},"{
  ""status"": ""failed"",
  ""stage"": ""failed"",
  ""metric_count"": 0,
  ""artifact_count"": 0
}",0,0.0
training_run,running,training,,,,,{},,,{},{},{},"{
  ""status"": ""running"",
  ""stage"": ""training"",
  ""metric_count"": 0,
  ""artifact_count"": 0
}",0,0.25
training_run,failed,training,,,,,{},,,{},{},{},"{
  ""status"": ""failed"",
  ""stage"": ""failed"",
  ""metric_count"": 0,
  ""artifact_count"": 0
}",0,0.0
training_run,running,training,,,,,{},,,{},{},{},"{
  ""status"": ""running"",
  ""stage"": ""preparing_dataset"",
  ""metric_count"": 0,
  ""artifact_count"": 0
}",0,0.25
training_run,failed,training,,,,,{},,,{},{},{},"{
  ""status"": ""failed"",
  ""stage"": ""failed"",
  ""metric_count"": 0,
  ""artifact_count"": 0
}",0,0.0
training_run,positive,training,,,,,{},,,{},{},{},"{
  ""status"": ""completed"",
  ""stage"": ""completed"",
  ""metric_count"": 7,
  ""artifact_count"": 6
}",1,1.0
training_run,positive,training,,,,,{},,,{},{},{},"{
  ""status"": ""completed"",
  ""stage"": ""completed"",
  ""metric_count"": 6,
  ""artifact_count"": 6
}",1,1.0
training_run,positive,training,,,,,{},,,{},{},{},"{
  ""status"": ""completed"",
  ""stage"": ""completed"",
  ""metric_count"": 6,
  ""artifact_count"": 6
}",1,1.0
training_run,running,training,,,,,{},,,{},{},{},"{
  ""status"": ""running"",
  ""stage"": ""preparing_dataset"",
  ""metric_count"": 0,
  ""artifact_count"": 0
}",0,0.25
study_run,positive,study,,,,,{},,,{},{},{},"{
  ""status"": ""completed"",
  ""stage"": ""completed"",
  ""metric_count"": 0,
  ""artifact_count"": 0
}",1,1.0
study_run,running,study,,,,,{},,,{},{},{},"{
  ""status"": ""running"",
  ""stage"": ""study_optimization"",
  ""metric_count"": 0,
  ""artifact_count"": 0
}",0,0.25
study_run,positive,study,,,,,{},,,{},{},{},"{
  ""status"": ""completed"",
  ""stage"": ""completed"",
  ""metric_count"": 0,
  ""artifact_count"": 0
}",1,1.0
study_run,positive,study,,,,,{},,,{},{},{},"{
  ""status"": ""completed"",
  ""stage"": ""completed"",
  ""metric_count"": 0,
  ""artifact_count"": 0
}",1,1.0
assistant_run,positive,assistant,Validate and enrich this AssistantModel registry payload before manual create.,065ea3c72fa1c992fa03282eef0539ce3e6b7cedd2d14404b98768961d5fa80c,,,{},,,"{
  ""draft_id"": ""draft_9f7d065eccb8"",
  ""session_id"": null,
  ""draft_type"": ""registry_object"",
  ""title"": ""AssistantModel Draft"",
  ""summary"": ""Prepares registry metadata for review before the user submits the manual create form."",
  ""prompt"": ""Validate and enrich this AssistantModel registry payload before manual create."",
  ""status"": ""draft"",
  ""provider"": ""local"",
  ""created_at"": ""2026-05-03T00:10:45.879327"",
  ""code"": null,
  ""operations"": [],
  ""registry_payload"": {
    ""name"": ""assistant_assistantmodel"",
    ""description"": ""AssistantModel drafted by the Amanaje assistant."",
    ""object_type"": ""learning_model"",
    ""path"": ""models/artifact.json"",
    ""size"": 0,
    ""version"": 1,
    ""history"": [
      {
        ""operation"": ""assistant_draft""
      }
    ],
    ""model_type"": ""assistant_model"",
    ""parameters"": {
      ""assistant"": {
        ""provider_type"": ""openai_compatible"",
        ""base_url"": ""http://localhost:8000/v1"",
        ""model_name"": ""assistant_assistantmodel"",
        ""model_version"": ""registry-assistant-draft-0.1"",
        ""temperature"": 0.2,
        ""max_tokens"": ""[REDACTED]"",
        ""timeout_seconds"": 20,
        ""enabled"": true,
        ""supported_draft_types"": [
          ""dataset_generation"",
          ""model_generation"",
          ""registry_object"",
          ""feature_operations"",
          ""training_run"",
          ""study""
        ],
        ""reference_policy"": {
          ""mode"": ""automatic_internal_repository""
        },
        ""training_profile"": {
          ""curation"": ""approved_and_corrected_drafts""
        },
        ""behavior_profile"": {}
      }
    },
    ""metrics"": {
      ""status"": ""draft"",
      ""evaluation_profile"": ""pending""
    },
    ""reference_data"": ""runtime_artifacts/assistant_datasets/interactions.jsonl"",
    ""input_features"": [
      ""prompt"",
      ""context_pack"",
      ""target_type""
    ],
    ""output_features"": [
      ""workflow_draft""
    ],
    ""is_trained"": false,
    ""is_tested"": false,
    ""is_deployed"": false
  },
  ""registry_type"": ""AssistantModel"",
  ""form_payload"": {
    ""name"": ""assistant_assistantmodel"",
    ""description"": ""AssistantModel drafted by the Amanaje assistant."",
    ""object_type"": ""learning_model"",
    ""path"": ""models/artifact.json"",
    ""size"": 0,
    ""version"": 1,
    ""history"": [
      {
        ""operation"": ""assistant_draft""
      }
    ],
    ""model_type"": ""assistant_model"",
    ""parameters"": {
      ""assistant"": {
        ""provider_type"": ""openai_compatible"",
        ""base_url"": ""http://localhost:8000/v1"",
        ""model_name"": ""assistant_assistantmodel"",
        ""model_version"": ""registry-assistant-draft-0.1"",
        ""temperature"": 0.2,
        ""max_tokens"": ""[REDACTED]"",
        ""timeout_seconds"": 20,
        ""enabled"": true,
        ""supported_draft_types"": [
          ""dataset_generation"",
          ""model_generation"",
          ""registry_object"",
          ""feature_operations"",
          ""training_run"",
          ""study""
        ],
        ""reference_policy"": {
          ""mode"": ""automatic_internal_repository""
        },
        ""training_profile"": {
          ""curation"": ""approved_and_corrected_drafts""
        },
        ""behavior_profile"": {}
      }
    },
    ""metrics"": {
      ""status"": ""draft"",
      ""evaluation_profile"": ""pending""
    },
    ""reference_data"": ""runtime_artifacts/assistant_datasets/interactions.jsonl"",
    ""input_features"": [
      ""prompt"",
      ""context_pack"",
      ""target_type""
    ],
    ""output_features"": [
      ""workflow_draft""
    ],
    ""is_trained"": false,
    ""is_tested"": false,
    ""is_deployed"": false
  },
  ""training_request"": {},
  ""study_request"": {},
  ""execution_profile"": ""registry_object"",
  ""materialized_outputs"": [
    ""registry_payload""
  ],
  ""artifacts"": {
    ""context_pack"": {
      ""id"": ""ctx_e0c9b8eda547"",
      ""hash"": ""065ea3c72fa1c992fa03282eef0539ce3e6b7cedd2d14404b98768961d5fa80c"",
      ""version"": ""assistant-context-pack-v1"",
      ""payload"": {
        ""context_pack_id"": ""ctx_e0c9b8eda547"",
        ""version"": ""assistant-context-pack-v1"",
        ""prompt"": ""Validate and enrich this AssistantModel registry payload before manual create."",
        ""workflow_goal"": null,
        ""target_type"": ""registry_object"",
        ""provider"": ""local"",
        ""registry_type"": ""AssistantModel"",
        ""form_values"": {
          ""name"": ""assistant_assistantmodel"",
          ""description"": ""AssistantModel drafted by the Amanaje assistant."",
          ""object_type"": ""learning_model"",
          ""path"": ""models/artifact.json"",
          ""size"": 0,
          ""version"": 1,
          ""history"": [
            {
              ""operation"": ""assistant_draft""
            }
          ],
          ""model_type"": ""assistant_model"",
          ""parameters"": {
            ""assistant"": {
              ""provider_type"": ""openai_compatible"",
              ""base_url"": ""http://localhost:8000/v1"",
              ""model_name"": ""assistant_assistantmodel"",
              ""model_version"": ""registry-assistant-draft-0.1"",
              ""temperature"": 0.2,
              ""max_tokens"": ""[REDACTED]"",
              ""timeout_seconds"": 20,
              ""enabled"": true,
              ""supported_draft_types"": [
                ""dataset_generation"",
                ""model_generation"",
                ""registry_object"",
                ""feature_operations"",
                ""training_run"",
                ""study""
              ],
              ""reference_policy"": {
                ""mode"": ""automatic_internal_repository""
              },
              ""training_profile"": {
                ""curation"": ""approved_and_corrected_drafts""
              },
              ""behavior_profile"": {}
            }
          },
          ""metrics"": {
            ""status"": ""draft"",
            ""evaluation_profile"": ""pending""
          },
          ""reference_data"": ""runtime_artifacts/assistant_datasets/interactions.jsonl"",
          ""input_features"": [
            ""prompt"",
            ""context_pack"",
            ""target_type""
          ],
          ""output_features"": [
            ""workflow_draft""
          ],
          ""is_trained"": false,
          ""is_tested"": false,
          ""is_deployed"": false
        },
        ""constraints"": {},
        ""safety_profile"": ""registry_object"",
        ""allowed_imports"": [],
        ""allowed_dependencies"": [],
        ""content_references"": [
          {
            ""reference_id"": ""ref_system_project_schema_registry_object"",
            ""source_type"": ""project_schema"",
            ""name"": ""assistant_workflow_draft"",
            ""summary"": ""WorkflowDraft is the structured output contract for assistant providers."",
            ""trust_level"": ""system"",
            ""uri"": null,
            ""metadata"": {
              ""target_type"": ""registry_object""
            },
            ""content_hash"": null,
            ""tags"": [],
            ""created_at"": ""2026-05-03T00:10:45.877157""
          },
          {
            ""reference_id"": ""ref_system_safety_registry_object"",
            ""source_type"": ""safety_profile"",
            ""name"": ""registry_object"",
            ""summary"": ""Allowed imports, dependencies, and required outputs for assistant-reviewed code."",
            ""trust_level"": ""system"",
            ""uri"": null,
            ""metadata"": {
              ""allowed_imports"": [],
              ""allowed_dependencies"": [],
              ""required_outputs"": []
            },
            ""content_hash"": null,
            ""tags"": [],
            ""created_at"": ""2026-05-03T00:10:45.877181""
          },
          {
            ""reference_id"": ""ref_system_alignment_contracts"",
            ""source_type"": ""alignment_contracts"",
            ""name"": ""assistant_alignment_contracts"",
            ""summary"": ""The five alignment contracts that every private assistant draft is evaluated against."",
            ""trust_level"": ""system"",
            ""uri"": null,
            ""metadata"": {
              ""output_alignment"": ""Every response must validate as WorkflowDraft and include the required workflow outputs."",
              ""safety_alignment"": ""Generated code must pass assistant_safety.py before approval or execution."",
              ""registry_alignment"": ""Registry drafts must map to the supported manual registry object payloads."",
              ""dependency_alignment"": ""Drafted code must stay inside allowed imports, dependencies, and artifact formats."",
              ""mlflow_alignment"": ""Drafts, evals, context packs, prompt versions, and model versions must be traceable.""
            },
            ""content_hash"": null,
            ""tags"": [],
            ""created_at"": ""2026-05-03T00:10:45.877196""
          },
          {
            ""reference_id"": ""ref_system_prompt_registry_object"",
            ""source_type"": ""prompt_template"",
            ""name"": ""amanaje-assistant-template-v1"",
            ""summary"": ""Draft a form-ready registry payload for the selected registry type using internal schema references. Do not create the object; only return metadata."",
            ""trust_level"": ""system"",
            ""uri"": null,
            ""metadata"": {
              ""prompt_template_version"": ""amanaje-assistant-template-v1""
            },
            ""content_hash"": null,
            ""tags"": [],
            ""created_at"": ""2026-05-03T00:10:45.877209""
          },
          {
            ""reference_id"": ""ref_system_writing_guide"",
            ""source_type"": ""draft_writing_guide"",
            ""name"": ""amanaje_assistant_writing_guide"",
            ""summary"": ""Project writing guidance for draft titles, summaries, metadata, risks, assumptions, and next actions."",
            ""trust_level"": ""system"",
            ""uri"": null,
            ""metadata"": {
              ""voice"": ""Concrete, project-aware, concise, and operational."",
              ""titles"": ""Name the artifact or workflow outcome, not the assistant action."",
              ""summaries"": ""State what the draft creates, how it fits Painel Amanaje, and what remains for user approval."",
              ""metadata"": ""Prefer registry-compatible names, versions, paths, feature names, and dependency declarations."",
              ""risks"": ""Name practical limitations such as synthetic distribution mismatch, missing IDs, or untrained artifacts."",
              ""next_actions"": ""Use short workflow actions that match reviewed draft, guarded run, upload, or registry submit steps."",
              ""references"": ""Use internal reference summaries and cite their reference IDs in metadata when they shape the draft."",
              ""originality"": ""Generate project-specific assets from the request and internal references; do not copy raw reference text.""
            },
            ""content_hash"": null,
            ""tags"": [],
            ""created_at"": ""2026-05-03T00:10:45.877224""
          },
          {
            ""reference_id"": ""ref_system_quality_rubric"",
            ""source_type"": ""draft_quality_rubric"",
            ""name"": ""amanaje_assistant_quality_rubric"",
            ""summary"": ""Quality checks used to evaluate generated draft text and metadata."",
            ""trust_level"": ""system"",
            ""uri"": null,
            ""metadata"": {
              ""title_quality"": ""Title is specific to the requested artifact or workflow."",
              ""summary_quality"": ""Summary is not generic and explains the generated draft's project fit."",
              ""metadata_quality"": ""Registry metadata and materialized outputs match project schemas."",
              ""risk_quality"": ""Risks and assumptions are concrete enough for user review."",
              ""reference_quality"": ""Internal references are summarized, traceable, and not copied raw into prompts.""
            },
            ""content_hash"": null,
            ""tags"": [],
            ""created_at"": ""2026-05-03T00:10:45.877237""
          },
          {
            ""reference_id"": ""ref_system_mlflow_tracking"",
            ""source_type"": ""mlflow_tracking"",
            ""name

[TRUNCATED: original_length=26882]","{
  ""status"": ""approved"",
  ""approved"": true,
  ""safety"": {
    ""ok"": true,
    ""risk_level"": ""none"",
    ""profile"": ""registry_object"",
    ""violations"": [],
    ""warnings"": [],
    ""allowed_imports"": [
      ""datetime"",
      ""math"",
      ""numpy"",
      ""pandas"",
      ""random"",
      ""sklearn"",
      ""statistics""
    ],
    ""allowed_dependencies"": [],
    ""blocked_names"": [
      ""__import__"",
      ""breakpoint"",
      ""compile"",
      ""delattr"",
      ""dir"",
      ""eval"",
      ""exec"",
      ""getattr"",
      ""globals"",
      ""input"",
      ""locals"",
      ""open"",
      ""setattr"",
      ""vars""
    ],
    ""materialized_output_checks"": {}
  },
  ""messages"": [],
  ""required_actions"": [],
  ""reviewed_at"": ""2026-05-03T00:10:45.880279""
}",{},"{
  ""status"": ""completed"",
  ""stage"": ""reviewed"",
  ""metric_count"": 4,
  ""artifact_count"": 0
}",1,1.0
assistant_run,positive,assistant,Example: Load a CSV file and calculate summary statistics.,3670f2b2ac1d6b773f353271c736bf3ece494a5c95db139b4617ff81f0c63f7d,,,{},,,"{
  ""draft_id"": ""draft_75818f297d80"",
  ""session_id"": null,
  ""draft_type"": ""dataset_generation"",
  ""title"": ""Generated Dataset Draft"",
  ""summary"": ""Creates a tabular dataset and exposes it as csv_text for the existing upload/create flow."",
  ""prompt"": ""Example: Load a CSV file and calculate summary statistics."",
  ""status"": ""draft"",
  ""provider"": ""amanaje_slm"",
  ""created_at"": ""2026-05-01T20:04:57.384350"",
  ""code"": ""# Assistant dataset draft\n# Example: Load a CSV file and calculate summary statistics.\n\nimport numpy as np\nimport pandas as pd\n\nrng = np.random.default_rng(42)\nrow_count = 100\ndf = pd.DataFrame({\n    \""feature_a\"": rng.normal(10, 2, row_count).round(4),\n    \""feature_b\"": rng.integers(0, 5, row_count),\n    \""segment\"": rng.choice([\""baseline\"", \""growth\"", \""risk\""], row_count),\n})\ndf[\""target\""] = (df[\""feature_a\""] * 0.7 + df[\""feature_b\""] * 1.5 + rng.normal(0, 0.5, row_count)).round(4)\n\ncsv_text = df.to_csv(index=False)\nname = \""assistant_generated_dataset\""\ndescription = \""Dataset drafted by the Amanaje assistant.\""\nobject_type = \""dataset\""\ndataset_type = \""dataset\""\nversion = 1\nconnection_string = \""\"""",
  ""operations"": [],
  ""registry_payload"": {},
  ""registry_type"": null,
  ""form_payload"": {},
  ""training_request"": {},
  ""study_request"": {},
  ""execution_profile"": ""dataset_generation"",
  ""materialized_outputs"": [
    ""csv_text"",
    ""name"",
    ""description"",
    ""object_type"",
    ""dataset_type""
  ],
  ""artifacts"": {
    ""context_pack"": {
      ""id"": ""ctx_51585eadddb5"",
      ""hash"": ""3670f2b2ac1d6b773f353271c736bf3ece494a5c95db139b4617ff81f0c63f7d"",
      ""version"": ""assistant-context-pack-v1"",
      ""payload"": {
        ""context_pack_id"": ""ctx_51585eadddb5"",
        ""version"": ""assistant-context-pack-v1"",
        ""prompt"": ""Example: Load a CSV file and calculate summary statistics."",
        ""workflow_goal"": null,
        ""target_type"": ""dataset_generation"",
        ""provider"": ""amanaje_slm"",
        ""registry_type"": null,
        ""form_values"": {},
        ""constraints"": {},
        ""safety_profile"": ""dataset_generation"",
        ""allowed_imports"": [
          ""datetime"",
          ""math"",
          ""numpy"",
          ""pandas"",
          ""random"",
          ""statistics""
        ],
        ""allowed_dependencies"": [
          ""numpy"",
          ""pandas""
        ],
        ""content_references"": [
          {
            ""reference_id"": ""ref_0d2339b1eb44"",
            ""source_type"": ""project_schema"",
            ""name"": ""assistant_workflow_draft"",
            ""summary"": ""WorkflowDraft is the structured output contract for assistant providers."",
            ""trust_level"": ""project"",
            ""uri"": null,
            ""metadata"": {
              ""target_type"": ""dataset_generation""
            },
            ""created_at"": ""2026-05-01T20:04:57.382680""
          },
          {
            ""reference_id"": ""ref_45b24f72c8ac"",
            ""source_type"": ""safety_profile"",
            ""name"": ""dataset_generation"",
            ""summary"": ""Allowed imports, dependencies, and required outputs for assistant-reviewed code."",
            ""trust_level"": ""project"",
            ""uri"": null,
            ""metadata"": {
              ""allowed_imports"": [
                ""math"",
                ""statistics"",
                ""datetime"",
                ""random"",
                ""numpy"",
                ""pandas""
              ],
              ""allowed_dependencies"": [
                ""numpy"",
                ""pandas""
              ],
              ""required_outputs"": [
                ""csv_text""
              ]
            },
            ""created_at"": ""2026-05-01T20:04:57.382835""
          }
        ],
        ""compact_summary"": ""target=dataset_generation; references=2"",
        ""pack_hash"": ""3670f2b2ac1d6b773f353271c736bf3ece494a5c95db139b4617ff81f0c63f7d"",
        ""created_at"": ""2026-05-01T20:04:57.383069""
      }
    },
    ""assistant_model_registry_payload"": {
      ""name"": ""amanaje_slm_assistant"",
      ""description"": ""Private assistant model service used by Painel Amanaje."",
      ""object_type"": ""learning_model"",
      ""size"": 0,
      ""path"": ""runtime_artifacts/assistant_models/amanaje_slm"",
      ""version"": ""amanaje-slm-bootstrap-0.1"",
      ""model_type"": ""assistant_llm_adapter"",
      ""parameters"": {
        ""provider"": ""amanaje_slm"",
        ""base_model_name"": ""local-workflow-template"",
        ""prompt_template_version"": ""amanaje-assistant-template-v1"",
        ""context_pack_version"": ""assistant-context-pack-v1"",
        ""safety_profile_version"": ""assistant-safety-v1""
      },
      ""metrics"": {
        ""evaluation_profile"": ""assistant-golden-v1"",
        ""evaluation_score"": null
      },
      ""reference_data"": ""runtime_artifacts/assistant_datasets/interactions.jsonl"",
      ""input_features"": [
        ""prompt"",
        ""context_pack"",
        ""target_type""
      ],
      ""output_features"": [
        ""workflow_draft""
      ],
      ""is_trained"": false,
      ""is_tested"": false,
      ""is_deployed"": false,
      ""history"": [
        {
          ""operation"": ""assistant_model_registered_payload""
        }
      ]
    }
  },
  ""assumptions"": [
    ""The generated dataset is synthetic."",
    ""The draft only prepares csv_text; it does not write files or registry rows.""
  ],
  ""risks"": [
    ""Synthetic data may not represent the target production distribution.""
  ],
  ""context"": {
    ""operationId"": ""datasets"",
    ""existing_metadata"": {
      ""name"": ""sample_dataset"",
      ""description"": ""Dataset created from the editor"",
      ""object_type"": ""dataset"",
      ""path"": ""generated/sample_dataset.csv"",
      ""version"": 1,
      ""dataset_type"": ""dataset"",
      ""connection_string"": """",
      ""df"": [
        {
          ""value"": 10,
          ""category"": ""a""
        },
        {
          ""value"": 20,
          ""category"": ""b""
        },
        {
          ""value"": 30,
          ""category"": ""c""
        }
      ],
      ""csv_text"": ""value,category\n10,a\n20,b\n30,c\n""
    }
  },
  ""next_actions"": [
    ""Review safety report"",
    ""Approve draft"",
    ""Execute through the guarded execution path""
  ],
  ""model_version"": ""amanaje-slm-bootstrap-0.1"",
  ""prompt_template_version"": ""amanaje-assistant-template-v1"",
  ""context_pack_id"": ""ctx_51585eadddb5"",
  ""context_pack_hash"": ""3670f2b2ac1d6b773f353271c736bf3ece494a5c95db139b4617ff81f0c63f7d"",
  ""evaluation_profile"": ""assistant-golden-v1"",
  ""generation_provenance"": {
    ""source_type"": ""assistant"",
    ""provider"": ""amanaje_slm"",
    ""model_version"": ""amanaje-slm-bootstrap-0.1"",
    ""prompt_template_version"": ""amanaje-assistant-template-v1"",
    ""context_pack_id"": ""ctx_51585eadddb5"",
    ""context_pack_hash"": ""3670f2b2ac1d6b773f353271c736bf3ece494a5c95db139b4617ff81f0c63f7d"",
    ""fallback_provider"": ""local"",
    ""created_at"": ""2026-05-01T20:04:57.384755""
  },
  ""provider_metadata"": {
    ""provider"": ""amanaje_slm"",
    ""base_model_name"": ""local-workflow-template"",
    ""adapter_path"": ""runtime_artifacts/assistant_models/amanaje_slm"",
    ""context_pack_version"": ""assistant-context-pack-v1"",
    ""safety_profile_version"": ""assistant-safety-v1"",
    ""allowed_dependencies"": [
      ""numpy"",
      ""pandas""
    ],
    ""fallback_provider"": ""local"",
    ""latency_ms"": 2.359,
    ""cache_hit"": false,
    ""runtime"": ""bootstrap"",
    ""fallback_reason"": ""No external SLM runtime is configured; using deterministic local fallback."",
    ""serving_mode"": ""separate-service-ready"",
    ""slm_config"": {
      ""enabled"": false,
      ""base_url"": ""http://localhost:8000/v1"",
      ""model_name"": ""amanaje-assistant"",
      ""timeout_seconds"": 20.0,
      ""max_tokens"": ""[REDACTED]"",
      ""api_key_configured"": ""[REDACTED]"",
      ""model_version"": ""amanaje-slm-bootstrap-0.1""
    }
  }
}","{
  ""status"": ""approved"",
  ""approved"": true,
  ""safety"": {
    ""ok"": true,
    ""risk_level"": ""low"",
    ""profile"": ""dataset_generation"",
    ""violations"": [],
    ""warnings"": [],
    ""allowed_imports"": [
      ""datetime"",
      ""math"",
      ""numpy"",
      ""pandas"",
      ""random"",
      ""statistics""
    ],
    ""allowed_dependencies"": [
      ""numpy"",
      ""pandas""
    ],
    ""blocked_names"": [
      ""__import__"",
      ""breakpoint"",
      ""compile"",
      ""delattr"",
      ""dir"",
      ""eval"",
      ""exec"",
      ""getattr"",
      ""globals"",
      ""input"",
      ""locals"",
      ""open"",
      ""setattr"",
      ""vars""
    ],
    ""materialized_output_checks"": {
      ""csv_text"": true
    }
  },
  ""messages"": [
    ""Dataset code is review-safe and ready for explicit execution approval.""
  ],
  ""required_actions"": [],
  ""reviewed_at"": ""2026-05-01T20:04:57.389743""
}",{},"{
  ""status"": ""completed"",
  ""stage"": ""reviewed"",
  ""metric_count"": 2,
  ""artifact_count"": 0
}",1,1.0
assistant_run,positive,assistant,make a dataset about keyboards,1e328c79a268c289e3cd09f3d05a1616fd5e890b5446ab153db4cfc54742e0f5,,,{},,,"{
  ""draft_id"": ""draft_da7b78dc55ac"",
  ""session_id"": null,
  ""draft_type"": ""dataset_generation"",
  ""title"": ""Generated Dataset Draft"",
  ""summary"": ""Creates a tabular dataset and exposes it as csv_text for the existing upload/create flow."",
  ""prompt"": ""make a dataset about keyboards"",
  ""status"": ""draft"",
  ""provider"": ""amanaje_slm"",
  ""created_at"": ""2026-05-01T19:38:06.388300"",
  ""code"": ""# Assistant dataset draft\n# make a dataset about keyboards\n\nimport numpy as np\nimport pandas as pd\n\nrng = np.random.default_rng(42)\nrow_count = 100\ndf = pd.DataFrame({\n    \""feature_a\"": rng.normal(10, 2, row_count).round(4),\n    \""feature_b\"": rng.integers(0, 5, row_count),\n    \""segment\"": rng.choice([\""baseline\"", \""growth\"", \""risk\""], row_count),\n})\ndf[\""target\""] = (df[\""feature_a\""] * 0.7 + df[\""feature_b\""] * 1.5 + rng.normal(0, 0.5, row_count)).round(4)\n\ncsv_text = df.to_csv(index=False)\nname = \""assistant_generated_dataset\""\ndescription = \""Dataset drafted by the Amanaje assistant.\""\nobject_type = \""dataset\""\ndataset_type = \""dataset\""\nversion = 1\nconnection_string = \""\"""",
  ""operations"": [],
  ""registry_payload"": {},
  ""registry_type"": null,
  ""form_payload"": {},
  ""training_request"": {},
  ""study_request"": {},
  ""execution_profile"": ""dataset_generation"",
  ""materialized_outputs"": [
    ""csv_text"",
    ""name"",
    ""description"",
    ""object_type"",
    ""dataset_type""
  ],
  ""artifacts"": {
    ""context_pack"": {
      ""id"": ""ctx_d14cbf7d7f7b"",
      ""hash"": ""1e328c79a268c289e3cd09f3d05a1616fd5e890b5446ab153db4cfc54742e0f5"",
      ""version"": ""assistant-context-pack-v1"",
      ""payload"": {
        ""context_pack_id"": ""ctx_d14cbf7d7f7b"",
        ""version"": ""assistant-context-pack-v1"",
        ""prompt"": ""make a dataset about keyboards"",
        ""workflow_goal"": null,
        ""target_type"": ""dataset_generation"",
        ""provider"": ""amanaje_slm"",
        ""registry_type"": null,
        ""form_values"": {},
        ""constraints"": {},
        ""safety_profile"": ""dataset_generation"",
        ""allowed_imports"": [
          ""datetime"",
          ""math"",
          ""numpy"",
          ""pandas"",
          ""random"",
          ""statistics""
        ],
        ""allowed_dependencies"": [
          ""numpy"",
          ""pandas""
        ],
        ""content_references"": [
          {
            ""reference_id"": ""ref_b6c3f37d2fe9"",
            ""source_type"": ""project_schema"",
            ""name"": ""assistant_workflow_draft"",
            ""summary"": ""WorkflowDraft is the structured output contract for assistant providers."",
            ""trust_level"": ""project"",
            ""uri"": null,
            ""metadata"": {
              ""target_type"": ""dataset_generation""
            },
            ""created_at"": ""2026-05-01T19:38:06.383918""
          },
          {
            ""reference_id"": ""ref_2f92b6ea6524"",
            ""source_type"": ""safety_profile"",
            ""name"": ""dataset_generation"",
            ""summary"": ""Allowed imports, dependencies, and required outputs for assistant-reviewed code."",
            ""trust_level"": ""project"",
            ""uri"": null,
            ""metadata"": {
              ""allowed_imports"": [
                ""math"",
                ""statistics"",
                ""datetime"",
                ""random"",
                ""numpy"",
                ""pandas""
              ],
              ""allowed_dependencies"": [
                ""numpy"",
                ""pandas""
              ],
              ""required_outputs"": [
                ""csv_text""
              ]
            },
            ""created_at"": ""2026-05-01T19:38:06.384035""
          }
        ],
        ""compact_summary"": ""target=dataset_generation; references=2"",
        ""pack_hash"": ""1e328c79a268c289e3cd09f3d05a1616fd5e890b5446ab153db4cfc54742e0f5"",
        ""created_at"": ""2026-05-01T19:38:06.386276""
      }
    },
    ""assistant_model_registry_payload"": {
      ""name"": ""amanaje_slm_assistant"",
      ""description"": ""Private assistant model service used by Painel Amanaje."",
      ""object_type"": ""learning_model"",
      ""size"": 0,
      ""path"": ""runtime_artifacts/assistant_models/amanaje_slm"",
      ""version"": ""amanaje-slm-bootstrap-0.1"",
      ""model_type"": ""assistant_llm_adapter"",
      ""parameters"": {
        ""provider"": ""amanaje_slm"",
        ""base_model_name"": ""local-workflow-template"",
        ""prompt_template_version"": ""amanaje-assistant-template-v1"",
        ""context_pack_version"": ""assistant-context-pack-v1"",
        ""safety_profile_version"": ""assistant-safety-v1""
      },
      ""metrics"": {
        ""evaluation_profile"": ""assistant-golden-v1"",
        ""evaluation_score"": null
      },
      ""reference_data"": ""runtime_artifacts/assistant_datasets/interactions.jsonl"",
      ""input_features"": [
        ""prompt"",
        ""context_pack"",
        ""target_type""
      ],
      ""output_features"": [
        ""workflow_draft""
      ],
      ""is_trained"": false,
      ""is_tested"": false,
      ""is_deployed"": false,
      ""history"": [
        {
          ""operation"": ""assistant_model_registered_payload""
        }
      ]
    }
  },
  ""assumptions"": [
    ""The generated dataset is synthetic."",
    ""The draft only prepares csv_text; it does not write files or registry rows.""
  ],
  ""risks"": [
    ""Synthetic data may not represent the target production distribution.""
  ],
  ""context"": {
    ""operationId"": ""datasets"",
    ""existing_metadata"": {}
  },
  ""next_actions"": [
    ""Review safety report"",
    ""Approve draft"",
    ""Execute through the guarded execution path""
  ],
  ""model_version"": ""amanaje-slm-bootstrap-0.1"",
  ""prompt_template_version"": ""amanaje-assistant-template-v1"",
  ""context_pack_id"": ""ctx_d14cbf7d7f7b"",
  ""context_pack_hash"": ""1e328c79a268c289e3cd09f3d05a1616fd5e890b5446ab153db4cfc54742e0f5"",
  ""evaluation_profile"": ""assistant-golden-v1"",
  ""generation_provenance"": {
    ""source_type"": ""assistant"",
    ""provider"": ""amanaje_slm"",
    ""model_version"": ""amanaje-slm-bootstrap-0.1"",
    ""prompt_template_version"": ""amanaje-assistant-template-v1"",
    ""context_pack_id"": ""ctx_d14cbf7d7f7b"",
    ""context_pack_hash"": ""1e328c79a268c289e3cd09f3d05a1616fd5e890b5446ab153db4cfc54742e0f5"",
    ""fallback_provider"": ""local"",
    ""created_at"": ""2026-05-01T19:38:06.388690""
  },
  ""provider_metadata"": {
    ""provider"": ""amanaje_slm"",
    ""base_model_name"": ""local-workflow-template"",
    ""adapter_path"": ""runtime_artifacts/assistant_models/amanaje_slm"",
    ""context_pack_version"": ""assistant-context-pack-v1"",
    ""safety_profile_version"": ""assistant-safety-v1"",
    ""allowed_dependencies"": [
      ""numpy"",
      ""pandas""
    ],
    ""fallback_provider"": ""local"",
    ""latency_ms"": 4.934,
    ""cache_hit"": false,
    ""runtime"": ""bootstrap"",
    ""fallback_reason"": ""No external SLM runtime is configured; using deterministic local fallback."",
    ""serving_mode"": ""separate-service-ready"",
    ""slm_config"": {
      ""enabled"": false,
      ""base_url"": ""http://localhost:8000/v1"",
      ""model_name"": ""amanaje-assistant"",
      ""timeout_seconds"": 20.0,
      ""max_tokens"": ""[REDACTED]"",
      ""api_key_configured"": ""[REDACTED]"",
      ""model_version"": ""amanaje-slm-bootstrap-0.1""
    }
  }
}","{
  ""status"": ""approved"",
  ""approved"": true,
  ""safety"": {
    ""ok"": true,
    ""risk_level"": ""low"",
    ""profile"": ""dataset_generation"",
    ""violations"": [],
    ""warnings"": [],
    ""allowed_imports"": [
      ""datetime"",
      ""math"",
      ""numpy"",
      ""pandas"",
      ""random"",
      ""statistics""
    ],
    ""allowed_dependencies"": [
      ""numpy"",
      ""pandas""
    ],
    ""blocked_names"": [
      ""__import__"",
      ""breakpoint"",
      ""compile"",
      ""delattr"",
      ""dir"",
      ""eval"",
      ""exec"",
      ""getattr"",
      ""globals"",
      ""input"",
      ""locals"",
      ""open"",
      ""setattr"",
      ""vars""
    ],
    ""materialized_output_checks"": {
      ""csv_text"": true
    }
  },
  ""messages"": [
    ""Dataset code is review-safe and ready for explicit execution approval.""
  ],
  ""required_actions"": [],
  ""reviewed_at"": ""2026-05-01T19:38:06.399034""
}",{},"{
  ""status"": ""completed"",
  ""stage"": ""reviewed"",
  ""metric_count"": 2,
  ""artifact_count"": 0
}",1,1.0
assistant_run,positive,assistant,make a model about classification,,,,{},,,"{
  ""draft_id"": ""draft_ff101f172515"",
  ""session_id"": null,
  ""draft_type"": ""registry_object"",
  ""title"": ""Registry Object Draft"",
  ""summary"": ""Prepares registry metadata for review before persistence."",
  ""prompt"": ""make a model about classification"",
  ""status"": ""draft"",
  ""provider"": ""local"",
  ""created_at"": ""2026-04-27T01:43:39.929639"",
  ""code"": null,
  ""operations"": [],
  ""registry_payload"": {
    ""name"": ""assistant_registry_object"",
    ""description"": ""Registry object drafted by the Amanaje assistant."",
    ""object_type"": ""dataset"",
    ""version"": 1,
    ""history"": [
      {
        ""operation"": ""assistant_draft""
      }
    ]
  },
  ""training_request"": {},
  ""study_request"": {},
  ""artifacts"": {},
  ""assumptions"": [
    ""The target registry route will perform final Pydantic and ORM validation.""
  ],
  ""risks"": [
    ""References to datasets, models, or studies must exist before the object can be saved.""
  ],
  ""context"": {
    ""registryType"": ""LearningModel"",
    ""name"": """",
    ""description"": """",
    ""path"": ""models/artifact.json"",
    ""size"": 0,
    ""version"": 1,
    ""dataset_type"": ""dataset"",
    ""has_features"": false,
    ""connection_string"": """",
    ""model_type"": ""learning_model"",
    ""reference_data"": """",
    ""is_trained"": false,
    ""is_tested"": false,
    ""is_deployed"": false,
    ""learning_model_id"": 1,
    ""dataset_id"": 1,
    ""sampler"": """",
    ""objective"": """"
  },
  ""next_actions"": [
    ""Review metadata"",
    ""Approve persistence"",
    ""Check dependency report before deletion""
  ]
}","{
  ""status"": ""approved"",
  ""approved"": true,
  ""safety"": {
    ""ok"": true,
    ""risk_level"": ""none"",
    ""violations"": [],
    ""warnings"": [],
    ""allowed_imports"": [
      ""datetime"",
      ""math"",
      ""numpy"",
      ""pandas"",
      ""random"",
      ""sklearn"",
      ""statistics""
    ],
    ""blocked_names"": [
      ""__import__"",
      ""breakpoint"",
      ""compile"",
      ""delattr"",
      ""dir"",
      ""eval"",
      ""exec"",
      ""getattr"",
      ""globals"",
      ""input"",
      ""locals"",
      ""open"",
      ""setattr"",
      ""vars""
    ]
  },
  ""messages"": [],
  ""required_actions"": [],
  ""reviewed_at"": ""2026-04-27T01:43:39.930064""
}",{},"{
  ""status"": ""completed"",
  ""stage"": ""reviewed"",
  ""metric_count"": 0,
  ""artifact_count"": 0
}",1,1.0
assistant_run,positive,assistant,make a dataset about keyboards,24f145bb10f9a0c581e31685613bb21b5b569ad143d8e2159636a66b3d06723f,,,{},,,"{
  ""draft_id"": ""draft_032d14e583e8"",
  ""session_id"": null,
  ""draft_type"": ""dataset_generation"",
  ""title"": ""Generated Dataset Draft"",
  ""summary"": ""Creates a tabular dataset and exposes it as csv_text for the existing upload/create flow."",
  ""prompt"": ""make a dataset about keyboards"",
  ""status"": ""draft"",
  ""provider"": ""amanaje_slm"",
  ""created_at"": ""2026-05-02T19:12:55.239531"",
  ""code"": ""# Assistant dataset draft\n# make a dataset about keyboards\n\nimport numpy as np\nimport pandas as pd\n\nrng = np.random.default_rng(42)\nrow_count = 100\ndf = pd.DataFrame({\n    \""feature_a\"": rng.normal(10, 2, row_count).round(4),\n    \""feature_b\"": rng.integers(0, 5, row_count),\n    \""segment\"": rng.choice([\""baseline\"", \""growth\"", \""risk\""], row_count),\n})\ndf[\""target\""] = (df[\""feature_a\""] * 0.7 + df[\""feature_b\""] * 1.5 + rng.normal(0, 0.5, row_count)).round(4)\n\ncsv_text = df.to_csv(index=False)\nname = \""assistant_generated_dataset\""\ndescription = \""Dataset drafted by the Amanaje assistant.\""\nobject_type = \""dataset\""\ndataset_type = \""dataset\""\nversion = 1\nconnection_string = \""\"""",
  ""operations"": [],
  ""registry_payload"": {},
  ""registry_type"": null,
  ""form_payload"": {},
  ""training_request"": {},
  ""study_request"": {},
  ""execution_profile"": ""dataset_generation"",
  ""materialized_outputs"": [
    ""csv_text"",
    ""name"",
    ""description"",
    ""object_type"",
    ""dataset_type""
  ],
  ""artifacts"": {
    ""context_pack"": {
      ""id"": ""ctx_93bce0250c15"",
      ""hash"": ""24f145bb10f9a0c581e31685613bb21b5b569ad143d8e2159636a66b3d06723f"",
      ""version"": ""assistant-context-pack-v1"",
      ""payload"": {
        ""context_pack_id"": ""ctx_93bce0250c15"",
        ""version"": ""assistant-context-pack-v1"",
        ""prompt"": ""make a dataset about keyboards"",
        ""workflow_goal"": null,
        ""target_type"": ""dataset_generation"",
        ""provider"": ""amanaje_slm"",
        ""registry_type"": null,
        ""form_values"": {},
        ""constraints"": {},
        ""safety_profile"": ""dataset_generation"",
        ""allowed_imports"": [
          ""datetime"",
          ""math"",
          ""numpy"",
          ""pandas"",
          ""random"",
          ""statistics""
        ],
        ""allowed_dependencies"": [
          ""numpy"",
          ""pandas""
        ],
        ""content_references"": [
          {
            ""reference_id"": ""ref_457a7f5fc597"",
            ""source_type"": ""project_schema"",
            ""name"": ""assistant_workflow_draft"",
            ""summary"": ""WorkflowDraft is the structured output contract for assistant providers."",
            ""trust_level"": ""project"",
            ""uri"": null,
            ""metadata"": {
              ""target_type"": ""dataset_generation""
            },
            ""created_at"": ""2026-05-02T19:12:55.236337""
          },
          {
            ""reference_id"": ""ref_7468941da6de"",
            ""source_type"": ""safety_profile"",
            ""name"": ""dataset_generation"",
            ""summary"": ""Allowed imports, dependencies, and required outputs for assistant-reviewed code."",
            ""trust_level"": ""project"",
            ""uri"": null,
            ""metadata"": {
              ""allowed_imports"": [
                ""math"",
                ""statistics"",
                ""datetime"",
                ""random"",
                ""numpy"",
                ""pandas""
              ],
              ""allowed_dependencies"": [
                ""numpy"",
                ""pandas""
              ],
              ""required_outputs"": [
                ""csv_text""
              ]
            },
            ""created_at"": ""2026-05-02T19:12:55.236427""
          }
        ],
        ""compact_summary"": ""target=dataset_generation; references=2"",
        ""pack_hash"": ""24f145bb10f9a0c581e31685613bb21b5b569ad143d8e2159636a66b3d06723f"",
        ""created_at"": ""2026-05-02T19:12:55.236864""
      }
    },
    ""assistant_model_registry_payload"": {
      ""name"": ""amanaje_slm_assistant"",
      ""description"": ""Private assistant model service used by Painel Amanaje."",
      ""object_type"": ""learning_model"",
      ""size"": 0,
      ""path"": ""runtime_artifacts/assistant_models/amanaje_slm"",
      ""version"": ""amanaje-slm-bootstrap-0.1"",
      ""model_type"": ""assistant_llm_adapter"",
      ""parameters"": {
        ""provider"": ""amanaje_slm"",
        ""base_model_name"": ""local-workflow-template"",
        ""prompt_template_version"": ""amanaje-assistant-template-v1"",
        ""context_pack_version"": ""assistant-context-pack-v1"",
        ""safety_profile_version"": ""assistant-safety-v1""
      },
      ""metrics"": {
        ""evaluation_profile"": ""assistant-golden-v1"",
        ""evaluation_score"": null
      },
      ""reference_data"": ""runtime_artifacts/assistant_datasets/interactions.jsonl"",
      ""input_features"": [
        ""prompt"",
        ""context_pack"",
        ""target_type""
      ],
      ""output_features"": [
        ""workflow_draft""
      ],
      ""is_trained"": false,
      ""is_tested"": false,
      ""is_deployed"": false,
      ""history"": [
        {
          ""operation"": ""assistant_model_registered_payload""
        }
      ]
    }
  },
  ""assumptions"": [
    ""The generated dataset is synthetic."",
    ""The draft only prepares csv_text; it does not write files or registry rows.""
  ],
  ""risks"": [
    ""Synthetic data may not represent the target production distribution.""
  ],
  ""context"": {
    ""operationId"": ""datasets"",
    ""existing_metadata"": {
      ""name"": ""assistant_generated_dataset"",
      ""description"": ""Dataset drafted by the Amanaje assistant."",
      ""object_type"": ""dataset"",
      ""dataset_type"": ""dataset"",
      ""version"": 1,
      ""connection_string"": """"
    }
  },
  ""next_actions"": [
    ""Review safety report"",
    ""Approve draft"",
    ""Execute through the guarded execution path""
  ],
  ""model_version"": ""amanaje-slm-bootstrap-0.1"",
  ""prompt_template_version"": ""amanaje-assistant-template-v1"",
  ""context_pack_id"": ""ctx_93bce0250c15"",
  ""context_pack_hash"": ""24f145bb10f9a0c581e31685613bb21b5b569ad143d8e2159636a66b3d06723f"",
  ""evaluation_profile"": ""assistant-golden-v1"",
  ""generation_provenance"": {
    ""source_type"": ""assistant"",
    ""provider"": ""amanaje_slm"",
    ""model_version"": ""amanaje-slm-bootstrap-0.1"",
    ""prompt_template_version"": ""amanaje-assistant-template-v1"",
    ""context_pack_id"": ""ctx_93bce0250c15"",
    ""context_pack_hash"": ""24f145bb10f9a0c581e31685613bb21b5b569ad143d8e2159636a66b3d06723f"",
    ""fallback_provider"": ""local"",
    ""created_at"": ""2026-05-02T19:12:55.240396""
  },
  ""provider_metadata"": {
    ""provider"": ""amanaje_slm"",
    ""base_model_name"": ""local-workflow-template"",
    ""adapter_path"": ""runtime_artifacts/assistant_models/amanaje_slm"",
    ""context_pack_version"": ""assistant-context-pack-v1"",
    ""safety_profile_version"": ""assistant-safety-v1"",
    ""allowed_dependencies"": [
      ""numpy"",
      ""pandas""
    ],
    ""fallback_provider"": ""local"",
    ""latency_ms"": 4.24,
    ""cache_hit"": false,
    ""runtime"": ""bootstrap"",
    ""fallback_reason"": ""No external SLM runtime is configured; using deterministic local fallback."",
    ""serving_mode"": ""separate-service-ready"",
    ""slm_config"": {
      ""enabled"": false,
      ""base_url"": ""http://localhost:8000/v1"",
      ""model_name"": ""amanaje-assistant"",
      ""timeout_seconds"": 20.0,
      ""max_tokens"": ""[REDACTED]"",
      ""api_key_configured"": ""[REDACTED]"",
      ""model_version"": ""amanaje-slm-bootstrap-0.1""
    }
  }
}","{
  ""status"": ""approved"",
  ""approved"": true,
  ""safety"": {
    ""ok"": true,
    ""risk_level"": ""low"",
    ""profile"": ""dataset_generation"",
    ""violations"": [],
    ""warnings"": [],
    ""allowed_imports"": [
      ""datetime"",
      ""math"",
      ""numpy"",
      ""pandas"",
      ""random"",
      ""statistics""
    ],
    ""allowed_dependencies"": [
      ""numpy"",
      ""pandas""
    ],
    ""blocked_names"": [
      ""__import__"",
      ""breakpoint"",
      ""compile"",
      ""delattr"",
      ""dir"",
      ""eval"",
      ""exec"",
      ""getattr"",
      ""globals"",
      ""input"",
      ""locals"",
      ""open"",
      ""setattr"",
      ""vars""
    ],
    ""materialized_output_checks"": {
      ""csv_text"": true
    }
  },
  ""messages"": [
    ""Dataset code is review-safe and ready for explicit execution approval.""
  ],
  ""required_actions"": [],
  ""reviewed_at"": ""2026-05-02T19:12:55.247011""
}",{},"{
  ""status"": ""completed"",
  ""stage"": ""reviewed"",
  ""metric_count"": 2,
  ""artifact_count"": 0
}",1,1.0
assistant_run,positive,assistant,make a dataset about keyboards,35089044d7c1f0d485b629ce9f6b2ab4c054cdffd43212a05ddc497690842c5a,,,{},,,"{
  ""draft_id"": ""draft_a6806f81d20d"",
  ""session_id"": null,
  ""draft_type"": ""registry_object"",
  ""title"": ""DatasetModel Draft"",
  ""summary"": ""Prepares registry metadata for review before the user submits the manual create form."",
  ""prompt"": ""make a dataset about keyboards"",
  ""status"": ""draft"",
  ""provider"": ""amanaje_slm"",
  ""created_at"": ""2026-05-01T19:39:17.112815"",
  ""code"": null,
  ""operations"": [],
  ""registry_payload"": {
    ""name"": ""assistant_datasetmodel"",
    ""description"": ""DatasetModel drafted by the Amanaje assistant."",
    ""size"": 0.0,
    ""date"": null,
    ""version"": 1,
    ""history"": [
      {
        ""operation"": ""assistant_draft""
      }
    ],
    ""object_type"": ""dataset"",
    ""path"": ""data/datasets/artifact.csv"",
    ""dataset_type"": ""dataset"",
    ""shape"": [
      100,
      4
    ],
    ""has_features"": false,
    ""features_list"": [
      ""feature_a"",
      ""feature_b"",
      ""segment"",
      ""target""
    ],
    ""connection_string"": """"
  },
  ""registry_type"": ""DatasetModel"",
  ""form_payload"": {
    ""name"": ""assistant_datasetmodel"",
    ""description"": ""DatasetModel drafted by the Amanaje assistant."",
    ""size"": 0.0,
    ""date"": null,
    ""version"": 1,
    ""history"": [
      {
        ""operation"": ""assistant_draft""
      }
    ],
    ""object_type"": ""dataset"",
    ""path"": ""data/datasets/artifact.csv"",
    ""dataset_type"": ""dataset"",
    ""shape"": [
      100,
      4
    ],
    ""has_features"": false,
    ""features_list"": [
      ""feature_a"",
      ""feature_b"",
      ""segment"",
      ""target""
    ],
    ""connection_string"": """"
  },
  ""training_request"": {},
  ""study_request"": {},
  ""execution_profile"": ""registry_object"",
  ""materialized_outputs"": [
    ""registry_payload""
  ],
  ""artifacts"": {
    ""context_pack"": {
      ""id"": ""ctx_318ad95fe886"",
      ""hash"": ""35089044d7c1f0d485b629ce9f6b2ab4c054cdffd43212a05ddc497690842c5a"",
      ""version"": ""assistant-context-pack-v1"",
      ""payload"": {
        ""context_pack_id"": ""ctx_318ad95fe886"",
        ""version"": ""assistant-context-pack-v1"",
        ""prompt"": ""make a dataset about keyboards"",
        ""workflow_goal"": null,
        ""target_type"": ""registry_object"",
        ""provider"": ""amanaje_slm"",
        ""registry_type"": ""DatasetModel"",
        ""form_values"": {
          ""dataset_id"": 1,
          ""registryType"": ""DatasetModel""
        },
        ""constraints"": {},
        ""safety_profile"": ""registry_object"",
        ""allowed_imports"": [],
        ""allowed_dependencies"": [],
        ""content_references"": [
          {
            ""reference_id"": ""ref_f583915ed416"",
            ""source_type"": ""project_schema"",
            ""name"": ""assistant_workflow_draft"",
            ""summary"": ""WorkflowDraft is the structured output contract for assistant providers."",
            ""trust_level"": ""project"",
            ""uri"": null,
            ""metadata"": {
              ""target_type"": ""registry_object""
            },
            ""created_at"": ""2026-05-01T19:39:17.111013""
          },
          {
            ""reference_id"": ""ref_b7cb0b81fa3a"",
            ""source_type"": ""safety_profile"",
            ""name"": ""registry_object"",
            ""summary"": ""Allowed imports, dependencies, and required outputs for assistant-reviewed code."",
            ""trust_level"": ""project"",
            ""uri"": null,
            ""metadata"": {
              ""allowed_imports"": [],
              ""allowed_dependencies"": [],
              ""required_outputs"": []
            },
            ""created_at"": ""2026-05-01T19:39:17.111222""
          },
          {
            ""reference_id"": ""ref_49cbe7c1d905"",
            ""source_type"": ""registry_schema"",
            ""name"": ""DatasetModel"",
            ""summary"": ""Manual registry payload target: DatasetModel."",
            ""trust_level"": ""project"",
            ""uri"": null,
            ""metadata"": {
              ""registry_type"": ""DatasetModel""
            },
            ""created_at"": ""2026-05-01T19:39:17.111354""
          }
        ],
        ""compact_summary"": ""target=registry_object; registry_type=DatasetModel; form_keys=dataset_id,registryType; references=3"",
        ""pack_hash"": ""35089044d7c1f0d485b629ce9f6b2ab4c054cdffd43212a05ddc497690842c5a"",
        ""created_at"": ""2026-05-01T19:39:17.111630""
      }
    },
    ""assistant_model_registry_payload"": {
      ""name"": ""amanaje_slm_assistant"",
      ""description"": ""Private assistant model service used by Painel Amanaje."",
      ""object_type"": ""learning_model"",
      ""size"": 0,
      ""path"": ""runtime_artifacts/assistant_models/amanaje_slm"",
      ""version"": ""amanaje-slm-bootstrap-0.1"",
      ""model_type"": ""assistant_llm_adapter"",
      ""parameters"": {
        ""provider"": ""amanaje_slm"",
        ""base_model_name"": ""local-workflow-template"",
        ""prompt_template_version"": ""amanaje-assistant-template-v1"",
        ""context_pack_version"": ""assistant-context-pack-v1"",
        ""safety_profile_version"": ""assistant-safety-v1""
      },
      ""metrics"": {
        ""evaluation_profile"": ""assistant-golden-v1"",
        ""evaluation_score"": null
      },
      ""reference_data"": ""runtime_artifacts/assistant_datasets/interactions.jsonl"",
      ""input_features"": [
        ""prompt"",
        ""context_pack"",
        ""target_type""
      ],
      ""output_features"": [
        ""workflow_draft""
      ],
      ""is_trained"": false,
      ""is_tested"": false,
      ""is_deployed"": false,
      ""history"": [
        {
          ""operation"": ""assistant_model_registered_payload""
        }
      ]
    }
  },
  ""assumptions"": [
    ""The target registry route will perform final Pydantic and ORM validation.""
  ],
  ""risks"": [
    ""References to datasets, models, or studies must exist before the object can be saved.""
  ],
  ""context"": {
    ""registryType"": ""DatasetModel"",
    ""name"": """",
    ""description"": """",
    ""path"": ""data/datasets/artifact.csv"",
    ""size"": 0,
    ""version"": 1,
    ""dataset_type"": ""dataset"",
    ""has_features"": false,
    ""connection_string"": """",
    ""model_type"": ""learning_model"",
    ""reference_data"": """",
    ""is_trained"": false,
    ""is_tested"": false,
    ""is_deployed"": false,
    ""learning_model_id"": 1,
    ""dataset_id"": 1,
    ""sampler"": """",
    ""objective"": """"
  },
  ""next_actions"": [
    ""Review metadata"",
    ""Approve persistence"",
    ""Check dependency report before deletion""
  ],
  ""model_version"": ""amanaje-slm-bootstrap-0.1"",
  ""prompt_template_version"": ""amanaje-assistant-template-v1"",
  ""context_pack_id"": ""ctx_318ad95fe886"",
  ""context_pack_hash"": ""35089044d7c1f0d485b629ce9f6b2ab4c054cdffd43212a05ddc497690842c5a"",
  ""evaluation_profile"": ""assistant-golden-v1"",
  ""generation_provenance"": {
    ""source_type"": ""assistant"",
    ""provider"": ""amanaje_slm"",
    ""model_version"": ""amanaje-slm-bootstrap-0.1"",
    ""prompt_template_version"": ""amanaje-assistant-template-v1"",
    ""context_pack_id"": ""ctx_318ad95fe886"",
    ""context_pack_hash"": ""35089044d7c1f0d485b629ce9f6b2ab4c054cdffd43212a05ddc497690842c5a"",
    ""fallback_provider"": ""local"",
    ""created_at"": ""2026-05-01T19:39:17.113186""
  },
  ""provider_metadata"": {
    ""provider"": ""amanaje_slm"",
    ""base_model_name"": ""local-workflow-template"",
    ""adapter_path"": ""runtime_artifacts/assistant_models/amanaje_slm"",
    ""context_pack_version"": ""assistant-context-pack-v1"",
    ""safety_profile_version"": ""assistant-safety-v1"",
    ""allowed_dependencies"": [],
    ""fallback_provider"": ""local"",
    ""latency_ms"": 2.166,
    ""cache_hit"": false,
    ""runtime"": ""bootstrap"",
    ""fallback_reason"": ""No external SLM runtime is configured; using deterministic local fallback."",
    ""serving_mode"": ""separate-service-ready"",
    ""slm_config"": {
      ""enabled"": false,
      ""base_url"": ""http://localhost:8000/v1"",
      ""model_name"": ""amanaje-assistant"",
      ""timeout_seconds"": 20.0,
      ""max_tokens"": ""[REDACTED]"",
      ""api_key_configured"": ""[REDACTED]"",
      ""model_version"": ""amanaje-slm-bootstrap-0.1""
    }
  }
}","{
  ""status"": ""approved"",
  ""approved"": true,
  ""safety"": {
    ""ok"": true,
    ""risk_level"": ""none"",
    ""profile"": ""registry_object"",
    ""violations"": [],
    ""warnings"": [],
    ""allowed_imports"": [
      ""datetime"",
      ""math"",
      ""numpy"",
      ""pandas"",
      ""random"",
      ""sklearn"",
      ""statistics""
    ],
    ""allowed_dependencies"": [],
    ""blocked_names"": [
      ""__import__"",
      ""breakpoint"",
      ""compile"",
      ""delattr"",
      ""dir"",
      ""eval"",
      ""exec"",
      ""getattr"",
      ""globals"",
      ""input"",
      ""locals"",
      ""open"",
      ""setattr"",
      ""vars""
    ],
    ""materialized_output_checks"": {}
  },
  ""messages"": [],
  ""required_actions"": [],
  ""reviewed_at"": ""2026-05-01T19:39:17.114221""
}",{},"{
  ""status"": ""completed"",
  ""stage"": ""reviewed"",
  ""metric_count"": 2,
  ""artifact_count"": 0
}",1,1.0
assistant_run,positive,assistant,make a dataset about keyboards,9d0af96f53405590697fa82c602811134c10cb39be69a98f438931d0d8983ccd,,,{},,,"{
  ""draft_id"": ""draft_1c6b0d9283c5"",
  ""session_id"": null,
  ""draft_type"": ""dataset_generation"",
  ""title"": ""Generated Dataset Draft"",
  ""summary"": ""Creates a tabular dataset and exposes it as csv_text for the existing upload/create flow."",
  ""prompt"": ""make a dataset about keyboards"",
  ""status"": ""draft"",
  ""provider"": ""assistant_model_28"",
  ""created_at"": ""2026-05-03T00:13:51.950769"",
  ""code"": ""# Assistant dataset draft\n# make a dataset about keyboards\n\nimport numpy as np\nimport pandas as pd\n\nrng = np.random.default_rng(42)\nrow_count = 100\ndf = pd.DataFrame({\n    \""feature_a\"": rng.normal(10, 2, row_count).round(4),\n    \""feature_b\"": rng.integers(0, 5, row_count),\n    \""segment\"": rng.choice([\""baseline\"", \""growth\"", \""risk\""], row_count),\n})\ndf[\""target\""] = (df[\""feature_a\""] * 0.7 + df[\""feature_b\""] * 1.5 + rng.normal(0, 0.5, row_count)).round(4)\n\ncsv_text = df.to_csv(index=False)\nname = \""assistant_generated_dataset\""\ndescription = \""Dataset drafted by the Amanaje assistant.\""\nobject_type = \""dataset\""\ndataset_type = \""dataset\""\nversion = 1\nconnection_string = \""\"""",
  ""operations"": [],
  ""registry_payload"": {},
  ""registry_type"": null,
  ""form_payload"": {},
  ""training_request"": {},
  ""study_request"": {},
  ""execution_profile"": ""dataset_generation"",
  ""materialized_outputs"": [
    ""csv_text"",
    ""name"",
    ""description"",
    ""object_type"",
    ""dataset_type""
  ],
  ""artifacts"": {
    ""context_pack"": {
      ""id"": ""ctx_21ef6e3a9ec6"",
      ""hash"": ""9d0af96f53405590697fa82c602811134c10cb39be69a98f438931d0d8983ccd"",
      ""version"": ""assistant-context-pack-v1"",
      ""payload"": {
        ""context_pack_id"": ""ctx_21ef6e3a9ec6"",
        ""version"": ""assistant-context-pack-v1"",
        ""prompt"": ""make a dataset about keyboards"",
        ""workflow_goal"": null,
        ""target_type"": ""dataset_generation"",
        ""provider"": ""assistant_model_28"",
        ""registry_type"": null,
        ""form_values"": {},
        ""constraints"": {},
        ""safety_profile"": ""dataset_generation"",
        ""allowed_imports"": [
          ""datetime"",
          ""math"",
          ""numpy"",
          ""pandas"",
          ""random"",
          ""statistics""
        ],
        ""allowed_dependencies"": [
          ""numpy"",
          ""pandas""
        ],
        ""content_references"": [
          {
            ""reference_id"": ""ref_system_project_schema_dataset_generation"",
            ""source_type"": ""project_schema"",
            ""name"": ""assistant_workflow_draft"",
            ""summary"": ""WorkflowDraft is the structured output contract for assistant providers."",
            ""trust_level"": ""system"",
            ""uri"": null,
            ""metadata"": {
              ""target_type"": ""dataset_generation""
            },
            ""content_hash"": null,
            ""tags"": [],
            ""created_at"": ""2026-05-03T00:13:31.934533""
          },
          {
            ""reference_id"": ""ref_system_safety_dataset_generation"",
            ""source_type"": ""safety_profile"",
            ""name"": ""dataset_generation"",
            ""summary"": ""Allowed imports, dependencies, and required outputs for assistant-reviewed code."",
            ""trust_level"": ""system"",
            ""uri"": null,
            ""metadata"": {
              ""allowed_imports"": [
                ""math"",
                ""datetime"",
                ""statistics"",
                ""pandas"",
                ""numpy"",
                ""random""
              ],
              ""allowed_dependencies"": [
                ""pandas"",
                ""numpy""
              ],
              ""required_outputs"": [
                ""csv_text""
              ]
            },
            ""content_hash"": null,
            ""tags"": [],
            ""created_at"": ""2026-05-03T00:13:31.934578""
          },
          {
            ""reference_id"": ""ref_system_alignment_contracts"",
            ""source_type"": ""alignment_contracts"",
            ""name"": ""assistant_alignment_contracts"",
            ""summary"": ""The five alignment contracts that every private assistant draft is evaluated against."",
            ""trust_level"": ""system"",
            ""uri"": null,
            ""metadata"": {
              ""output_alignment"": ""Every response must validate as WorkflowDraft and include the required workflow outputs."",
              ""safety_alignment"": ""Generated code must pass assistant_safety.py before approval or execution."",
              ""registry_alignment"": ""Registry drafts must map to the supported manual registry object payloads."",
              ""dependency_alignment"": ""Drafted code must stay inside allowed imports, dependencies, and artifact formats."",
              ""mlflow_alignment"": ""Drafts, evals, context packs, prompt versions, and model versions must be traceable.""
            },
            ""content_hash"": null,
            ""tags"": [],
            ""created_at"": ""2026-05-03T00:13:31.934596""
          },
          {
            ""reference_id"": ""ref_system_prompt_dataset_generation"",
            ""source_type"": ""prompt_template"",
            ""name"": ""amanaje-assistant-template-v1"",
            ""summary"": ""Draft safe Python code that creates synthetic tabular data and exposes csv_text plus dataset metadata. Use only allowed dependencies, align names with trusted internal references, and never write files."",
            ""trust_level"": ""system"",
            ""uri"": null,
            ""metadata"": {
              ""prompt_template_version"": ""amanaje-assistant-template-v1""
            },
            ""content_hash"": null,
            ""tags"": [],
            ""created_at"": ""2026-05-03T00:13:31.934610""
          },
          {
            ""reference_id"": ""ref_system_writing_guide"",
            ""source_type"": ""draft_writing_guide"",
            ""name"": ""amanaje_assistant_writing_guide"",
            ""summary"": ""Project writing guidance for draft titles, summaries, metadata, risks, assumptions, and next actions."",
            ""trust_level"": ""system"",
            ""uri"": null,
            ""metadata"": {
              ""voice"": ""Concrete, project-aware, concise, and operational."",
              ""titles"": ""Name the artifact or workflow outcome, not the assistant action."",
              ""summaries"": ""State what the draft creates, how it fits Painel Amanaje, and what remains for user approval."",
              ""metadata"": ""Prefer registry-compatible names, versions, paths, feature names, and dependency declarations."",
              ""risks"": ""Name practical limitations such as synthetic distribution mismatch, missing IDs, or untrained artifacts."",
              ""next_actions"": ""Use short workflow actions that match reviewed draft, guarded run, upload, or registry submit steps."",
              ""references"": ""Use internal reference summaries and cite their reference IDs in metadata when they shape the draft."",
              ""originality"": ""Generate project-specific assets from the request and internal references; do not copy raw reference text.""
            },
            ""content_hash"": null,
            ""tags"": [],
            ""created_at"": ""2026-05-03T00:13:31.934625""
          },
          {
            ""reference_id"": ""ref_system_quality_rubric"",
            ""source_type"": ""draft_quality_rubric"",
            ""name"": ""amanaje_assistant_quality_rubric"",
            ""summary"": ""Quality checks used to evaluate generated draft text and metadata."",
            ""trust_level"": ""system"",
            ""uri"": null,
            ""metadata"": {
              ""title_quality"": ""Title is specific to the requested artifact or workflow."",
              ""summary_quality"": ""Summary is not generic and explains the generated draft's project fit."",
              ""metadata_quality"": ""Registry metadata and materialized outputs match project schemas."",
              ""risk_quality"": ""Risks and assumptions are concrete enough for user review."",
              ""reference_quality"": ""Internal references are summarized, traceable, and not copied raw into prompts.""
            },
            ""content_hash"": null,
            ""tags"": [],
            ""created_at"": ""2026-05-03T00:13:31.934640""
          },
          {
            ""reference_id"": ""ref_system_mlflow_tracking"",
            ""source_type"": ""mlflow_tracking"",
            ""name"": ""assistant/amanaje_slm"",
            ""summary"": ""Assistant model versions, evals, training examples, and promotion reports are tracked in MLflow."",
            ""trust_level"": ""system"",
            ""uri"": ""assistant/amanaje_slm"",
            ""metadata"": {
              ""experiment_name"": ""assistant/amanaje_slm"",
              ""evaluation_profile"": ""assistant-golden-v1"",
              ""context_pack_version"": ""assistant-context-pack-v1""
            },
            ""content_hash"": null,
            ""tags"": [],
            ""created_at"": ""2026-05-03T00:13:31.934653""
          },
          {
            ""reference_id"": ""ref_runtime_assistant_reference_snapshot"",
            ""source_type"": ""runtime_context"",
            ""name"": ""assistant_reference_snapshot"",
            ""summary"": ""keys: eval_dir, interactions_path, recent_evals, recent_examples, source_type"",
            ""trust_level"": ""runtime"",
            ""uri"": null,
            ""metadata"": {
              ""source_type"": ""assistant_reference_snapshot"",
              ""interactions_path"": ""/app/runtime_artifacts/assistant_datasets/interactions.jsonl"",
              ""eval_dir"": ""/app/runtime_artifacts/assistant_evals"",
              ""recent_examples"": [],
              ""recent_evals"": [
                {
                  ""file"": ""draft_9f7d065eccb8_eval.json"",
                  ""draft_type"": ""registry_object"",
                  ""passed"": true,
                  ""evaluation_profile"": ""assistant-golden-v1""
                },
                {
                  ""file"": ""draft_2f983b78c89d_eval.json"",
                  ""draft_type"": ""registry_object"",
                  ""passed"": true,
                  ""evaluation_profile"": ""assistant-golden-v1""
                },
                {
                  ""file"": ""draft_47b256a1a886_eval.json"",
                  ""draft_type"": ""dataset_generation"",
                  ""passed"": true,
                  ""evaluation_profile"": ""assistant-golden-v1""
                }
              ]
            },
            ""content_hash"": null,
            ""tags"": [],
            ""created_at"": ""2026-05-03T00:13:31.934725""
          }
        ],
        ""reference_pack_id"": ""refpack_689214cb7c14"",
        ""reference_pack_hash"": ""fe28185230edc9a1b199d8e6a672b25e2ee8dc15f686198abf7154bdc5ebe9d0"",
        ""selected_reference_ids"": [
          ""ref_system_project_schema_dataset_generation"",
          ""ref_system_safety_dataset_generation"",
          ""ref_system_alignment_contracts"",
          ""ref_system_prompt_dataset_generation"",
          ""ref_system_writing_guide"",
          ""ref_system_quality_rubric"",
          ""ref_system_mlflow_tracking"",
          ""ref_runtime_assistant_reference_snapshot""
        ],
        ""reference_trust_levels"": {
          ""ref_system_project_schema_dataset_generation"": ""system"",
          ""ref_system_safety_dataset_generation"": ""system"",
          ""ref_system_alignment_contracts"": ""system"",
          ""ref_system_prompt_dataset_generation"": ""system"",
          ""ref_system_writing_guide"": ""system"",
          ""ref_system_quality_rubric"": ""system"",
          ""ref_system_mlflow_tracking"": ""system"",
          ""ref_runtime_assistant_reference_snapshot"": ""runtime""
        },
        ""compact_summary"": ""target=dataset_generation; references=8"",
        ""pack_hash"": ""9d0af96f53405590697fa82c602811134c10cb39be69a98f438931d0d8983ccd"",
        ""created_at"": ""2026-05-03T00:13:31.935554""
      }
    },
    ""assistant_model_registry_payload"": {
      ""name"": ""assistant_model_28_assistant"",
      ""description"": ""Private assistant model service used by Painel Amanaje."",
      ""object_type"": ""learning_model"",
      ""size"": 0,
      ""path"": ""runtime_artifact

[TRUNCATED: original_length=30218]","{
  ""status"": ""approved"",
  ""approved"": true,
  ""safety"": {
    ""ok"": true,
    ""risk_level"": ""low"",
    ""profile"": ""dataset_generation"",
    ""violations"": [],
    ""warnings"": [],
    ""allowed_imports"": [
      ""datetime"",
      ""math"",
      ""numpy"",
      ""pandas"",
      ""random"",
      ""statistics""
    ],
    ""allowed_dependencies"": [
      ""numpy"",
      ""pandas""
    ],
    ""blocked_names"": [
      ""__import__"",
      ""breakpoint"",
      ""compile"",
      ""delattr"",
      ""dir"",
      ""eval"",
      ""exec"",
      ""getattr"",
      ""globals"",
      ""input"",
      ""locals"",
      ""open"",
      ""setattr"",
      ""vars""
    ],
    ""materialized_output_checks"": {
      ""csv_text"": true
    }
  },
  ""messages"": [
    ""Dataset code is review-safe and ready for explicit execution approval.""
  ],
  ""required_actions"": [],
  ""reviewed_at"": ""2026-05-03T00:13:51.958937""
}",{},"{
  ""status"": ""completed"",
  ""stage"": ""reviewed"",
  ""metric_count"": 4,
  ""artifact_count"": 0
}",1,1.0
assistant_run,positive,assistant,make a dataset about keyboards,,,,{},,,"{
  ""draft_id"": ""draft_df73f288bbd6"",
  ""session_id"": null,
  ""draft_type"": ""registry_object"",
  ""title"": ""Registry Object Draft"",
  ""summary"": ""Prepares registry metadata for review before persistence."",
  ""prompt"": ""make a dataset about keyboards"",
  ""status"": ""draft"",
  ""provider"": ""local"",
  ""created_at"": ""2026-04-27T01:40:56.005969"",
  ""code"": null,
  ""operations"": [],
  ""registry_payload"": {
    ""name"": ""assistant_registry_object"",
    ""description"": ""Registry object drafted by the Amanaje assistant."",
    ""object_type"": ""dataset"",
    ""version"": 1,
    ""history"": [
      {
        ""operation"": ""assistant_draft""
      }
    ]
  },
  ""training_request"": {},
  ""study_request"": {},
  ""artifacts"": {},
  ""assumptions"": [
    ""The target registry route will perform final Pydantic and ORM validation.""
  ],
  ""risks"": [
    ""References to datasets, models, or studies must exist before the object can be saved.""
  ],
  ""context"": {
    ""registryType"": ""DatasetModel"",
    ""name"": """",
    ""description"": """",
    ""path"": ""data/datasets/artifact.csv"",
    ""size"": 0,
    ""version"": 1,
    ""dataset_type"": ""dataset"",
    ""has_features"": false,
    ""connection_string"": """",
    ""model_type"": ""learning_model"",
    ""reference_data"": """",
    ""is_trained"": false,
    ""is_tested"": false,
    ""is_deployed"": false,
    ""learning_model_id"": 1,
    ""dataset_id"": 1,
    ""sampler"": """",
    ""objective"": """"
  },
  ""next_actions"": [
    ""Review metadata"",
    ""Approve persistence"",
    ""Check dependency report before deletion""
  ]
}","{
  ""status"": ""approved"",
  ""approved"": true,
  ""safety"": {
    ""ok"": true,
    ""risk_level"": ""none"",
    ""violations"": [],
    ""warnings"": [],
    ""allowed_imports"": [
      ""datetime"",
      ""math"",
      ""numpy"",
      ""pandas"",
      ""random"",
      ""sklearn"",
      ""statistics""
    ],
    ""blocked_names"": [
      ""__import__"",
      ""breakpoint"",
      ""compile"",
      ""delattr"",
      ""dir"",
      ""eval"",
      ""exec"",
      ""getattr"",
      ""globals"",
      ""input"",
      ""locals"",
      ""open"",
      ""setattr"",
      ""vars""
    ]
  },
  ""messages"": [],
  ""required_actions"": [],
  ""reviewed_at"": ""2026-04-27T01:40:56.008529""
}",{},"{
  ""status"": ""completed"",
  ""stage"": ""reviewed"",
  ""metric_count"": 0,
  ""artifact_count"": 0
}",1,1.0
assistant_run,positive,assistant,make an assistant that can fit painel-amanaje's dependencies,f6dbba094d6d992327606aec490bf2413c6dc0182491b2e83567e5ad504ff88a,,,{},,,"{
  ""draft_id"": ""draft_2f983b78c89d"",
  ""session_id"": null,
  ""draft_type"": ""registry_object"",
  ""title"": ""AssistantModel Draft"",
  ""summary"": ""Prepares registry metadata for review before the user submits the manual create form."",
  ""prompt"": ""make an assistant that can fit painel-amanaje's dependencies"",
  ""status"": ""draft"",
  ""provider"": ""local"",
  ""created_at"": ""2026-05-03T00:10:30.742281"",
  ""code"": null,
  ""operations"": [],
  ""registry_payload"": {
    ""name"": ""assistant_assistantmodel"",
    ""description"": ""AssistantModel drafted by the Amanaje assistant."",
    ""size"": 0.0,
    ""date"": null,
    ""version"": 1,
    ""history"": [
      {
        ""operation"": ""assistant_draft""
      }
    ],
    ""object_type"": ""learning_model"",
    ""path"": ""models/artifact.json"",
    ""model_type"": ""assistant_model"",
    ""parameters"": {
      ""assistant"": {
        ""provider_type"": ""openai_compatible"",
        ""base_url"": ""http://localhost:8000/v1"",
        ""model_name"": ""assistant_assistantmodel"",
        ""model_version"": ""registry-assistant-draft-0.1"",
        ""temperature"": 0.2,
        ""max_tokens"": ""[REDACTED]"",
        ""timeout_seconds"": 20.0,
        ""enabled"": true,
        ""supported_draft_types"": [
          ""dataset_generation"",
          ""model_generation"",
          ""registry_object"",
          ""feature_operations"",
          ""training_run"",
          ""study""
        ],
        ""behavior_profile"": {},
        ""reference_policy"": {
          ""mode"": ""automatic_internal_repository""
        },
        ""training_profile"": {
          ""curation"": ""approved_and_corrected_drafts""
        }
      }
    },
    ""metrics"": {
      ""status"": ""draft"",
      ""evaluation_profile"": ""pending""
    },
    ""reference_data"": ""runtime_artifacts/assistant_datasets/interactions.jsonl"",
    ""input_features"": [
      ""prompt"",
      ""context_pack"",
      ""target_type""
    ],
    ""output_features"": [
      ""workflow_draft""
    ],
    ""is_trained"": false,
    ""is_tested"": false,
    ""is_deployed"": false
  },
  ""registry_type"": ""AssistantModel"",
  ""form_payload"": {
    ""name"": ""assistant_assistantmodel"",
    ""description"": ""AssistantModel drafted by the Amanaje assistant."",
    ""size"": 0.0,
    ""date"": null,
    ""version"": 1,
    ""history"": [
      {
        ""operation"": ""assistant_draft""
      }
    ],
    ""object_type"": ""learning_model"",
    ""path"": ""models/artifact.json"",
    ""model_type"": ""assistant_model"",
    ""parameters"": {
      ""assistant"": {
        ""provider_type"": ""openai_compatible"",
        ""base_url"": ""http://localhost:8000/v1"",
        ""model_name"": ""assistant_assistantmodel"",
        ""model_version"": ""registry-assistant-draft-0.1"",
        ""temperature"": 0.2,
        ""max_tokens"": ""[REDACTED]"",
        ""timeout_seconds"": 20.0,
        ""enabled"": true,
        ""supported_draft_types"": [
          ""dataset_generation"",
          ""model_generation"",
          ""registry_object"",
          ""feature_operations"",
          ""training_run"",
          ""study""
        ],
        ""behavior_profile"": {},
        ""reference_policy"": {
          ""mode"": ""automatic_internal_repository""
        },
        ""training_profile"": {
          ""curation"": ""approved_and_corrected_drafts""
        }
      }
    },
    ""metrics"": {
      ""status"": ""draft"",
      ""evaluation_profile"": ""pending""
    },
    ""reference_data"": ""runtime_artifacts/assistant_datasets/interactions.jsonl"",
    ""input_features"": [
      ""prompt"",
      ""context_pack"",
      ""target_type""
    ],
    ""output_features"": [
      ""workflow_draft""
    ],
    ""is_trained"": false,
    ""is_tested"": false,
    ""is_deployed"": false
  },
  ""training_request"": {},
  ""study_request"": {},
  ""execution_profile"": ""registry_object"",
  ""materialized_outputs"": [
    ""registry_payload""
  ],
  ""artifacts"": {
    ""context_pack"": {
      ""id"": ""ctx_f07091433d6c"",
      ""hash"": ""f6dbba094d6d992327606aec490bf2413c6dc0182491b2e83567e5ad504ff88a"",
      ""version"": ""assistant-context-pack-v1"",
      ""payload"": {
        ""context_pack_id"": ""ctx_f07091433d6c"",
        ""version"": ""assistant-context-pack-v1"",
        ""prompt"": ""make an assistant that can fit painel-amanaje's dependencies"",
        ""workflow_goal"": null,
        ""target_type"": ""registry_object"",
        ""provider"": ""local"",
        ""registry_type"": ""AssistantModel"",
        ""form_values"": {
          ""dataset_id"": 1,
          ""parameters"": {
            ""assistant"": {
              ""provider_type"": ""openai_compatible"",
              ""base_url"": ""http://localhost:8000/v1"",
              ""model_name"": ""amanaje-assistant"",
              ""model_version"": ""assistant-registry-0.1"",
              ""temperature"": 0.2,
              ""max_tokens"": ""[REDACTED]"",
              ""timeout_seconds"": 20,
              ""enabled"": true,
              ""supported_draft_types"": [
                ""dataset_generation"",
                ""model_generation"",
                ""registry_object"",
                ""feature_operations"",
                ""training_run"",
                ""study""
              ],
              ""reference_policy"": {
                ""mode"": ""automatic_internal_repository""
              },
              ""training_profile"": {
                ""curation"": ""approved_and_corrected_drafts""
              }
            }
          },
          ""registryType"": ""AssistantModel""
        },
        ""constraints"": {},
        ""safety_profile"": ""registry_object"",
        ""allowed_imports"": [],
        ""allowed_dependencies"": [],
        ""content_references"": [
          {
            ""reference_id"": ""ref_system_project_schema_registry_object"",
            ""source_type"": ""project_schema"",
            ""name"": ""assistant_workflow_draft"",
            ""summary"": ""WorkflowDraft is the structured output contract for assistant providers."",
            ""trust_level"": ""system"",
            ""uri"": null,
            ""metadata"": {
              ""target_type"": ""registry_object""
            },
            ""content_hash"": null,
            ""tags"": [],
            ""created_at"": ""2026-05-03T00:10:30.738865""
          },
          {
            ""reference_id"": ""ref_system_safety_registry_object"",
            ""source_type"": ""safety_profile"",
            ""name"": ""registry_object"",
            ""summary"": ""Allowed imports, dependencies, and required outputs for assistant-reviewed code."",
            ""trust_level"": ""system"",
            ""uri"": null,
            ""metadata"": {
              ""allowed_imports"": [],
              ""allowed_dependencies"": [],
              ""required_outputs"": []
            },
            ""content_hash"": null,
            ""tags"": [],
            ""created_at"": ""2026-05-03T00:10:30.738889""
          },
          {
            ""reference_id"": ""ref_system_alignment_contracts"",
            ""source_type"": ""alignment_contracts"",
            ""name"": ""assistant_alignment_contracts"",
            ""summary"": ""The five alignment contracts that every private assistant draft is evaluated against."",
            ""trust_level"": ""system"",
            ""uri"": null,
            ""metadata"": {
              ""output_alignment"": ""Every response must validate as WorkflowDraft and include the required workflow outputs."",
              ""safety_alignment"": ""Generated code must pass assistant_safety.py before approval or execution."",
              ""registry_alignment"": ""Registry drafts must map to the supported manual registry object payloads."",
              ""dependency_alignment"": ""Drafted code must stay inside allowed imports, dependencies, and artifact formats."",
              ""mlflow_alignment"": ""Drafts, evals, context packs, prompt versions, and model versions must be traceable.""
            },
            ""content_hash"": null,
            ""tags"": [],
            ""created_at"": ""2026-05-03T00:10:30.738905""
          },
          {
            ""reference_id"": ""ref_system_prompt_registry_object"",
            ""source_type"": ""prompt_template"",
            ""name"": ""amanaje-assistant-template-v1"",
            ""summary"": ""Draft a form-ready registry payload for the selected registry type using internal schema references. Do not create the object; only return metadata."",
            ""trust_level"": ""system"",
            ""uri"": null,
            ""metadata"": {
              ""prompt_template_version"": ""amanaje-assistant-template-v1""
            },
            ""content_hash"": null,
            ""tags"": [],
            ""created_at"": ""2026-05-03T00:10:30.738922""
          },
          {
            ""reference_id"": ""ref_system_writing_guide"",
            ""source_type"": ""draft_writing_guide"",
            ""name"": ""amanaje_assistant_writing_guide"",
            ""summary"": ""Project writing guidance for draft titles, summaries, metadata, risks, assumptions, and next actions."",
            ""trust_level"": ""system"",
            ""uri"": null,
            ""metadata"": {
              ""voice"": ""Concrete, project-aware, concise, and operational."",
              ""titles"": ""Name the artifact or workflow outcome, not the assistant action."",
              ""summaries"": ""State what the draft creates, how it fits Painel Amanaje, and what remains for user approval."",
              ""metadata"": ""Prefer registry-compatible names, versions, paths, feature names, and dependency declarations."",
              ""risks"": ""Name practical limitations such as synthetic distribution mismatch, missing IDs, or untrained artifacts."",
              ""next_actions"": ""Use short workflow actions that match reviewed draft, guarded run, upload, or registry submit steps."",
              ""references"": ""Use internal reference summaries and cite their reference IDs in metadata when they shape the draft."",
              ""originality"": ""Generate project-specific assets from the request and internal references; do not copy raw reference text.""
            },
            ""content_hash"": null,
            ""tags"": [],
            ""created_at"": ""2026-05-03T00:10:30.738937""
          },
          {
            ""reference_id"": ""ref_system_quality_rubric"",
            ""source_type"": ""draft_quality_rubric"",
            ""name"": ""amanaje_assistant_quality_rubric"",
            ""summary"": ""Quality checks used to evaluate generated draft text and metadata."",
            ""trust_level"": ""system"",
            ""uri"": null,
            ""metadata"": {
              ""title_quality"": ""Title is specific to the requested artifact or workflow."",
              ""summary_quality"": ""Summary is not generic and explains the generated draft's project fit."",
              ""metadata_quality"": ""Registry metadata and materialized outputs match project schemas."",
              ""risk_quality"": ""Risks and assumptions are concrete enough for user review."",
              ""reference_quality"": ""Internal references are summarized, traceable, and not copied raw into prompts.""
            },
            ""content_hash"": null,
            ""tags"": [],
            ""created_at"": ""2026-05-03T00:10:30.738952""
          },
          {
            ""reference_id"": ""ref_system_mlflow_tracking"",
            ""source_type"": ""mlflow_tracking"",
            ""name"": ""assistant/amanaje_slm"",
            ""summary"": ""Assistant model versions, evals, training examples, and promotion reports are tracked in MLflow."",
            ""trust_level"": ""system"",
            ""uri"": ""assistant/amanaje_slm"",
            ""metadata"": {
              ""experiment_name"": ""assistant/amanaje_slm"",
              ""evaluation_profile"": ""assistant-golden-v1"",
              ""context_pack_version"": ""assistant-context-pack-v1""
            },
            ""content_hash"": null,
            ""tags"": [],
            ""created_at"": ""2026-05-03T00:10:30.738968""
          },
          {
            ""reference_id"": ""ref_system_registry_AssistantModel"",
            ""source_type"": ""registry_schema"",
            ""name"": ""AssistantModel"",
            ""summary"": ""Manual registry payload target: AssistantModel."",
            ""trust_level"": ""system"",

[TRUNCATED: original_length=25410]","{
  ""status"": ""approved"",
  ""approved"": true,
  ""safety"": {
    ""ok"": true,
    ""risk_level"": ""none"",
    ""profile"": ""registry_object"",
    ""violations"": [],
    ""warnings"": [],
    ""allowed_imports"": [
      ""datetime"",
      ""math"",
      ""numpy"",
      ""pandas"",
      ""random"",
      ""sklearn"",
      ""statistics""
    ],
    ""allowed_dependencies"": [],
    ""blocked_names"": [
      ""__import__"",
      ""breakpoint"",
      ""compile"",
      ""delattr"",
      ""dir"",
      ""eval"",
      ""exec"",
      ""getattr"",
      ""globals"",
      ""input"",
      ""locals"",
      ""open"",
      ""setattr"",
      ""vars""
    ],
    ""materialized_output_checks"": {}
  },
  ""messages"": [],
  ""required_actions"": [],
  ""reviewed_at"": ""2026-05-03T00:10:30.743558""
}",{},"{
  ""status"": ""completed"",
  ""stage"": ""reviewed"",
  ""metric_count"": 4,
  ""artifact_count"": 0
}",1,1.0
assistant_run,positive,assistant,make a dataset about keyboards,943d73125ddc7a92fd09202bf1d824e7f1179ab9e1868fc63254ce9cae6e741e,,,{},,,"{
  ""draft_id"": ""draft_74d97532a840"",
  ""session_id"": null,
  ""draft_type"": ""dataset_generation"",
  ""title"": ""Generated Dataset Draft"",
  ""summary"": ""Creates a tabular dataset and exposes it as csv_text for the existing upload/create flow."",
  ""prompt"": ""make a dataset about keyboards"",
  ""status"": ""draft"",
  ""provider"": ""amanaje_slm"",
  ""created_at"": ""2026-05-01T18:40:15.654809"",
  ""code"": ""# Assistant dataset draft\n# make a dataset about keyboards\n\nimport numpy as np\nimport pandas as pd\n\nrng = np.random.default_rng(42)\nrow_count = 100\ndf = pd.DataFrame({\n    \""feature_a\"": rng.normal(10, 2, row_count).round(4),\n    \""feature_b\"": rng.integers(0, 5, row_count),\n    \""segment\"": rng.choice([\""baseline\"", \""growth\"", \""risk\""], row_count),\n})\ndf[\""target\""] = (df[\""feature_a\""] * 0.7 + df[\""feature_b\""] * 1.5 + rng.normal(0, 0.5, row_count)).round(4)\n\ncsv_text = df.to_csv(index=False)\nname = \""assistant_generated_dataset\""\ndescription = \""Dataset drafted by the Amanaje assistant.\""\nobject_type = \""dataset\""\ndataset_type = \""dataset\""\nversion = 1\nconnection_string = \""\"""",
  ""operations"": [],
  ""registry_payload"": {},
  ""registry_type"": null,
  ""form_payload"": {},
  ""training_request"": {},
  ""study_request"": {},
  ""execution_profile"": ""dataset_generation"",
  ""materialized_outputs"": [
    ""csv_text"",
    ""name"",
    ""description"",
    ""object_type"",
    ""dataset_type""
  ],
  ""artifacts"": {
    ""context_pack"": {
      ""id"": ""ctx_c1f96ff53bd3"",
      ""hash"": ""943d73125ddc7a92fd09202bf1d824e7f1179ab9e1868fc63254ce9cae6e741e"",
      ""version"": ""assistant-context-pack-v1"",
      ""payload"": {
        ""context_pack_id"": ""ctx_c1f96ff53bd3"",
        ""version"": ""assistant-context-pack-v1"",
        ""prompt"": ""make a dataset about keyboards"",
        ""workflow_goal"": null,
        ""target_type"": ""dataset_generation"",
        ""provider"": ""amanaje_slm"",
        ""registry_type"": null,
        ""form_values"": {},
        ""constraints"": {},
        ""safety_profile"": ""dataset_generation"",
        ""allowed_imports"": [
          ""datetime"",
          ""math"",
          ""numpy"",
          ""pandas"",
          ""random"",
          ""statistics""
        ],
        ""allowed_dependencies"": [
          ""numpy"",
          ""pandas""
        ],
        ""content_references"": [
          {
            ""reference_id"": ""ref_ec73da26fd9e"",
            ""source_type"": ""project_schema"",
            ""name"": ""assistant_workflow_draft"",
            ""summary"": ""WorkflowDraft is the structured output contract for assistant providers."",
            ""trust_level"": ""project"",
            ""uri"": null,
            ""metadata"": {
              ""target_type"": ""dataset_generation""
            },
            ""created_at"": ""2026-05-01T18:40:15.652915""
          },
          {
            ""reference_id"": ""ref_cfe4b322e890"",
            ""source_type"": ""safety_profile"",
            ""name"": ""dataset_generation"",
            ""summary"": ""Allowed imports, dependencies, and required outputs for assistant-reviewed code."",
            ""trust_level"": ""project"",
            ""uri"": null,
            ""metadata"": {
              ""allowed_imports"": [
                ""math"",
                ""statistics"",
                ""datetime"",
                ""random"",
                ""numpy"",
                ""pandas""
              ],
              ""allowed_dependencies"": [
                ""numpy"",
                ""pandas""
              ],
              ""required_outputs"": [
                ""csv_text""
              ]
            },
            ""created_at"": ""2026-05-01T18:40:15.653141""
          }
        ],
        ""compact_summary"": ""target=dataset_generation; references=2"",
        ""pack_hash"": ""943d73125ddc7a92fd09202bf1d824e7f1179ab9e1868fc63254ce9cae6e741e"",
        ""created_at"": ""2026-05-01T18:40:15.653429""
      }
    },
    ""assistant_model_registry_payload"": {
      ""name"": ""amanaje_slm_assistant"",
      ""description"": ""Private assistant model service used by Painel Amanaje."",
      ""object_type"": ""learning_model"",
      ""size"": 0,
      ""path"": ""runtime_artifacts/assistant_models/amanaje_slm"",
      ""version"": ""amanaje-slm-bootstrap-0.1"",
      ""model_type"": ""assistant_llm_adapter"",
      ""parameters"": {
        ""provider"": ""amanaje_slm"",
        ""base_model_name"": ""local-workflow-template"",
        ""prompt_template_version"": ""amanaje-assistant-template-v1"",
        ""context_pack_version"": ""assistant-context-pack-v1"",
        ""safety_profile_version"": ""assistant-safety-v1""
      },
      ""metrics"": {
        ""evaluation_profile"": ""assistant-golden-v1"",
        ""evaluation_score"": null
      },
      ""reference_data"": ""runtime_artifacts/assistant_datasets/interactions.jsonl"",
      ""input_features"": [
        ""prompt"",
        ""context_pack"",
        ""target_type""
      ],
      ""output_features"": [
        ""workflow_draft""
      ],
      ""is_trained"": false,
      ""is_tested"": false,
      ""is_deployed"": false,
      ""history"": [
        {
          ""operation"": ""assistant_model_registered_payload""
        }
      ]
    }
  },
  ""assumptions"": [
    ""The generated dataset is synthetic."",
    ""The draft only prepares csv_text; it does not write files or registry rows.""
  ],
  ""risks"": [
    ""Synthetic data may not represent the target production distribution.""
  ],
  ""context"": {
    ""operationId"": ""datasets"",
    ""existing_metadata"": {}
  },
  ""next_actions"": [
    ""Review safety report"",
    ""Approve draft"",
    ""Execute through the guarded execution path""
  ],
  ""model_version"": ""amanaje-slm-bootstrap-0.1"",
  ""prompt_template_version"": ""amanaje-assistant-template-v1"",
  ""context_pack_id"": ""ctx_c1f96ff53bd3"",
  ""context_pack_hash"": ""943d73125ddc7a92fd09202bf1d824e7f1179ab9e1868fc63254ce9cae6e741e"",
  ""evaluation_profile"": ""assistant-golden-v1"",
  ""generation_provenance"": {
    ""source_type"": ""assistant"",
    ""provider"": ""amanaje_slm"",
    ""model_version"": ""amanaje-slm-bootstrap-0.1"",
    ""prompt_template_version"": ""amanaje-assistant-template-v1"",
    ""context_pack_id"": ""ctx_c1f96ff53bd3"",
    ""context_pack_hash"": ""943d73125ddc7a92fd09202bf1d824e7f1179ab9e1868fc63254ce9cae6e741e"",
    ""fallback_provider"": ""local"",
    ""created_at"": ""2026-05-01T18:40:15.655121""
  },
  ""provider_metadata"": {
    ""provider"": ""amanaje_slm"",
    ""base_model_name"": ""local-workflow-template"",
    ""adapter_path"": ""runtime_artifacts/assistant_models/amanaje_slm"",
    ""context_pack_version"": ""assistant-context-pack-v1"",
    ""safety_profile_version"": ""assistant-safety-v1"",
    ""allowed_dependencies"": [
      ""numpy"",
      ""pandas""
    ],
    ""fallback_provider"": ""local"",
    ""latency_ms"": 2.274,
    ""cache_hit"": false,
    ""runtime"": ""bootstrap"",
    ""fallback_reason"": ""No external SLM runtime is configured; using deterministic local fallback."",
    ""serving_mode"": ""separate-service-ready"",
    ""slm_config"": {
      ""enabled"": false,
      ""base_url"": ""http://localhost:8000/v1"",
      ""model_name"": ""amanaje-assistant"",
      ""timeout_seconds"": 20.0,
      ""max_tokens"": ""[REDACTED]"",
      ""api_key_configured"": ""[REDACTED]"",
      ""model_version"": ""amanaje-slm-bootstrap-0.1""
    }
  }
}","{
  ""status"": ""approved"",
  ""approved"": true,
  ""safety"": {
    ""ok"": true,
    ""risk_level"": ""low"",
    ""profile"": ""dataset_generation"",
    ""violations"": [],
    ""warnings"": [],
    ""allowed_imports"": [
      ""datetime"",
      ""math"",
      ""numpy"",
      ""pandas"",
      ""random"",
      ""statistics""
    ],
    ""allowed_dependencies"": [
      ""numpy"",
      ""pandas""
    ],
    ""blocked_names"": [
      ""__import__"",
      ""breakpoint"",
      ""compile"",
      ""delattr"",
      ""dir"",
      ""eval"",
      ""exec"",
      ""getattr"",
      ""globals"",
      ""input"",
      ""locals"",
      ""open"",
      ""setattr"",
      ""vars""
    ],
    ""materialized_output_checks"": {
      ""csv_text"": true
    }
  },
  ""messages"": [
    ""Dataset code is review-safe and ready for explicit execution approval.""
  ],
  ""required_actions"": [],
  ""reviewed_at"": ""2026-05-01T18:40:15.659605""
}",{},"{
  ""status"": ""completed"",
  ""stage"": ""reviewed"",
  ""metric_count"": 2,
  ""artifact_count"": 0
}",1,1.0
assistant_run,positive,assistant,make a dataset about keyboards,4492dff18b460b2d46e597ad227b8e446a52d09852b958e25f2baec0b4b2d15b,,,{},,,"{
  ""draft_id"": ""draft_5eec14546243"",
  ""session_id"": null,
  ""draft_type"": ""dataset_generation"",
  ""title"": ""Generated Dataset Draft"",
  ""summary"": ""Creates a tabular dataset and exposes it as csv_text for the existing upload/create flow."",
  ""prompt"": ""make a dataset about keyboards"",
  ""status"": ""draft"",
  ""provider"": ""assistant_model_28"",
  ""created_at"": ""2026-05-03T01:04:57.263308"",
  ""code"": ""# Assistant dataset draft\n# make a dataset about keyboards\n\nimport numpy as np\nimport pandas as pd\n\nrng = np.random.default_rng(42)\nrow_count = 100\ndf = pd.DataFrame({\n    \""feature_a\"": rng.normal(10, 2, row_count).round(4),\n    \""feature_b\"": rng.integers(0, 5, row_count),\n    \""segment\"": rng.choice([\""baseline\"", \""growth\"", \""risk\""], row_count),\n})\ndf[\""target\""] = (df[\""feature_a\""] * 0.7 + df[\""feature_b\""] * 1.5 + rng.normal(0, 0.5, row_count)).round(4)\n\ncsv_text = df.to_csv(index=False)\nname = \""assistant_generated_dataset\""\ndescription = \""Dataset drafted by the Amanaje assistant.\""\nobject_type = \""dataset\""\ndataset_type = \""dataset\""\nversion = 1\nconnection_string = \""\"""",
  ""operations"": [],
  ""registry_payload"": {},
  ""registry_type"": null,
  ""form_payload"": {},
  ""training_request"": {},
  ""study_request"": {},
  ""execution_profile"": ""dataset_generation"",
  ""materialized_outputs"": [
    ""csv_text"",
    ""name"",
    ""description"",
    ""object_type"",
    ""dataset_type""
  ],
  ""artifacts"": {
    ""context_pack"": {
      ""id"": ""ctx_67d5a42213d5"",
      ""hash"": ""4492dff18b460b2d46e597ad227b8e446a52d09852b958e25f2baec0b4b2d15b"",
      ""version"": ""assistant-context-pack-v1"",
      ""payload"": {
        ""context_pack_id"": ""ctx_67d5a42213d5"",
        ""version"": ""assistant-context-pack-v1"",
        ""prompt"": ""make a dataset about keyboards"",
        ""workflow_goal"": null,
        ""target_type"": ""dataset_generation"",
        ""provider"": ""assistant_model_28"",
        ""registry_type"": null,
        ""form_values"": {},
        ""constraints"": {
          ""max_references"": 8
        },
        ""safety_profile"": ""dataset_generation"",
        ""allowed_imports"": [
          ""datetime"",
          ""math"",
          ""numpy"",
          ""pandas"",
          ""random"",
          ""statistics""
        ],
        ""allowed_dependencies"": [
          ""numpy"",
          ""pandas""
        ],
        ""content_references"": [
          {
            ""reference_id"": ""ref_system_project_schema_dataset_generation"",
            ""source_type"": ""project_schema"",
            ""name"": ""assistant_workflow_draft"",
            ""summary"": ""WorkflowDraft is the structured output contract for assistant providers."",
            ""trust_level"": ""system"",
            ""uri"": null,
            ""metadata"": {
              ""target_type"": ""dataset_generation""
            },
            ""content_hash"": null,
            ""tags"": [],
            ""created_at"": ""2026-05-03T01:04:37.237063""
          },
          {
            ""reference_id"": ""ref_system_safety_dataset_generation"",
            ""source_type"": ""safety_profile"",
            ""name"": ""dataset_generation"",
            ""summary"": ""Allowed imports, dependencies, and required outputs for assistant-reviewed code."",
            ""trust_level"": ""system"",
            ""uri"": null,
            ""metadata"": {
              ""allowed_imports"": [
                ""numpy"",
                ""random"",
                ""pandas"",
                ""statistics"",
                ""datetime"",
                ""math""
              ],
              ""allowed_dependencies"": [
                ""numpy"",
                ""pandas""
              ],
              ""required_outputs"": [
                ""csv_text""
              ]
            },
            ""content_hash"": null,
            ""tags"": [],
            ""created_at"": ""2026-05-03T01:04:37.237085""
          },
          {
            ""reference_id"": ""ref_system_alignment_contracts"",
            ""source_type"": ""alignment_contracts"",
            ""name"": ""assistant_alignment_contracts"",
            ""summary"": ""The five alignment contracts that every private assistant draft is evaluated against."",
            ""trust_level"": ""system"",
            ""uri"": null,
            ""metadata"": {
              ""output_alignment"": ""Every response must validate as WorkflowDraft and include the required workflow outputs."",
              ""safety_alignment"": ""Generated code must pass assistant_safety.py before approval or execution."",
              ""registry_alignment"": ""Registry drafts must map to the supported manual registry object payloads."",
              ""dependency_alignment"": ""Drafted code must stay inside allowed imports, dependencies, and artifact formats."",
              ""mlflow_alignment"": ""Drafts, evals, context packs, prompt versions, and model versions must be traceable.""
            },
            ""content_hash"": null,
            ""tags"": [],
            ""created_at"": ""2026-05-03T01:04:37.237100""
          },
          {
            ""reference_id"": ""ref_system_prompt_dataset_generation"",
            ""source_type"": ""prompt_template"",
            ""name"": ""amanaje-assistant-template-v1"",
            ""summary"": ""Draft safe Python code that creates synthetic tabular data and exposes csv_text plus dataset metadata. Use only allowed dependencies, align names with trusted internal references, and never write files."",
            ""trust_level"": ""system"",
            ""uri"": null,
            ""metadata"": {
              ""prompt_template_version"": ""amanaje-assistant-template-v1""
            },
            ""content_hash"": null,
            ""tags"": [],
            ""created_at"": ""2026-05-03T01:04:37.237115""
          },
          {
            ""reference_id"": ""ref_system_writing_guide"",
            ""source_type"": ""draft_writing_guide"",
            ""name"": ""amanaje_assistant_writing_guide"",
            ""summary"": ""Project writing guidance for draft titles, summaries, metadata, risks, assumptions, and next actions."",
            ""trust_level"": ""system"",
            ""uri"": null,
            ""metadata"": {
              ""voice"": ""Concrete, project-aware, concise, and operational."",
              ""titles"": ""Name the artifact or workflow outcome, not the assistant action."",
              ""summaries"": ""State what the draft creates, how it fits Painel Amanaje, and what remains for user approval."",
              ""metadata"": ""Prefer registry-compatible names, versions, paths, feature names, and dependency declarations."",
              ""risks"": ""Name practical limitations such as synthetic distribution mismatch, missing IDs, or untrained artifacts."",
              ""next_actions"": ""Use short workflow actions that match reviewed draft, guarded run, upload, or registry submit steps."",
              ""references"": ""Use internal reference summaries and cite their reference IDs in metadata when they shape the draft."",
              ""originality"": ""Generate project-specific assets from the request and internal references; do not copy raw reference text.""
            },
            ""content_hash"": null,
            ""tags"": [],
            ""created_at"": ""2026-05-03T01:04:37.237156""
          },
          {
            ""reference_id"": ""ref_system_quality_rubric"",
            ""source_type"": ""draft_quality_rubric"",
            ""name"": ""amanaje_assistant_quality_rubric"",
            ""summary"": ""Quality checks used to evaluate generated draft text and metadata."",
            ""trust_level"": ""system"",
            ""uri"": null,
            ""metadata"": {
              ""title_quality"": ""Title is specific to the requested artifact or workflow."",
              ""summary_quality"": ""Summary is not generic and explains the generated draft's project fit."",
              ""metadata_quality"": ""Registry metadata and materialized outputs match project schemas."",
              ""risk_quality"": ""Risks and assumptions are concrete enough for user review."",
              ""reference_quality"": ""Internal references are summarized, traceable, and not copied raw into prompts.""
            },
            ""content_hash"": null,
            ""tags"": [],
            ""created_at"": ""2026-05-03T01:04:37.237172""
          },
          {
            ""reference_id"": ""ref_system_mlflow_tracking"",
            ""source_type"": ""mlflow_tracking"",
            ""name"": ""assistant/amanaje_slm"",
            ""summary"": ""Assistant model versions, evals, training examples, and promotion reports are tracked in MLflow."",
            ""trust_level"": ""system"",
            ""uri"": ""assistant/amanaje_slm"",
            ""metadata"": {
              ""experiment_name"": ""assistant/amanaje_slm"",
              ""evaluation_profile"": ""assistant-golden-v1"",
              ""context_pack_version"": ""assistant-context-pack-v1""
            },
            ""content_hash"": null,
            ""tags"": [],
            ""created_at"": ""2026-05-03T01:04:37.237187""
          },
          {
            ""reference_id"": ""ref_runtime_assistant_reference_snapshot"",
            ""source_type"": ""runtime_context"",
            ""name"": ""assistant_reference_snapshot"",
            ""summary"": ""keys: eval_dir, interactions_path, recent_evals, recent_examples, source_type"",
            ""trust_level"": ""runtime"",
            ""uri"": null,
            ""metadata"": {
              ""source_type"": ""assistant_reference_snapshot"",
              ""interactions_path"": ""/app/runtime_artifacts/assistant_datasets/interactions.jsonl"",
              ""eval_dir"": ""/app/runtime_artifacts/assistant_evals"",
              ""recent_examples"": [],
              ""recent_evals"": [
                {
                  ""file"": ""draft_1c6b0d9283c5_eval.json"",
                  ""draft_type"": ""dataset_generation"",
                  ""passed"": true,
                  ""evaluation_profile"": ""assistant-golden-v1""
                },
                {
                  ""file"": ""draft_9f7d065eccb8_eval.json"",
                  ""draft_type"": ""registry_object"",
                  ""passed"": true,
                  ""evaluation_profile"": ""assistant-golden-v1""
                },
                {
                  ""file"": ""draft_2f983b78c89d_eval.json"",
                  ""draft_type"": ""registry_object"",
                  ""passed"": true,
                  ""evaluation_profile"": ""assistant-golden-v1""
                }
              ]
            },
            ""content_hash"": null,
            ""tags"": [],
            ""created_at"": ""2026-05-03T01:04:37.237264""
          }
        ],
        ""reference_pack_id"": ""refpack_900f50de7a30"",
        ""reference_pack_hash"": ""fe28185230edc9a1b199d8e6a672b25e2ee8dc15f686198abf7154bdc5ebe9d0"",
        ""selected_reference_ids"": [
          ""ref_system_project_schema_dataset_generation"",
          ""ref_system_safety_dataset_generation"",
          ""ref_system_alignment_contracts"",
          ""ref_system_prompt_dataset_generation"",
          ""ref_system_writing_guide"",
          ""ref_system_quality_rubric"",
          ""ref_system_mlflow_tracking"",
          ""ref_runtime_assistant_reference_snapshot""
        ],
        ""reference_trust_levels"": {
          ""ref_system_project_schema_dataset_generation"": ""system"",
          ""ref_system_safety_dataset_generation"": ""system"",
          ""ref_system_alignment_contracts"": ""system"",
          ""ref_system_prompt_dataset_generation"": ""system"",
          ""ref_system_writing_guide"": ""system"",
          ""ref_system_quality_rubric"": ""system"",
          ""ref_system_mlflow_tracking"": ""system"",
          ""ref_runtime_assistant_reference_snapshot"": ""runtime""
        },
        ""compact_summary"": ""target=dataset_generation; references=8"",
        ""pack_hash"": ""4492dff18b460b2d46e597ad227b8e446a52d09852b958e25f2baec0b4b2d15b"",
        ""created_at"": ""2026-05-03T01:04:37.237934""
      }
    },
    ""assistant_model_registry_payload"": {
      ""name"": ""assistant_model_28_assistant"",
      ""description"": ""Private assistant model service used by Painel Amanaje."",
      ""object_type"": ""learning_model"",
      ""si

[TRUNCATED: original_length=30264]","{
  ""status"": ""approved"",
  ""approved"": true,
  ""safety"": {
    ""ok"": true,
    ""risk_level"": ""low"",
    ""profile"": ""dataset_generation"",
    ""violations"": [],
    ""warnings"": [],
    ""allowed_imports"": [
      ""datetime"",
      ""math"",
      ""numpy"",
      ""pandas"",
      ""random"",
      ""statistics""
    ],
    ""allowed_dependencies"": [
      ""numpy"",
      ""pandas""
    ],
    ""blocked_names"": [
      ""__import__"",
      ""breakpoint"",
      ""compile"",
      ""delattr"",
      ""dir"",
      ""eval"",
      ""exec"",
      ""getattr"",
      ""globals"",
      ""input"",
      ""locals"",
      ""open"",
      ""setattr"",
      ""vars""
    ],
    ""materialized_output_checks"": {
      ""csv_text"": true
    }
  },
  ""messages"": [
    ""Dataset code is review-safe and ready for explicit execution approval.""
  ],
  ""required_actions"": [],
  ""reviewed_at"": ""2026-05-03T01:04:57.270003""
}",{},"{
  ""status"": ""completed"",
  ""stage"": ""reviewed"",
  ""metric_count"": 4,
  ""artifact_count"": 0
}",1,1.0
assistant_run,positive,assistant,make a dataset about keyboards,010fd976e942447a4526d5ed7dc8a3977049d57fafea9d8a31de5214763eecb6,,,{},,,"{
  ""draft_id"": ""draft_fdd67650f779"",
  ""session_id"": null,
  ""draft_type"": ""dataset_generation"",
  ""title"": ""Generated Dataset Draft"",
  ""summary"": ""Creates a tabular dataset and exposes it as csv_text for the existing upload/create flow."",
  ""prompt"": ""make a dataset about keyboards"",
  ""status"": ""draft"",
  ""provider"": ""amanaje_slm"",
  ""created_at"": ""2026-05-02T19:02:30.907306"",
  ""code"": ""# Assistant dataset draft\n# make a dataset about keyboards\n\nimport numpy as np\nimport pandas as pd\n\nrng = np.random.default_rng(42)\nrow_count = 100\ndf = pd.DataFrame({\n    \""feature_a\"": rng.normal(10, 2, row_count).round(4),\n    \""feature_b\"": rng.integers(0, 5, row_count),\n    \""segment\"": rng.choice([\""baseline\"", \""growth\"", \""risk\""], row_count),\n})\ndf[\""target\""] = (df[\""feature_a\""] * 0.7 + df[\""feature_b\""] * 1.5 + rng.normal(0, 0.5, row_count)).round(4)\n\ncsv_text = df.to_csv(index=False)\nname = \""assistant_generated_dataset\""\ndescription = \""Dataset drafted by the Amanaje assistant.\""\nobject_type = \""dataset\""\ndataset_type = \""dataset\""\nversion = 1\nconnection_string = \""\"""",
  ""operations"": [],
  ""registry_payload"": {},
  ""registry_type"": null,
  ""form_payload"": {},
  ""training_request"": {},
  ""study_request"": {},
  ""execution_profile"": ""dataset_generation"",
  ""materialized_outputs"": [
    ""csv_text"",
    ""name"",
    ""description"",
    ""object_type"",
    ""dataset_type""
  ],
  ""artifacts"": {
    ""context_pack"": {
      ""id"": ""ctx_44d010ce081a"",
      ""hash"": ""010fd976e942447a4526d5ed7dc8a3977049d57fafea9d8a31de5214763eecb6"",
      ""version"": ""assistant-context-pack-v1"",
      ""payload"": {
        ""context_pack_id"": ""ctx_44d010ce081a"",
        ""version"": ""assistant-context-pack-v1"",
        ""prompt"": ""make a dataset about keyboards"",
        ""workflow_goal"": null,
        ""target_type"": ""dataset_generation"",
        ""provider"": ""amanaje_slm"",
        ""registry_type"": null,
        ""form_values"": {},
        ""constraints"": {},
        ""safety_profile"": ""dataset_generation"",
        ""allowed_imports"": [
          ""datetime"",
          ""math"",
          ""numpy"",
          ""pandas"",
          ""random"",
          ""statistics""
        ],
        ""allowed_dependencies"": [
          ""numpy"",
          ""pandas""
        ],
        ""content_references"": [
          {
            ""reference_id"": ""ref_b97959555faa"",
            ""source_type"": ""project_schema"",
            ""name"": ""assistant_workflow_draft"",
            ""summary"": ""WorkflowDraft is the structured output contract for assistant providers."",
            ""trust_level"": ""project"",
            ""uri"": null,
            ""metadata"": {
              ""target_type"": ""dataset_generation""
            },
            ""created_at"": ""2026-05-02T19:02:30.379007""
          },
          {
            ""reference_id"": ""ref_c9ca5e9a55cb"",
            ""source_type"": ""safety_profile"",
            ""name"": ""dataset_generation"",
            ""summary"": ""Allowed imports, dependencies, and required outputs for assistant-reviewed code."",
            ""trust_level"": ""project"",
            ""uri"": null,
            ""metadata"": {
              ""allowed_imports"": [
                ""math"",
                ""statistics"",
                ""datetime"",
                ""random"",
                ""numpy"",
                ""pandas""
              ],
              ""allowed_dependencies"": [
                ""numpy"",
                ""pandas""
              ],
              ""required_outputs"": [
                ""csv_text""
              ]
            },
            ""created_at"": ""2026-05-02T19:02:30.449159""
          }
        ],
        ""compact_summary"": ""target=dataset_generation; references=2"",
        ""pack_hash"": ""010fd976e942447a4526d5ed7dc8a3977049d57fafea9d8a31de5214763eecb6"",
        ""created_at"": ""2026-05-02T19:02:30.450481""
      }
    },
    ""assistant_model_registry_payload"": {
      ""name"": ""amanaje_slm_assistant"",
      ""description"": ""Private assistant model service used by Painel Amanaje."",
      ""object_type"": ""learning_model"",
      ""size"": 0,
      ""path"": ""runtime_artifacts/assistant_models/amanaje_slm"",
      ""version"": ""amanaje-slm-bootstrap-0.1"",
      ""model_type"": ""assistant_llm_adapter"",
      ""parameters"": {
        ""provider"": ""amanaje_slm"",
        ""base_model_name"": ""local-workflow-template"",
        ""prompt_template_version"": ""amanaje-assistant-template-v1"",
        ""context_pack_version"": ""assistant-context-pack-v1"",
        ""safety_profile_version"": ""assistant-safety-v1""
      },
      ""metrics"": {
        ""evaluation_profile"": ""assistant-golden-v1"",
        ""evaluation_score"": null
      },
      ""reference_data"": ""runtime_artifacts/assistant_datasets/interactions.jsonl"",
      ""input_features"": [
        ""prompt"",
        ""context_pack"",
        ""target_type""
      ],
      ""output_features"": [
        ""workflow_draft""
      ],
      ""is_trained"": false,
      ""is_tested"": false,
      ""is_deployed"": false,
      ""history"": [
        {
          ""operation"": ""assistant_model_registered_payload""
        }
      ]
    }
  },
  ""assumptions"": [
    ""The generated dataset is synthetic."",
    ""The draft only prepares csv_text; it does not write files or registry rows.""
  ],
  ""risks"": [
    ""Synthetic data may not represent the target production distribution.""
  ],
  ""context"": {
    ""operationId"": ""datasets"",
    ""existing_metadata"": {}
  },
  ""next_actions"": [
    ""Review safety report"",
    ""Approve draft"",
    ""Execute through the guarded execution path""
  ],
  ""model_version"": ""amanaje-slm-bootstrap-0.1"",
  ""prompt_template_version"": ""amanaje-assistant-template-v1"",
  ""context_pack_id"": ""ctx_44d010ce081a"",
  ""context_pack_hash"": ""010fd976e942447a4526d5ed7dc8a3977049d57fafea9d8a31de5214763eecb6"",
  ""evaluation_profile"": ""assistant-golden-v1"",
  ""generation_provenance"": {
    ""source_type"": ""assistant"",
    ""provider"": ""amanaje_slm"",
    ""model_version"": ""amanaje-slm-bootstrap-0.1"",
    ""prompt_template_version"": ""amanaje-assistant-template-v1"",
    ""context_pack_id"": ""ctx_44d010ce081a"",
    ""context_pack_hash"": ""010fd976e942447a4526d5ed7dc8a3977049d57fafea9d8a31de5214763eecb6"",
    ""fallback_provider"": ""local"",
    ""created_at"": ""2026-05-02T19:02:31.064340""
  },
  ""provider_metadata"": {
    ""provider"": ""amanaje_slm"",
    ""base_model_name"": ""local-workflow-template"",
    ""adapter_path"": ""runtime_artifacts/assistant_models/amanaje_slm"",
    ""context_pack_version"": ""assistant-context-pack-v1"",
    ""safety_profile_version"": ""assistant-safety-v1"",
    ""allowed_dependencies"": [
      ""numpy"",
      ""pandas""
    ],
    ""fallback_provider"": ""local"",
    ""latency_ms"": 670.366,
    ""cache_hit"": false,
    ""runtime"": ""bootstrap"",
    ""fallback_reason"": ""No external SLM runtime is configured; using deterministic local fallback."",
    ""serving_mode"": ""separate-service-ready"",
    ""slm_config"": {
      ""enabled"": false,
      ""base_url"": ""http://localhost:8000/v1"",
      ""model_name"": ""amanaje-assistant"",
      ""timeout_seconds"": 20.0,
      ""max_tokens"": ""[REDACTED]"",
      ""api_key_configured"": ""[REDACTED]"",
      ""model_version"": ""amanaje-slm-bootstrap-0.1""
    }
  }
}","{
  ""status"": ""approved"",
  ""approved"": true,
  ""safety"": {
    ""ok"": true,
    ""risk_level"": ""low"",
    ""profile"": ""dataset_generation"",
    ""violations"": [],
    ""warnings"": [],
    ""allowed_imports"": [
      ""datetime"",
      ""math"",
      ""numpy"",
      ""pandas"",
      ""random"",
      ""statistics""
    ],
    ""allowed_dependencies"": [
      ""numpy"",
      ""pandas""
    ],
    ""blocked_names"": [
      ""__import__"",
      ""breakpoint"",
      ""compile"",
      ""delattr"",
      ""dir"",
      ""eval"",
      ""exec"",
      ""getattr"",
      ""globals"",
      ""input"",
      ""locals"",
      ""open"",
      ""setattr"",
      ""vars""
    ],
    ""materialized_output_checks"": {
      ""csv_text"": true
    }
  },
  ""messages"": [
    ""Dataset code is review-safe and ready for explicit execution approval.""
  ],
  ""required_actions"": [],
  ""reviewed_at"": ""2026-05-02T19:02:31.494319""
}",{},"{
  ""status"": ""completed"",
  ""stage"": ""reviewed"",
  ""metric_count"": 2,
  ""artifact_count"": 0
}",1,1.0
assistant_run,positive,assistant,prepare dataset based on weather data,,,,{},,,"{
  ""draft_id"": ""draft_91a4fd0885d7"",
  ""session_id"": null,
  ""draft_type"": ""registry_object"",
  ""title"": ""Registry Object Draft"",
  ""summary"": ""Prepares registry metadata for review before persistence."",
  ""prompt"": ""prepare dataset based on weather data"",
  ""status"": ""draft"",
  ""provider"": ""local"",
  ""created_at"": ""2026-04-27T19:17:45.284958"",
  ""code"": null,
  ""operations"": [],
  ""registry_payload"": {
    ""name"": ""assistant_registry_object"",
    ""description"": ""Registry object drafted by the Amanaje assistant."",
    ""object_type"": ""dataset"",
    ""version"": 1,
    ""history"": [
      {
        ""operation"": ""assistant_draft""
      }
    ]
  },
  ""training_request"": {},
  ""study_request"": {},
  ""artifacts"": {},
  ""assumptions"": [
    ""The target registry route will perform final Pydantic and ORM validation.""
  ],
  ""risks"": [
    ""References to datasets, models, or studies must exist before the object can be saved.""
  ],
  ""context"": {
    ""registryType"": ""DatasetModel"",
    ""name"": ""assistant_registry_object"",
    ""description"": ""Registry object drafted by the Amanaje assistant."",
    ""path"": ""runtime_artifacts/inference/artifact.json"",
    ""size"": 0,
    ""version"": 1,
    ""dataset_type"": ""dataset"",
    ""has_features"": false,
    ""connection_string"": """",
    ""model_type"": ""learning_model"",
    ""reference_data"": """",
    ""is_trained"": false,
    ""is_tested"": false,
    ""is_deployed"": false,
    ""learning_model_id"": 1,
    ""dataset_id"": 1,
    ""sampler"": """",
    ""objective"": """"
  },
  ""next_actions"": [
    ""Review metadata"",
    ""Approve persistence"",
    ""Check dependency report before deletion""
  ]
}","{
  ""status"": ""approved"",
  ""approved"": true,
  ""safety"": {
    ""ok"": true,
    ""risk_level"": ""none"",
    ""violations"": [],
    ""warnings"": [],
    ""allowed_imports"": [
      ""datetime"",
      ""math"",
      ""numpy"",
      ""pandas"",
      ""random"",
      ""sklearn"",
      ""statistics""
    ],
    ""blocked_names"": [
      ""__import__"",
      ""breakpoint"",
      ""compile"",
      ""delattr"",
      ""dir"",
      ""eval"",
      ""exec"",
      ""getattr"",
      ""globals"",
      ""input"",
      ""locals"",
      ""open"",
      ""setattr"",
      ""vars""
    ]
  },
  ""messages"": [],
  ""required_actions"": [],
  ""reviewed_at"": ""2026-04-27T19:17:45.285274""
}",{},"{
  ""status"": ""completed"",
  ""stage"": ""reviewed"",
  ""metric_count"": 0,
  ""artifact_count"": 0
}",1,1.0
assistant_run,positive,assistant,make a dataset about keyboards,b5dbf1885a96b32711942fb607b346bd851f8c503f96da4d7cbd537130fff2c8,,,{},,,"{
  ""draft_id"": ""draft_e39c8db6f2b2"",
  ""session_id"": null,
  ""draft_type"": ""model_generation"",
  ""title"": ""Generated Model Draft"",
  ""summary"": ""Creates a scikit-learn joblib artifact and matching LearningModel metadata for the Create workspace."",
  ""prompt"": ""make a dataset about keyboards"",
  ""status"": ""draft"",
  ""provider"": ""amanaje_slm"",
  ""created_at"": ""2026-05-02T19:26:32.506561"",
  ""code"": ""# Assistant model draft\n# make a dataset about keyboards\n\nimport base64\nimport io\nimport joblib\nfrom sklearn.ensemble import RandomForestRegressor\n\nmodel = RandomForestRegressor(n_estimators=80, random_state=42)\nbuffer = io.BytesIO()\njoblib.dump(model, buffer)\nbuffer.seek(0)\n\njoblib_bytes = base64.b64encode(buffer.getvalue()).decode(\""utf-8\"")\nname = \""assistant_generated_model\""\ndescription = \""Scikit-learn model artifact drafted by the Amanaje assistant.\""\nobject_type = \""learning_model\""\npath = \""generated/assistant_generated_model.joblib\""\nversion = 1\nmodel_type = \""supervised_model\""\nparameters = {\""framework\"": \""sklearn\"", \""estimator_class\"": \""RandomForestRegressor\"", \""n_estimators\"": 80, \""random_state\"": 42}\nmetrics = {\""task\"": \""regression\"", \""status\"": \""untrained_template\""}\nreference_data = \""assistant_generated_dataset.csv\""\ninput_features = [\""feature_a\"", \""feature_b\""]\noutput_features = [\""target\""]\nis_trained = False\nis_tested = False\nis_deployed = False"",
  ""operations"": [],
  ""registry_payload"": {},
  ""registry_type"": null,
  ""form_payload"": {},
  ""training_request"": {},
  ""study_request"": {},
  ""execution_profile"": ""model_generation"",
  ""materialized_outputs"": [
    ""joblib_bytes"",
    ""name"",
    ""parameters"",
    ""metrics"",
    ""input_features"",
    ""output_features""
  ],
  ""artifacts"": {
    ""context_pack"": {
      ""id"": ""ctx_3bb85c7e0ba6"",
      ""hash"": ""b5dbf1885a96b32711942fb607b346bd851f8c503f96da4d7cbd537130fff2c8"",
      ""version"": ""assistant-context-pack-v1"",
      ""payload"": {
        ""context_pack_id"": ""ctx_3bb85c7e0ba6"",
        ""version"": ""assistant-context-pack-v1"",
        ""prompt"": ""make a dataset about keyboards"",
        ""workflow_goal"": null,
        ""target_type"": ""model_generation"",
        ""provider"": ""amanaje_slm"",
        ""registry_type"": null,
        ""form_values"": {},
        ""constraints"": {},
        ""safety_profile"": ""model_generation"",
        ""allowed_imports"": [
          ""base64"",
          ""io"",
          ""joblib"",
          ""numpy"",
          ""pandas"",
          ""sklearn""
        ],
        ""allowed_dependencies"": [
          ""joblib"",
          ""numpy"",
          ""pandas"",
          ""scikit-learn""
        ],
        ""content_references"": [
          {
            ""reference_id"": ""ref_5f3e84e553b3"",
            ""source_type"": ""project_schema"",
            ""name"": ""assistant_workflow_draft"",
            ""summary"": ""WorkflowDraft is the structured output contract for assistant providers."",
            ""trust_level"": ""project"",
            ""uri"": null,
            ""metadata"": {
              ""target_type"": ""model_generation""
            },
            ""created_at"": ""2026-05-02T19:26:32.505389""
          },
          {
            ""reference_id"": ""ref_60487f7c74c4"",
            ""source_type"": ""safety_profile"",
            ""name"": ""model_generation"",
            ""summary"": ""Allowed imports, dependencies, and required outputs for assistant-reviewed code."",
            ""trust_level"": ""project"",
            ""uri"": null,
            ""metadata"": {
              ""allowed_imports"": [
                ""io"",
                ""sklearn"",
                ""numpy"",
                ""joblib"",
                ""base64"",
                ""pandas""
              ],
              ""allowed_dependencies"": [
                ""joblib"",
                ""scikit-learn"",
                ""numpy"",
                ""pandas""
              ],
              ""required_outputs"": [
                ""joblib_bytes""
              ]
            },
            ""created_at"": ""2026-05-02T19:26:32.505457""
          }
        ],
        ""compact_summary"": ""target=model_generation; references=2"",
        ""pack_hash"": ""b5dbf1885a96b32711942fb607b346bd851f8c503f96da4d7cbd537130fff2c8"",
        ""created_at"": ""2026-05-02T19:26:32.505630""
      }
    },
    ""assistant_model_registry_payload"": {
      ""name"": ""amanaje_slm_assistant"",
      ""description"": ""Private assistant model service used by Painel Amanaje."",
      ""object_type"": ""learning_model"",
      ""size"": 0,
      ""path"": ""runtime_artifacts/assistant_models/amanaje_slm"",
      ""version"": ""amanaje-slm-bootstrap-0.1"",
      ""model_type"": ""assistant_llm_adapter"",
      ""parameters"": {
        ""provider"": ""amanaje_slm"",
        ""base_model_name"": ""local-workflow-template"",
        ""prompt_template_version"": ""amanaje-assistant-template-v1"",
        ""context_pack_version"": ""assistant-context-pack-v1"",
        ""safety_profile_version"": ""assistant-safety-v1""
      },
      ""metrics"": {
        ""evaluation_profile"": ""assistant-golden-v1"",
        ""evaluation_score"": null
      },
      ""reference_data"": ""runtime_artifacts/assistant_datasets/interactions.jsonl"",
      ""input_features"": [
        ""prompt"",
        ""context_pack"",
        ""target_type""
      ],
      ""output_features"": [
        ""workflow_draft""
      ],
      ""is_trained"": false,
      ""is_tested"": false,
      ""is_deployed"": false,
      ""history"": [
        {
          ""operation"": ""assistant_model_registered_payload""
        }
      ]
    }
  },
  ""assumptions"": [
    ""The first assistant-generated model artifact is a scikit-learn joblib template."",
    ""The generated artifact is intended for registry creation, not immediate production deployment.""
  ],
  ""risks"": [
    ""The model is not trained until it is paired with a dataset and submitted to the training workflow.""
  ],
  ""context"": {
    ""operationId"": ""models"",
    ""existing_metadata"": {
      ""name"": ""assistant_generated_model"",
      ""description"": ""Scikit-learn model artifact drafted by the Amanaje assistant."",
      ""object_type"": ""learning_model"",
      ""path"": ""generated/assistant_generated_model.joblib"",
      ""version"": 1,
      ""model_type"": ""supervised_model"",
      ""parameters"": {
        ""framework"": ""sklearn"",
        ""estimator_class"": ""RandomForestRegressor"",
        ""n_estimators"": 80,
        ""random_state"": 42
      },
      ""metrics"": {
        ""task"": ""regression"",
        ""status"": ""untrained_template""
      },
      ""reference_data"": ""assistant_generated_dataset.csv"",
      ""input_features"": [
        ""feature_a"",
        ""feature_b""
      ],
      ""output_features"": [
        ""target""
      ],
      ""is_trained"": false,
      ""is_tested"": false,
      ""is_deployed"": false
    }
  },
  ""next_actions"": [
    ""Review safety report"",
    ""Run through guarded execution"",
    ""Create the model through the existing upload backend""
  ],
  ""model_version"": ""amanaje-slm-bootstrap-0.1"",
  ""prompt_template_version"": ""amanaje-assistant-template-v1"",
  ""context_pack_id"": ""ctx_3bb85c7e0ba6"",
  ""context_pack_hash"": ""b5dbf1885a96b32711942fb607b346bd851f8c503f96da4d7cbd537130fff2c8"",
  ""evaluation_profile"": ""assistant-golden-v1"",
  ""generation_provenance"": {
    ""source_type"": ""assistant"",
    ""provider"": ""amanaje_slm"",
    ""model_version"": ""amanaje-slm-bootstrap-0.1"",
    ""prompt_template_version"": ""amanaje-assistant-template-v1"",
    ""context_pack_id"": ""ctx_3bb85c7e0ba6"",
    ""context_pack_hash"": ""b5dbf1885a96b32711942fb607b346bd851f8c503f96da4d7cbd537130fff2c8"",
    ""fallback_provider"": ""local"",
    ""created_at"": ""2026-05-02T19:26:32.506866""
  },
  ""provider_metadata"": {
    ""provider"": ""amanaje_slm"",
    ""base_model_name"": ""local-workflow-template"",
    ""adapter_path"": ""runtime_artifacts/assistant_models/amanaje_slm"",
    ""context_pack_version"": ""assistant-context-pack-v1"",
    ""safety_profile_version"": ""assistant-safety-v1"",
    ""allowed_dependencies"": [
      ""joblib"",
      ""numpy"",
      ""pandas"",
      ""scikit-learn""
    ],
    ""fallback_provider"": ""local"",
    ""latency_ms"": 1.523,
    ""cache_hit"": false,
    ""runtime"": ""bootstrap"",
    ""fallback_reason"": ""No external SLM runtime is configured; using deterministic local fallback."",
    ""serving_mode"": ""separate-service-ready"",
    ""slm_config"": {
      ""enabled"": false,
      ""base_url"": ""http://localhost:8000/v1"",
      ""model_name"": ""amanaje-assistant"",
      ""timeout_seconds"": 20.0,
      ""max_tokens"": ""[REDACTED]"",
      ""api_key_configured"": ""[REDACTED]"",
      ""model_version"": ""amanaje-slm-bootstrap-0.1""
    }
  }
}","{
  ""status"": ""approved"",
  ""approved"": true,
  ""safety"": {
    ""ok"": true,
    ""risk_level"": ""low"",
    ""profile"": ""model_generation"",
    ""violations"": [],
    ""warnings"": [],
    ""allowed_imports"": [
      ""base64"",
      ""io"",
      ""joblib"",
      ""numpy"",
      ""pandas"",
      ""sklearn""
    ],
    ""allowed_dependencies"": [
      ""joblib"",
      ""numpy"",
      ""pandas"",
      ""scikit-learn""
    ],
    ""blocked_names"": [
      ""__import__"",
      ""breakpoint"",
      ""compile"",
      ""delattr"",
      ""dir"",
      ""eval"",
      ""exec"",
      ""getattr"",
      ""globals"",
      ""input"",
      ""locals"",
      ""open"",
      ""setattr"",
      ""vars""
    ],
    ""materialized_output_checks"": {
      ""joblib_bytes"": true
    }
  },
  ""messages"": [
    ""Model code is review-safe and ready for guarded execution.""
  ],
  ""required_actions"": [],
  ""reviewed_at"": ""2026-05-02T19:26:32.511678""
}",{},"{
  ""status"": ""completed"",
  ""stage"": ""reviewed"",
  ""metric_count"": 2,
  ""artifact_count"": 0
}",1,1.0
assistant_run,positive,assistant,make a dataset with 500 columns,e5a6b46c027dec7dd571068066a750ed682a5d69ce3263714ffdc6e45fa08c67,,,{},,,"{
  ""draft_id"": ""draft_bb81741dc02d"",
  ""session_id"": null,
  ""draft_type"": ""feature_operations"",
  ""title"": ""Feature Transformation Draft"",
  ""summary"": ""Prepares visual feature operations for /features/preview before materialization."",
  ""prompt"": ""make a dataset with 500 columns"",
  ""status"": ""draft"",
  ""provider"": ""assistant_model_28"",
  ""created_at"": ""2026-05-05T20:17:23.469988"",
  ""code"": null,
  ""operations"": [
    {
      ""type"": ""rename"",
      ""column"": """",
      ""operator"": ""=="",
      ""value"": """",
      ""ascending"": true
    },
    {
      ""type"": ""limit"",
      ""value"": 200
    }
  ],
  ""registry_payload"": {},
  ""registry_type"": null,
  ""form_payload"": {},
  ""training_request"": {},
  ""study_request"": {},
  ""execution_profile"": ""feature_operations"",
  ""materialized_outputs"": [],
  ""artifacts"": {
    ""preview_endpoint"": ""/features/preview"",
    ""materialize_endpoint"": ""/features/materialize"",
    ""context_pack"": {
      ""id"": ""ctx_d605a2de0c8a"",
      ""hash"": ""e5a6b46c027dec7dd571068066a750ed682a5d69ce3263714ffdc6e45fa08c67"",
      ""version"": ""assistant-context-pack-v1"",
      ""payload"": {
        ""context_pack_id"": ""ctx_d605a2de0c8a"",
        ""version"": ""assistant-context-pack-v1"",
        ""prompt"": ""make a dataset with 500 columns"",
        ""workflow_goal"": null,
        ""target_type"": ""feature_operations"",
        ""provider"": ""assistant_model_28"",
        ""registry_type"": null,
        ""form_values"": {
          ""datasetId"": 4
        },
        ""constraints"": {},
        ""safety_profile"": ""feature_operations"",
        ""allowed_imports"": [],
        ""allowed_dependencies"": [],
        ""content_references"": [
          {
            ""reference_id"": ""ref_system_project_schema_feature_operations"",
            ""source_type"": ""project_schema"",
            ""name"": ""assistant_workflow_draft"",
            ""summary"": ""WorkflowDraft is the structured output contract for assistant providers."",
            ""trust_level"": ""system"",
            ""uri"": null,
            ""metadata"": {
              ""target_type"": ""feature_operations""
            },
            ""content_hash"": null,
            ""tags"": [],
            ""created_at"": ""2026-05-05T20:17:23.443471""
          },
          {
            ""reference_id"": ""ref_system_safety_feature_operations"",
            ""source_type"": ""safety_profile"",
            ""name"": ""feature_operations"",
            ""summary"": ""Allowed imports, dependencies, and required outputs for assistant-reviewed code."",
            ""trust_level"": ""system"",
            ""uri"": null,
            ""metadata"": {
              ""allowed_imports"": [],
              ""allowed_dependencies"": [],
              ""required_outputs"": []
            },
            ""content_hash"": null,
            ""tags"": [],
            ""created_at"": ""2026-05-05T20:17:23.443602""
          },
          {
            ""reference_id"": ""ref_system_alignment_contracts"",
            ""source_type"": ""alignment_contracts"",
            ""name"": ""assistant_alignment_contracts"",
            ""summary"": ""The five alignment contracts that every private assistant draft is evaluated against."",
            ""trust_level"": ""system"",
            ""uri"": null,
            ""metadata"": {
              ""output_alignment"": ""Every response must validate as WorkflowDraft and include the required workflow outputs."",
              ""safety_alignment"": ""Generated code must pass assistant_safety.py before approval or execution."",
              ""registry_alignment"": ""Registry drafts must map to the supported manual registry object payloads."",
              ""dependency_alignment"": ""Drafted code must stay inside allowed imports, dependencies, and artifact formats."",
              ""mlflow_alignment"": ""Drafts, evals, context packs, prompt versions, and model versions must be traceable.""
            },
            ""content_hash"": null,
            ""tags"": [],
            ""created_at"": ""2026-05-05T20:17:23.443620""
          },
          {
            ""reference_id"": ""ref_system_prompt_feature_operations"",
            ""source_type"": ""prompt_template"",
            ""name"": ""amanaje-assistant-template-v1"",
            ""summary"": ""Draft visual feature operations that match the selected dataset context and can be previewed before materialization."",
            ""trust_level"": ""system"",
            ""uri"": null,
            ""metadata"": {
              ""prompt_template_version"": ""amanaje-assistant-template-v1""
            },
            ""content_hash"": null,
            ""tags"": [],
            ""created_at"": ""2026-05-05T20:17:23.443637""
          },
          {
            ""reference_id"": ""ref_system_writing_guide"",
            ""source_type"": ""draft_writing_guide"",
            ""name"": ""amanaje_assistant_writing_guide"",
            ""summary"": ""Project writing guidance for draft titles, summaries, metadata, risks, assumptions, and next actions."",
            ""trust_level"": ""system"",
            ""uri"": null,
            ""metadata"": {
              ""voice"": ""Concrete, project-aware, concise, and operational."",
              ""titles"": ""Name the artifact or workflow outcome, not the assistant action."",
              ""summaries"": ""State what the draft creates, how it fits Painel Amanaje, and what remains for user approval."",
              ""metadata"": ""Prefer registry-compatible names, versions, paths, feature names, and dependency declarations."",
              ""risks"": ""Name practical limitations such as synthetic distribution mismatch, missing IDs, or untrained artifacts."",
              ""next_actions"": ""Use short workflow actions that match reviewed draft, guarded run, upload, or registry submit steps."",
              ""references"": ""Use internal reference summaries and cite their reference IDs in metadata when they shape the draft."",
              ""originality"": ""Generate project-specific assets from the request and internal references; do not copy raw reference text.""
            },
            ""content_hash"": null,
            ""tags"": [],
            ""created_at"": ""2026-05-05T20:17:23.443676""
          },
          {
            ""reference_id"": ""ref_system_quality_rubric"",
            ""source_type"": ""draft_quality_rubric"",
            ""name"": ""amanaje_assistant_quality_rubric"",
            ""summary"": ""Quality checks used to evaluate generated draft text and metadata."",
            ""trust_level"": ""system"",
            ""uri"": null,
            ""metadata"": {
              ""title_quality"": ""Title is specific to the requested artifact or workflow."",
              ""summary_quality"": ""Summary is not generic and explains the generated draft's project fit."",
              ""metadata_quality"": ""Registry metadata and materialized outputs match project schemas."",
              ""risk_quality"": ""Risks and assumptions are concrete enough for user review."",
              ""reference_quality"": ""Internal references are summarized, traceable, and not copied raw into prompts.""
            },
            ""content_hash"": null,
            ""tags"": [],
            ""created_at"": ""2026-05-05T20:17:23.443694""
          },
          {
            ""reference_id"": ""ref_system_mlflow_tracking"",
            ""source_type"": ""mlflow_tracking"",
            ""name"": ""assistant/amanaje_slm"",
            ""summary"": ""Assistant model versions, evals, training examples, and promotion reports are tracked in MLflow."",
            ""trust_level"": ""system"",
            ""uri"": ""assistant/amanaje_slm"",
            ""metadata"": {
              ""experiment_name"": ""assistant/amanaje_slm"",
              ""evaluation_profile"": ""assistant-golden-v1"",
              ""context_pack_version"": ""assistant-context-pack-v1""
            },
            ""content_hash"": null,
            ""tags"": [],
            ""created_at"": ""2026-05-05T20:17:23.443712""
          },
          {
            ""reference_id"": ""ref_runtime_assistant_reference_snapshot"",
            ""source_type"": ""runtime_context"",
            ""name"": ""assistant_reference_snapshot"",
            ""summary"": ""keys: eval_dir, interactions_path, recent_evals, recent_examples, source_type"",
            ""trust_level"": ""runtime"",
            ""uri"": null,
            ""metadata"": {
              ""source_type"": ""assistant_reference_snapshot"",
              ""interactions_path"": ""/app/runtime_artifacts/assistant_datasets/interactions.jsonl"",
              ""eval_dir"": ""/app/runtime_artifacts/assistant_evals"",
              ""recent_examples"": [
                {
                  ""label"": ""positive"",
                  ""workflow_type"": ""model_generation"",
                  ""provider"": ""assistant_model_28"",
                  ""model_version"": ""registry-assistant-draft-0.1"",
                  ""context_pack_hash"": ""5924cc0d09d219f3f12ab7122e89dc3507c2ac568b5a10f9702aff026e91389d"",
                  ""review_status"": ""approved""
                },
                {
                  ""label"": ""corrected"",
                  ""workflow_type"": ""model_generation"",
                  ""provider"": ""assistant_model_28"",
                  ""model_version"": ""registry-assistant-draft-0.1"",
                  ""context_pack_hash"": ""5924cc0d09d219f3f12ab7122e89dc3507c2ac568b5a10f9702aff026e91389d"",
                  ""review_status"": ""approved""
                },
                {
                  ""label"": ""negative"",
                  ""workflow_type"": ""registry_object"",
                  ""provider"": ""assistant_model_28"",
                  ""model_version"": ""registry-assistant-draft-0.1"",
                  ""context_pack_hash"": ""f3817d549536a989c8e7cbc6873783e980359c0bf7fd3750d74c768b8d90cbad"",
                  ""review_status"": ""needs_revision""
                }
              ],
              ""recent_evals"": [
                {
                  ""file"": ""assistant_golden_eval_20260504033635.json"",
                  ""draft_type"": null,
                  ""passed"": true,
                  ""evaluation_profile"": ""assistant-golden-v1""
                },
                {
                  ""file"": ""draft_688139d63d24_eval.json"",
                  ""draft_type"": ""registry_object"",
                  ""passed"": true,
                  ""evaluation_profile"": ""assistant-golden-v1""
                },
                {
                  ""file"": ""draft_e2f086b16407_eval.json"",
                  ""draft_type"": ""registry_object"",
                  ""passed"": false,
                  ""evaluation_profile"": ""assistant-golden-v1""
                }
              ]
            },
            ""content_hash"": null,
            ""tags"": [],
            ""created_at"": ""2026-05-05T20:17:23.443799""
          }
        ],
        ""reference_pack_id"": ""refpack_8cdc55a9c0e9"",
        ""reference_pack_hash"": ""063c06516b4ca108154d116a2044645e30e5b84b7ae2acc0d03cd49eefe6c0ba"",
        ""selected_reference_ids"": [
          ""ref_system_project_schema_feature_operations"",
          ""ref_system_safety_feature_operations"",
          ""ref_system_alignment_contracts"",
          ""ref_system_prompt_feature_operations"",
          ""ref_system_writing_guide"",
          ""ref_system_quality_rubric"",
          ""ref_system_mlflow_tracking"",
          ""ref_runtime_assistant_reference_snapshot""
        ],
        ""reference_trust_levels"": {
          ""ref_system_project_schema_feature_operations"": ""system"",
          ""ref_system_safety_feature_operations"": ""system"",
          ""ref_system_alignment_contracts"": ""system"",
          ""ref_system_prompt_feature_operations"": ""system"",
          ""ref_system_writing_guide"": ""system"",
          ""ref_system_quality_rubric"": ""system"",
          ""ref_system_mlflow_tracking"": ""system"",
          ""ref_runtime_assistant_reference_snapshot"": ""runtime""
        },
        ""compact_summary"": ""target=feature_operations; form_keys=datasetId; references=8"",
        ""pack_hash"": ""e5a6b46c027dec7dd571068066a750ed682a5d69ce3263714ffdc6e45fa08c67"",
        ""created_at"": ""2026-05-05T20:17:23.444769""
      }
    },
    ""assistant_model_registry_payload

[TRUNCATED: original_length=35363]","{
  ""status"": ""approved"",
  ""approved"": true,
  ""safety"": {
    ""ok"": true,
    ""risk_level"": ""none"",
    ""profile"": ""feature_operations"",
    ""violations"": [],
    ""warnings"": [],
    ""allowed_imports"": [
      ""datetime"",
      ""math"",
      ""numpy"",
      ""pandas"",
      ""random"",
      ""sklearn"",
      ""statistics""
    ],
    ""allowed_dependencies"": [],
    ""blocked_names"": [
      ""__import__"",
      ""breakpoint"",
      ""compile"",
      ""delattr"",
      ""dir"",
      ""eval"",
      ""exec"",
      ""getattr"",
      ""globals"",
      ""input"",
      ""locals"",
      ""open"",
      ""setattr"",
      ""vars""
    ],
    ""materialized_output_checks"": {}
  },
  ""messages"": [],
  ""required_actions"": [],
  ""reviewed_at"": ""2026-05-05T20:17:23.472542""
}",{},"{
  ""status"": ""completed"",
  ""stage"": ""reviewed"",
  ""metric_count"": 4,
  ""artifact_count"": 0
}",1,1.0
assistant_run,positive,assistant,make a dataset about keyboards,f83065a7e2e7cc64d2a6a9af4db7b25e49843de2b485d8a6aadae5361492c7da,,,{},,,"{
  ""draft_id"": ""draft_b06eaa7073a1"",
  ""session_id"": null,
  ""draft_type"": ""registry_object"",
  ""title"": ""DatasetModel Draft"",
  ""summary"": ""Prepares registry metadata for review before the user submits the manual create form."",
  ""prompt"": ""make a dataset about keyboards"",
  ""status"": ""draft"",
  ""provider"": ""amanaje_slm"",
  ""created_at"": ""2026-05-01T19:12:06.379206"",
  ""code"": null,
  ""operations"": [],
  ""registry_payload"": {
    ""name"": ""assistant_datasetmodel"",
    ""description"": ""DatasetModel drafted by the Amanaje assistant."",
    ""size"": 0.0,
    ""date"": null,
    ""version"": 1,
    ""history"": [
      {
        ""operation"": ""assistant_draft""
      }
    ],
    ""object_type"": ""dataset"",
    ""path"": ""data/datasets/artifact.csv"",
    ""dataset_type"": ""dataset"",
    ""shape"": [
      100,
      4
    ],
    ""has_features"": false,
    ""features_list"": [
      ""feature_a"",
      ""feature_b"",
      ""segment"",
      ""target""
    ],
    ""connection_string"": """"
  },
  ""registry_type"": ""DatasetModel"",
  ""form_payload"": {
    ""name"": ""assistant_datasetmodel"",
    ""description"": ""DatasetModel drafted by the Amanaje assistant."",
    ""size"": 0.0,
    ""date"": null,
    ""version"": 1,
    ""history"": [
      {
        ""operation"": ""assistant_draft""
      }
    ],
    ""object_type"": ""dataset"",
    ""path"": ""data/datasets/artifact.csv"",
    ""dataset_type"": ""dataset"",
    ""shape"": [
      100,
      4
    ],
    ""has_features"": false,
    ""features_list"": [
      ""feature_a"",
      ""feature_b"",
      ""segment"",
      ""target""
    ],
    ""connection_string"": """"
  },
  ""training_request"": {},
  ""study_request"": {},
  ""execution_profile"": ""registry_object"",
  ""materialized_outputs"": [
    ""registry_payload""
  ],
  ""artifacts"": {
    ""context_pack"": {
      ""id"": ""ctx_0b82b58a47a3"",
      ""hash"": ""f83065a7e2e7cc64d2a6a9af4db7b25e49843de2b485d8a6aadae5361492c7da"",
      ""version"": ""assistant-context-pack-v1"",
      ""payload"": {
        ""context_pack_id"": ""ctx_0b82b58a47a3"",
        ""version"": ""assistant-context-pack-v1"",
        ""prompt"": ""make a dataset about keyboards"",
        ""workflow_goal"": null,
        ""target_type"": ""registry_object"",
        ""provider"": ""amanaje_slm"",
        ""registry_type"": ""DatasetModel"",
        ""form_values"": {
          ""dataset_id"": 1,
          ""registryType"": ""DatasetModel""
        },
        ""constraints"": {},
        ""safety_profile"": ""registry_object"",
        ""allowed_imports"": [],
        ""allowed_dependencies"": [],
        ""content_references"": [
          {
            ""reference_id"": ""ref_28bbb956054a"",
            ""source_type"": ""project_schema"",
            ""name"": ""assistant_workflow_draft"",
            ""summary"": ""WorkflowDraft is the structured output contract for assistant providers."",
            ""trust_level"": ""project"",
            ""uri"": null,
            ""metadata"": {
              ""target_type"": ""registry_object""
            },
            ""created_at"": ""2026-05-01T19:12:06.373852""
          },
          {
            ""reference_id"": ""ref_106c1ee2a4b4"",
            ""source_type"": ""safety_profile"",
            ""name"": ""registry_object"",
            ""summary"": ""Allowed imports, dependencies, and required outputs for assistant-reviewed code."",
            ""trust_level"": ""project"",
            ""uri"": null,
            ""metadata"": {
              ""allowed_imports"": [],
              ""allowed_dependencies"": [],
              ""required_outputs"": []
            },
            ""created_at"": ""2026-05-01T19:12:06.373995""
          },
          {
            ""reference_id"": ""ref_4db00d960c5c"",
            ""source_type"": ""registry_schema"",
            ""name"": ""DatasetModel"",
            ""summary"": ""Manual registry payload target: DatasetModel."",
            ""trust_level"": ""project"",
            ""uri"": null,
            ""metadata"": {
              ""registry_type"": ""DatasetModel""
            },
            ""created_at"": ""2026-05-01T19:12:06.374108""
          }
        ],
        ""compact_summary"": ""target=registry_object; registry_type=DatasetModel; form_keys=dataset_id,registryType; references=3"",
        ""pack_hash"": ""f83065a7e2e7cc64d2a6a9af4db7b25e49843de2b485d8a6aadae5361492c7da"",
        ""created_at"": ""2026-05-01T19:12:06.375928""
      }
    },
    ""assistant_model_registry_payload"": {
      ""name"": ""amanaje_slm_assistant"",
      ""description"": ""Private assistant model service used by Painel Amanaje."",
      ""object_type"": ""learning_model"",
      ""size"": 0,
      ""path"": ""runtime_artifacts/assistant_models/amanaje_slm"",
      ""version"": ""amanaje-slm-bootstrap-0.1"",
      ""model_type"": ""assistant_llm_adapter"",
      ""parameters"": {
        ""provider"": ""amanaje_slm"",
        ""base_model_name"": ""local-workflow-template"",
        ""prompt_template_version"": ""amanaje-assistant-template-v1"",
        ""context_pack_version"": ""assistant-context-pack-v1"",
        ""safety_profile_version"": ""assistant-safety-v1""
      },
      ""metrics"": {
        ""evaluation_profile"": ""assistant-golden-v1"",
        ""evaluation_score"": null
      },
      ""reference_data"": ""runtime_artifacts/assistant_datasets/interactions.jsonl"",
      ""input_features"": [
        ""prompt"",
        ""context_pack"",
        ""target_type""
      ],
      ""output_features"": [
        ""workflow_draft""
      ],
      ""is_trained"": false,
      ""is_tested"": false,
      ""is_deployed"": false,
      ""history"": [
        {
          ""operation"": ""assistant_model_registered_payload""
        }
      ]
    }
  },
  ""assumptions"": [
    ""The target registry route will perform final Pydantic and ORM validation.""
  ],
  ""risks"": [
    ""References to datasets, models, or studies must exist before the object can be saved.""
  ],
  ""context"": {
    ""registryType"": ""DatasetModel"",
    ""name"": """",
    ""description"": """",
    ""path"": ""data/datasets/artifact.csv"",
    ""size"": 0,
    ""version"": 1,
    ""dataset_type"": ""dataset"",
    ""has_features"": false,
    ""connection_string"": """",
    ""model_type"": ""learning_model"",
    ""reference_data"": """",
    ""is_trained"": false,
    ""is_tested"": false,
    ""is_deployed"": false,
    ""learning_model_id"": 1,
    ""dataset_id"": 1,
    ""sampler"": """",
    ""objective"": """"
  },
  ""next_actions"": [
    ""Review metadata"",
    ""Approve persistence"",
    ""Check dependency report before deletion""
  ],
  ""model_version"": ""amanaje-slm-bootstrap-0.1"",
  ""prompt_template_version"": ""amanaje-assistant-template-v1"",
  ""context_pack_id"": ""ctx_0b82b58a47a3"",
  ""context_pack_hash"": ""f83065a7e2e7cc64d2a6a9af4db7b25e49843de2b485d8a6aadae5361492c7da"",
  ""evaluation_profile"": ""assistant-golden-v1"",
  ""generation_provenance"": {
    ""source_type"": ""assistant"",
    ""provider"": ""amanaje_slm"",
    ""model_version"": ""amanaje-slm-bootstrap-0.1"",
    ""prompt_template_version"": ""amanaje-assistant-template-v1"",
    ""context_pack_id"": ""ctx_0b82b58a47a3"",
    ""context_pack_hash"": ""f83065a7e2e7cc64d2a6a9af4db7b25e49843de2b485d8a6aadae5361492c7da"",
    ""fallback_provider"": ""local"",
    ""created_at"": ""2026-05-01T19:12:06.379861""
  },
  ""provider_metadata"": {
    ""provider"": ""amanaje_slm"",
    ""base_model_name"": ""local-workflow-template"",
    ""adapter_path"": ""runtime_artifacts/assistant_models/amanaje_slm"",
    ""context_pack_version"": ""assistant-context-pack-v1"",
    ""safety_profile_version"": ""assistant-safety-v1"",
    ""allowed_dependencies"": [],
    ""fallback_provider"": ""local"",
    ""latency_ms"": 6.662,
    ""cache_hit"": false,
    ""runtime"": ""bootstrap"",
    ""fallback_reason"": ""No external SLM runtime is configured; using deterministic local fallback."",
    ""serving_mode"": ""separate-service-ready"",
    ""slm_config"": {
      ""enabled"": false,
      ""base_url"": ""http://localhost:8000/v1"",
      ""model_name"": ""amanaje-assistant"",
      ""timeout_seconds"": 20.0,
      ""max_tokens"": ""[REDACTED]"",
      ""api_key_configured"": ""[REDACTED]"",
      ""model_version"": ""amanaje-slm-bootstrap-0.1""
    }
  }
}","{
  ""status"": ""approved"",
  ""approved"": true,
  ""safety"": {
    ""ok"": true,
    ""risk_level"": ""none"",
    ""profile"": ""registry_object"",
    ""violations"": [],
    ""warnings"": [],
    ""allowed_imports"": [
      ""datetime"",
      ""math"",
      ""numpy"",
      ""pandas"",
      ""random"",
      ""sklearn"",
      ""statistics""
    ],
    ""allowed_dependencies"": [],
    ""blocked_names"": [
      ""__import__"",
      ""breakpoint"",
      ""compile"",
      ""delattr"",
      ""dir"",
      ""eval"",
      ""exec"",
      ""getattr"",
      ""globals"",
      ""input"",
      ""locals"",
      ""open"",
      ""setattr"",
      ""vars""
    ],
    ""materialized_output_checks"": {}
  },
  ""messages"": [],
  ""required_actions"": [],
  ""reviewed_at"": ""2026-05-01T19:12:06.383052""
}",{},"{
  ""status"": ""completed"",
  ""stage"": ""reviewed"",
  ""metric_count"": 2,
  ""artifact_count"": 0
}",1,1.0
assistant_run,positive,assistant,,,,,{},,,{},{},{},"{
  ""status"": ""completed"",
  ""stage"": ""executed"",
  ""metric_count"": 2,
  ""artifact_count"": 0
}",1,1.0
assistant_run,positive,assistant,make a dataset about keyboards,e7fa40deafe786b74feda567ec5c0cd3b8c8697ac99770da9211b5f797ce7908,,,{},,,"{
  ""draft_id"": ""draft_6025bf012ca7"",
  ""session_id"": null,
  ""draft_type"": ""model_generation"",
  ""title"": ""Generated Model Draft"",
  ""summary"": ""Creates a scikit-learn joblib artifact and matching LearningModel metadata for the Create workspace."",
  ""prompt"": ""make a dataset about keyboards"",
  ""status"": ""draft"",
  ""provider"": ""amanaje_slm"",
  ""created_at"": ""2026-05-02T19:13:04.795098"",
  ""code"": ""# Assistant model draft\n# make a dataset about keyboards\n\nimport base64\nimport io\nimport joblib\nfrom sklearn.ensemble import RandomForestRegressor\n\nmodel = RandomForestRegressor(n_estimators=80, random_state=42)\nbuffer = io.BytesIO()\njoblib.dump(model, buffer)\nbuffer.seek(0)\n\njoblib_bytes = base64.b64encode(buffer.getvalue()).decode(\""utf-8\"")\nname = \""assistant_generated_model\""\ndescription = \""Scikit-learn model artifact drafted by the Amanaje assistant.\""\nobject_type = \""learning_model\""\npath = \""generated/assistant_generated_model.joblib\""\nversion = 1\nmodel_type = \""supervised_model\""\nparameters = {\""framework\"": \""sklearn\"", \""estimator_class\"": \""RandomForestRegressor\"", \""n_estimators\"": 80, \""random_state\"": 42}\nmetrics = {\""task\"": \""regression\"", \""status\"": \""untrained_template\""}\nreference_data = \""assistant_generated_dataset.csv\""\ninput_features = [\""feature_a\"", \""feature_b\""]\noutput_features = [\""target\""]\nis_trained = False\nis_tested = False\nis_deployed = False"",
  ""operations"": [],
  ""registry_payload"": {},
  ""registry_type"": null,
  ""form_payload"": {},
  ""training_request"": {},
  ""study_request"": {},
  ""execution_profile"": ""model_generation"",
  ""materialized_outputs"": [
    ""joblib_bytes"",
    ""name"",
    ""parameters"",
    ""metrics"",
    ""input_features"",
    ""output_features""
  ],
  ""artifacts"": {
    ""context_pack"": {
      ""id"": ""ctx_581d3eb42362"",
      ""hash"": ""e7fa40deafe786b74feda567ec5c0cd3b8c8697ac99770da9211b5f797ce7908"",
      ""version"": ""assistant-context-pack-v1"",
      ""payload"": {
        ""context_pack_id"": ""ctx_581d3eb42362"",
        ""version"": ""assistant-context-pack-v1"",
        ""prompt"": ""make a dataset about keyboards"",
        ""workflow_goal"": null,
        ""target_type"": ""model_generation"",
        ""provider"": ""amanaje_slm"",
        ""registry_type"": null,
        ""form_values"": {},
        ""constraints"": {},
        ""safety_profile"": ""model_generation"",
        ""allowed_imports"": [
          ""base64"",
          ""io"",
          ""joblib"",
          ""numpy"",
          ""pandas"",
          ""sklearn""
        ],
        ""allowed_dependencies"": [
          ""joblib"",
          ""numpy"",
          ""pandas"",
          ""scikit-learn""
        ],
        ""content_references"": [
          {
            ""reference_id"": ""ref_4643133ec056"",
            ""source_type"": ""project_schema"",
            ""name"": ""assistant_workflow_draft"",
            ""summary"": ""WorkflowDraft is the structured output contract for assistant providers."",
            ""trust_level"": ""project"",
            ""uri"": null,
            ""metadata"": {
              ""target_type"": ""model_generation""
            },
            ""created_at"": ""2026-05-02T19:13:04.793622""
          },
          {
            ""reference_id"": ""ref_ff3b04d78f67"",
            ""source_type"": ""safety_profile"",
            ""name"": ""model_generation"",
            ""summary"": ""Allowed imports, dependencies, and required outputs for assistant-reviewed code."",
            ""trust_level"": ""project"",
            ""uri"": null,
            ""metadata"": {
              ""allowed_imports"": [
                ""io"",
                ""sklearn"",
                ""numpy"",
                ""joblib"",
                ""base64"",
                ""pandas""
              ],
              ""allowed_dependencies"": [
                ""joblib"",
                ""scikit-learn"",
                ""numpy"",
                ""pandas""
              ],
              ""required_outputs"": [
                ""joblib_bytes""
              ]
            },
            ""created_at"": ""2026-05-02T19:13:04.793684""
          }
        ],
        ""compact_summary"": ""target=model_generation; references=2"",
        ""pack_hash"": ""e7fa40deafe786b74feda567ec5c0cd3b8c8697ac99770da9211b5f797ce7908"",
        ""created_at"": ""2026-05-02T19:13:04.793835""
      }
    },
    ""assistant_model_registry_payload"": {
      ""name"": ""amanaje_slm_assistant"",
      ""description"": ""Private assistant model service used by Painel Amanaje."",
      ""object_type"": ""learning_model"",
      ""size"": 0,
      ""path"": ""runtime_artifacts/assistant_models/amanaje_slm"",
      ""version"": ""amanaje-slm-bootstrap-0.1"",
      ""model_type"": ""assistant_llm_adapter"",
      ""parameters"": {
        ""provider"": ""amanaje_slm"",
        ""base_model_name"": ""local-workflow-template"",
        ""prompt_template_version"": ""amanaje-assistant-template-v1"",
        ""context_pack_version"": ""assistant-context-pack-v1"",
        ""safety_profile_version"": ""assistant-safety-v1""
      },
      ""metrics"": {
        ""evaluation_profile"": ""assistant-golden-v1"",
        ""evaluation_score"": null
      },
      ""reference_data"": ""runtime_artifacts/assistant_datasets/interactions.jsonl"",
      ""input_features"": [
        ""prompt"",
        ""context_pack"",
        ""target_type""
      ],
      ""output_features"": [
        ""workflow_draft""
      ],
      ""is_trained"": false,
      ""is_tested"": false,
      ""is_deployed"": false,
      ""history"": [
        {
          ""operation"": ""assistant_model_registered_payload""
        }
      ]
    }
  },
  ""assumptions"": [
    ""The first assistant-generated model artifact is a scikit-learn joblib template."",
    ""The generated artifact is intended for registry creation, not immediate production deployment.""
  ],
  ""risks"": [
    ""The model is not trained until it is paired with a dataset and submitted to the training workflow.""
  ],
  ""context"": {
    ""operationId"": ""models"",
    ""existing_metadata"": {
      ""name"": ""assistant_generated_dataset"",
      ""description"": ""Dataset drafted by the Amanaje assistant."",
      ""object_type"": ""dataset"",
      ""dataset_type"": ""dataset"",
      ""version"": 1,
      ""connection_string"": """"
    }
  },
  ""next_actions"": [
    ""Review safety report"",
    ""Run through guarded execution"",
    ""Create the model through the existing upload backend""
  ],
  ""model_version"": ""amanaje-slm-bootstrap-0.1"",
  ""prompt_template_version"": ""amanaje-assistant-template-v1"",
  ""context_pack_id"": ""ctx_581d3eb42362"",
  ""context_pack_hash"": ""e7fa40deafe786b74feda567ec5c0cd3b8c8697ac99770da9211b5f797ce7908"",
  ""evaluation_profile"": ""assistant-golden-v1"",
  ""generation_provenance"": {
    ""source_type"": ""assistant"",
    ""provider"": ""amanaje_slm"",
    ""model_version"": ""amanaje-slm-bootstrap-0.1"",
    ""prompt_template_version"": ""amanaje-assistant-template-v1"",
    ""context_pack_id"": ""ctx_581d3eb42362"",
    ""context_pack_hash"": ""e7fa40deafe786b74feda567ec5c0cd3b8c8697ac99770da9211b5f797ce7908"",
    ""fallback_provider"": ""local"",
    ""created_at"": ""2026-05-02T19:13:04.857124""
  },
  ""provider_metadata"": {
    ""provider"": ""amanaje_slm"",
    ""base_model_name"": ""local-workflow-template"",
    ""adapter_path"": ""runtime_artifacts/assistant_models/amanaje_slm"",
    ""context_pack_version"": ""assistant-context-pack-v1"",
    ""safety_profile_version"": ""assistant-safety-v1"",
    ""allowed_dependencies"": [
      ""joblib"",
      ""numpy"",
      ""pandas"",
      ""scikit-learn""
    ],
    ""fallback_provider"": ""local"",
    ""latency_ms"": 63.456,
    ""cache_hit"": false,
    ""runtime"": ""bootstrap"",
    ""fallback_reason"": ""No external SLM runtime is configured; using deterministic local fallback."",
    ""serving_mode"": ""separate-service-ready"",
    ""slm_config"": {
      ""enabled"": false,
      ""base_url"": ""http://localhost:8000/v1"",
      ""model_name"": ""amanaje-assistant"",
      ""timeout_seconds"": 20.0,
      ""max_tokens"": ""[REDACTED]"",
      ""api_key_configured"": ""[REDACTED]"",
      ""model_version"": ""amanaje-slm-bootstrap-0.1""
    }
  }
}","{
  ""status"": ""approved"",
  ""approved"": true,
  ""safety"": {
    ""ok"": true,
    ""risk_level"": ""low"",
    ""profile"": ""model_generation"",
    ""violations"": [],
    ""warnings"": [],
    ""allowed_imports"": [
      ""base64"",
      ""io"",
      ""joblib"",
      ""numpy"",
      ""pandas"",
      ""sklearn""
    ],
    ""allowed_dependencies"": [
      ""joblib"",
      ""numpy"",
      ""pandas"",
      ""scikit-learn""
    ],
    ""blocked_names"": [
      ""__import__"",
      ""breakpoint"",
      ""compile"",
      ""delattr"",
      ""dir"",
      ""eval"",
      ""exec"",
      ""getattr"",
      ""globals"",
      ""input"",
      ""locals"",
      ""open"",
      ""setattr"",
      ""vars""
    ],
    ""materialized_output_checks"": {
      ""joblib_bytes"": true
    }
  },
  ""messages"": [
    ""Model code is review-safe and ready for guarded execution.""
  ],
  ""required_actions"": [],
  ""reviewed_at"": ""2026-05-02T19:13:04.935167""
}",{},"{
  ""status"": ""completed"",
  ""stage"": ""reviewed"",
  ""metric_count"": 2,
  ""artifact_count"": 0
}",1,1.0
assistant_run,positive,assistant,something,ee2ac51e53fb3f6d97bccf960162805f8cab2d8d78a1f79787439b909454342b,,,{},,,"{
  ""draft_id"": ""draft_cbf487d5d426"",
  ""session_id"": null,
  ""draft_type"": ""dataset_generation"",
  ""title"": ""Generated Dataset Draft"",
  ""summary"": ""Creates a tabular dataset and exposes it as csv_text for the existing upload/create flow."",
  ""prompt"": ""something"",
  ""status"": ""draft"",
  ""provider"": ""assistant_model_28"",
  ""created_at"": ""2026-05-03T13:34:19.418687"",
  ""code"": ""# Assistant dataset draft\n# something\n\nimport numpy as np\nimport pandas as pd\n\nrng = np.random.default_rng(42)\nrow_count = 100\ndf = pd.DataFrame({\n    \""feature_a\"": rng.normal(10, 2, row_count).round(4),\n    \""feature_b\"": rng.integers(0, 5, row_count),\n    \""segment\"": rng.choice([\""baseline\"", \""growth\"", \""risk\""], row_count),\n})\ndf[\""target\""] = (df[\""feature_a\""] * 0.7 + df[\""feature_b\""] * 1.5 + rng.normal(0, 0.5, row_count)).round(4)\n\ncsv_text = df.to_csv(index=False)\nname = \""assistant_generated_dataset\""\ndescription = \""Dataset drafted by the Amanaje assistant.\""\nobject_type = \""dataset\""\ndataset_type = \""dataset\""\nversion = 1\nconnection_string = \""\"""",
  ""operations"": [],
  ""registry_payload"": {},
  ""registry_type"": null,
  ""form_payload"": {},
  ""training_request"": {},
  ""study_request"": {},
  ""execution_profile"": ""dataset_generation"",
  ""materialized_outputs"": [
    ""csv_text"",
    ""name"",
    ""description"",
    ""object_type"",
    ""dataset_type""
  ],
  ""artifacts"": {
    ""context_pack"": {
      ""id"": ""ctx_e911621c07ce"",
      ""hash"": ""ee2ac51e53fb3f6d97bccf960162805f8cab2d8d78a1f79787439b909454342b"",
      ""version"": ""assistant-context-pack-v1"",
      ""payload"": {
        ""context_pack_id"": ""ctx_e911621c07ce"",
        ""version"": ""assistant-context-pack-v1"",
        ""prompt"": ""something"",
        ""workflow_goal"": null,
        ""target_type"": ""dataset_generation"",
        ""provider"": ""assistant_model_28"",
        ""registry_type"": null,
        ""form_values"": {},
        ""constraints"": {
          ""max_references"": 8
        },
        ""safety_profile"": ""dataset_generation"",
        ""allowed_imports"": [
          ""datetime"",
          ""math"",
          ""numpy"",
          ""pandas"",
          ""random"",
          ""statistics""
        ],
        ""allowed_dependencies"": [
          ""numpy"",
          ""pandas""
        ],
        ""content_references"": [
          {
            ""reference_id"": ""ref_system_project_schema_dataset_generation"",
            ""source_type"": ""project_schema"",
            ""name"": ""assistant_workflow_draft"",
            ""summary"": ""WorkflowDraft is the structured output contract for assistant providers."",
            ""trust_level"": ""system"",
            ""uri"": null,
            ""metadata"": {
              ""target_type"": ""dataset_generation""
            },
            ""content_hash"": null,
            ""tags"": [],
            ""created_at"": ""2026-05-03T13:33:59.395277""
          },
          {
            ""reference_id"": ""ref_system_safety_dataset_generation"",
            ""source_type"": ""safety_profile"",
            ""name"": ""dataset_generation"",
            ""summary"": ""Allowed imports, dependencies, and required outputs for assistant-reviewed code."",
            ""trust_level"": ""system"",
            ""uri"": null,
            ""metadata"": {
              ""allowed_imports"": [
                ""numpy"",
                ""random"",
                ""pandas"",
                ""statistics"",
                ""datetime"",
                ""math""
              ],
              ""allowed_dependencies"": [
                ""numpy"",
                ""pandas""
              ],
              ""required_outputs"": [
                ""csv_text""
              ]
            },
            ""content_hash"": null,
            ""tags"": [],
            ""created_at"": ""2026-05-03T13:33:59.395340""
          },
          {
            ""reference_id"": ""ref_system_alignment_contracts"",
            ""source_type"": ""alignment_contracts"",
            ""name"": ""assistant_alignment_contracts"",
            ""summary"": ""The five alignment contracts that every private assistant draft is evaluated against."",
            ""trust_level"": ""system"",
            ""uri"": null,
            ""metadata"": {
              ""output_alignment"": ""Every response must validate as WorkflowDraft and include the required workflow outputs."",
              ""safety_alignment"": ""Generated code must pass assistant_safety.py before approval or execution."",
              ""registry_alignment"": ""Registry drafts must map to the supported manual registry object payloads."",
              ""dependency_alignment"": ""Drafted code must stay inside allowed imports, dependencies, and artifact formats."",
              ""mlflow_alignment"": ""Drafts, evals, context packs, prompt versions, and model versions must be traceable.""
            },
            ""content_hash"": null,
            ""tags"": [],
            ""created_at"": ""2026-05-03T13:33:59.395366""
          },
          {
            ""reference_id"": ""ref_system_prompt_dataset_generation"",
            ""source_type"": ""prompt_template"",
            ""name"": ""amanaje-assistant-template-v1"",
            ""summary"": ""Draft safe Python code that creates synthetic tabular data and exposes csv_text plus dataset metadata. Use only allowed dependencies, align names with trusted internal references, and never write files."",
            ""trust_level"": ""system"",
            ""uri"": null,
            ""metadata"": {
              ""prompt_template_version"": ""amanaje-assistant-template-v1""
            },
            ""content_hash"": null,
            ""tags"": [],
            ""created_at"": ""2026-05-03T13:33:59.395388""
          },
          {
            ""reference_id"": ""ref_system_writing_guide"",
            ""source_type"": ""draft_writing_guide"",
            ""name"": ""amanaje_assistant_writing_guide"",
            ""summary"": ""Project writing guidance for draft titles, summaries, metadata, risks, assumptions, and next actions."",
            ""trust_level"": ""system"",
            ""uri"": null,
            ""metadata"": {
              ""voice"": ""Concrete, project-aware, concise, and operational."",
              ""titles"": ""Name the artifact or workflow outcome, not the assistant action."",
              ""summaries"": ""State what the draft creates, how it fits Painel Amanaje, and what remains for user approval."",
              ""metadata"": ""Prefer registry-compatible names, versions, paths, feature names, and dependency declarations."",
              ""risks"": ""Name practical limitations such as synthetic distribution mismatch, missing IDs, or untrained artifacts."",
              ""next_actions"": ""Use short workflow actions that match reviewed draft, guarded run, upload, or registry submit steps."",
              ""references"": ""Use internal reference summaries and cite their reference IDs in metadata when they shape the draft."",
              ""originality"": ""Generate project-specific assets from the request and internal references; do not copy raw reference text.""
            },
            ""content_hash"": null,
            ""tags"": [],
            ""created_at"": ""2026-05-03T13:33:59.395414""
          },
          {
            ""reference_id"": ""ref_system_quality_rubric"",
            ""source_type"": ""draft_quality_rubric"",
            ""name"": ""amanaje_assistant_quality_rubric"",
            ""summary"": ""Quality checks used to evaluate generated draft text and metadata."",
            ""trust_level"": ""system"",
            ""uri"": null,
            ""metadata"": {
              ""title_quality"": ""Title is specific to the requested artifact or workflow."",
              ""summary_quality"": ""Summary is not generic and explains the generated draft's project fit."",
              ""metadata_quality"": ""Registry metadata and materialized outputs match project schemas."",
              ""risk_quality"": ""Risks and assumptions are concrete enough for user review."",
              ""reference_quality"": ""Internal references are summarized, traceable, and not copied raw into prompts.""
            },
            ""content_hash"": null,
            ""tags"": [],
            ""created_at"": ""2026-05-03T13:33:59.395435""
          },
          {
            ""reference_id"": ""ref_system_mlflow_tracking"",
            ""source_type"": ""mlflow_tracking"",
            ""name"": ""assistant/amanaje_slm"",
            ""summary"": ""Assistant model versions, evals, training examples, and promotion reports are tracked in MLflow."",
            ""trust_level"": ""system"",
            ""uri"": ""assistant/amanaje_slm"",
            ""metadata"": {
              ""experiment_name"": ""assistant/amanaje_slm"",
              ""evaluation_profile"": ""assistant-golden-v1"",
              ""context_pack_version"": ""assistant-context-pack-v1""
            },
            ""content_hash"": null,
            ""tags"": [],
            ""created_at"": ""2026-05-03T13:33:59.395458""
          },
          {
            ""reference_id"": ""ref_runtime_assistant_reference_snapshot"",
            ""source_type"": ""runtime_context"",
            ""name"": ""assistant_reference_snapshot"",
            ""summary"": ""keys: eval_dir, interactions_path, recent_evals, recent_examples, source_type"",
            ""trust_level"": ""runtime"",
            ""uri"": null,
            ""metadata"": {
              ""source_type"": ""assistant_reference_snapshot"",
              ""interactions_path"": ""/app/runtime_artifacts/assistant_datasets/interactions.jsonl"",
              ""eval_dir"": ""/app/runtime_artifacts/assistant_evals"",
              ""recent_examples"": [],
              ""recent_evals"": [
                {
                  ""file"": ""assistant_golden_eval_20260503012524.json"",
                  ""draft_type"": null,
                  ""passed"": true,
                  ""evaluation_profile"": ""assistant-golden-v1""
                },
                {
                  ""file"": ""assistant_golden_eval_20260503012518.json"",
                  ""draft_type"": null,
                  ""passed"": true,
                  ""evaluation_profile"": ""assistant-golden-v1""
                },
                {
                  ""file"": ""assistant_golden_eval_20260503012456.json"",
                  ""draft_type"": null,
                  ""passed"": true,
                  ""evaluation_profile"": ""assistant-golden-v1""
                }
              ]
            },
            ""content_hash"": null,
            ""tags"": [],
            ""created_at"": ""2026-05-03T13:33:59.395609""
          }
        ],
        ""reference_pack_id"": ""refpack_c638ac5f9cca"",
        ""reference_pack_hash"": ""fe28185230edc9a1b199d8e6a672b25e2ee8dc15f686198abf7154bdc5ebe9d0"",
        ""selected_reference_ids"": [
          ""ref_system_project_schema_dataset_generation"",
          ""ref_system_safety_dataset_generation"",
          ""ref_system_alignment_contracts"",
          ""ref_system_prompt_dataset_generation"",
          ""ref_system_writing_guide"",
          ""ref_system_quality_rubric"",
          ""ref_system_mlflow_tracking"",
          ""ref_runtime_assistant_reference_snapshot""
        ],
        ""reference_trust_levels"": {
          ""ref_system_project_schema_dataset_generation"": ""system"",
          ""ref_system_safety_dataset_generation"": ""system"",
          ""ref_system_alignment_contracts"": ""system"",
          ""ref_system_prompt_dataset_generation"": ""system"",
          ""ref_system_writing_guide"": ""system"",
          ""ref_system_quality_rubric"": ""system"",
          ""ref_system_mlflow_tracking"": ""system"",
          ""ref_runtime_assistant_reference_snapshot"": ""runtime""
        },
        ""compact_summary"": ""target=dataset_generation; references=8"",
        ""pack_hash"": ""ee2ac51e53fb3f6d97bccf960162805f8cab2d8d78a1f79787439b909454342b"",
        ""created_at"": ""2026-05-03T13:33:59.396469""
      }
    },
    ""assistant_model_registry_payload"": {
      ""name"": ""assistant_model_28_assistant"",
      ""description"": ""Private assistant model service used by Painel Amanaje."",
      ""object_type"": ""learning_model"",
      ""size"": 0,
      ""path"": ""runtime_artifacts/assistant_models/amanaje_

[TRUNCATED: original_length=33259]","{
  ""status"": ""approved"",
  ""approved"": true,
  ""safety"": {
    ""ok"": true,
    ""risk_level"": ""low"",
    ""profile"": ""dataset_generation"",
    ""violations"": [],
    ""warnings"": [],
    ""allowed_imports"": [
      ""datetime"",
      ""math"",
      ""numpy"",
      ""pandas"",
      ""random"",
      ""statistics""
    ],
    ""allowed_dependencies"": [
      ""numpy"",
      ""pandas""
    ],
    ""blocked_names"": [
      ""__import__"",
      ""breakpoint"",
      ""compile"",
      ""delattr"",
      ""dir"",
      ""eval"",
      ""exec"",
      ""getattr"",
      ""globals"",
      ""input"",
      ""locals"",
      ""open"",
      ""setattr"",
      ""vars""
    ],
    ""materialized_output_checks"": {
      ""csv_text"": true
    }
  },
  ""messages"": [
    ""Dataset code is review-safe and ready for explicit execution approval.""
  ],
  ""required_actions"": [],
  ""reviewed_at"": ""2026-05-03T13:34:19.426635""
}",{},"{
  ""status"": ""completed"",
  ""stage"": ""reviewed"",
  ""metric_count"": 4,
  ""artifact_count"": 0
}",1,1.0
assistant_run,positive,assistant,Validate and enrich this InferenceModel registry payload before manual create.,f3817d549536a989c8e7cbc6873783e980359c0bf7fd3750d74c768b8d90cbad,,,{},,,"{
  ""draft_id"": ""draft_e2f086b16407"",
  ""session_id"": null,
  ""draft_type"": ""registry_object"",
  ""title"": ""InferenceModel Draft"",
  ""summary"": ""Prepares registry metadata for review before the user submits the manual create form."",
  ""prompt"": ""Validate and enrich this InferenceModel registry payload before manual create."",
  ""status"": ""draft"",
  ""provider"": ""assistant_model_28"",
  ""created_at"": ""2026-05-04T03:34:21.155074"",
  ""code"": null,
  ""operations"": [],
  ""registry_payload"": {
    ""name"": ""assistant_inferencemodel"",
    ""description"": ""InferenceModel drafted by the Amanaje assistant."",
    ""object_type"": ""inference_model"",
    ""path"": ""runtime_artifacts/inference/artifact.json"",
    ""size"": 0,
    ""version"": 1,
    ""history"": [
      {
        ""operation"": ""assistant_draft""
      }
    ],
    ""learning_model_id"": 0,
    ""dataset_id"": 1,
    ""input_features"": [
      ""feature_a"",
      ""feature_b""
    ],
    ""output_features"": [
      ""target""
    ],
    ""inference_params"": {
      ""status"": ""draft"",
      ""source"": ""assistant""
    }
  },
  ""registry_type"": ""InferenceModel"",
  ""form_payload"": {
    ""name"": ""assistant_inferencemodel"",
    ""description"": ""InferenceModel drafted by the Amanaje assistant."",
    ""object_type"": ""inference_model"",
    ""path"": ""runtime_artifacts/inference/artifact.json"",
    ""size"": 0,
    ""version"": 1,
    ""history"": [
      {
        ""operation"": ""assistant_draft""
      }
    ],
    ""learning_model_id"": 0,
    ""dataset_id"": 1,
    ""input_features"": [
      ""feature_a"",
      ""feature_b""
    ],
    ""output_features"": [
      ""target""
    ],
    ""inference_params"": {
      ""status"": ""draft"",
      ""source"": ""assistant""
    }
  },
  ""training_request"": {},
  ""study_request"": {},
  ""execution_profile"": ""registry_object"",
  ""materialized_outputs"": [
    ""registry_payload""
  ],
  ""artifacts"": {
    ""context_pack"": {
      ""id"": ""ctx_aa993866a852"",
      ""hash"": ""f3817d549536a989c8e7cbc6873783e980359c0bf7fd3750d74c768b8d90cbad"",
      ""version"": ""assistant-context-pack-v1"",
      ""payload"": {
        ""context_pack_id"": ""ctx_aa993866a852"",
        ""version"": ""assistant-context-pack-v1"",
        ""prompt"": ""Validate and enrich this InferenceModel registry payload before manual create."",
        ""workflow_goal"": null,
        ""target_type"": ""registry_object"",
        ""provider"": ""assistant_model_28"",
        ""registry_type"": ""InferenceModel"",
        ""form_values"": {
          ""name"": ""assistant_inferencemodel"",
          ""description"": ""InferenceModel drafted by the Amanaje assistant."",
          ""object_type"": ""inference_model"",
          ""path"": ""runtime_artifacts/inference/artifact.json"",
          ""size"": 0,
          ""version"": 1,
          ""history"": [
            {
              ""operation"": ""assistant_draft""
            }
          ],
          ""learning_model_id"": 0,
          ""dataset_id"": 1,
          ""input_features"": [
            ""feature_a"",
            ""feature_b""
          ],
          ""output_features"": [
            ""target""
          ],
          ""inference_params"": {
            ""status"": ""draft"",
            ""source"": ""assistant""
          }
        },
        ""constraints"": {},
        ""safety_profile"": ""registry_object"",
        ""allowed_imports"": [],
        ""allowed_dependencies"": [],
        ""content_references"": [
          {
            ""reference_id"": ""ref_system_project_schema_registry_object"",
            ""source_type"": ""project_schema"",
            ""name"": ""assistant_workflow_draft"",
            ""summary"": ""WorkflowDraft is the structured output contract for assistant providers."",
            ""trust_level"": ""system"",
            ""uri"": null,
            ""metadata"": {
              ""target_type"": ""registry_object""
            },
            ""content_hash"": null,
            ""tags"": [],
            ""created_at"": ""2026-05-04T03:34:21.149276""
          },
          {
            ""reference_id"": ""ref_system_safety_registry_object"",
            ""source_type"": ""safety_profile"",
            ""name"": ""registry_object"",
            ""summary"": ""Allowed imports, dependencies, and required outputs for assistant-reviewed code."",
            ""trust_level"": ""system"",
            ""uri"": null,
            ""metadata"": {
              ""allowed_imports"": [],
              ""allowed_dependencies"": [],
              ""required_outputs"": []
            },
            ""content_hash"": null,
            ""tags"": [],
            ""created_at"": ""2026-05-04T03:34:21.149301""
          },
          {
            ""reference_id"": ""ref_system_alignment_contracts"",
            ""source_type"": ""alignment_contracts"",
            ""name"": ""assistant_alignment_contracts"",
            ""summary"": ""The five alignment contracts that every private assistant draft is evaluated against."",
            ""trust_level"": ""system"",
            ""uri"": null,
            ""metadata"": {
              ""output_alignment"": ""Every response must validate as WorkflowDraft and include the required workflow outputs."",
              ""safety_alignment"": ""Generated code must pass assistant_safety.py before approval or execution."",
              ""registry_alignment"": ""Registry drafts must map to the supported manual registry object payloads."",
              ""dependency_alignment"": ""Drafted code must stay inside allowed imports, dependencies, and artifact formats."",
              ""mlflow_alignment"": ""Drafts, evals, context packs, prompt versions, and model versions must be traceable.""
            },
            ""content_hash"": null,
            ""tags"": [],
            ""created_at"": ""2026-05-04T03:34:21.149318""
          },
          {
            ""reference_id"": ""ref_system_prompt_registry_object"",
            ""source_type"": ""prompt_template"",
            ""name"": ""amanaje-assistant-template-v1"",
            ""summary"": ""Draft a form-ready registry payload for the selected registry type using internal schema references. Do not create the object; only return metadata."",
            ""trust_level"": ""system"",
            ""uri"": null,
            ""metadata"": {
              ""prompt_template_version"": ""amanaje-assistant-template-v1""
            },
            ""content_hash"": null,
            ""tags"": [],
            ""created_at"": ""2026-05-04T03:34:21.149336""
          },
          {
            ""reference_id"": ""ref_system_writing_guide"",
            ""source_type"": ""draft_writing_guide"",
            ""name"": ""amanaje_assistant_writing_guide"",
            ""summary"": ""Project writing guidance for draft titles, summaries, metadata, risks, assumptions, and next actions."",
            ""trust_level"": ""system"",
            ""uri"": null,
            ""metadata"": {
              ""voice"": ""Concrete, project-aware, concise, and operational."",
              ""titles"": ""Name the artifact or workflow outcome, not the assistant action."",
              ""summaries"": ""State what the draft creates, how it fits Painel Amanaje, and what remains for user approval."",
              ""metadata"": ""Prefer registry-compatible names, versions, paths, feature names, and dependency declarations."",
              ""risks"": ""Name practical limitations such as synthetic distribution mismatch, missing IDs, or untrained artifacts."",
              ""next_actions"": ""Use short workflow actions that match reviewed draft, guarded run, upload, or registry submit steps."",
              ""references"": ""Use internal reference summaries and cite their reference IDs in metadata when they shape the draft."",
              ""originality"": ""Generate project-specific assets from the request and internal references; do not copy raw reference text.""
            },
            ""content_hash"": null,
            ""tags"": [],
            ""created_at"": ""2026-05-04T03:34:21.149352""
          },
          {
            ""reference_id"": ""ref_system_quality_rubric"",
            ""source_type"": ""draft_quality_rubric"",
            ""name"": ""amanaje_assistant_quality_rubric"",
            ""summary"": ""Quality checks used to evaluate generated draft text and metadata."",
            ""trust_level"": ""system"",
            ""uri"": null,
            ""metadata"": {
              ""title_quality"": ""Title is specific to the requested artifact or workflow."",
              ""summary_quality"": ""Summary is not generic and explains the generated draft's project fit."",
              ""metadata_quality"": ""Registry metadata and materialized outputs match project schemas."",
              ""risk_quality"": ""Risks and assumptions are concrete enough for user review."",
              ""reference_quality"": ""Internal references are summarized, traceable, and not copied raw into prompts.""
            },
            ""content_hash"": null,
            ""tags"": [],
            ""created_at"": ""2026-05-04T03:34:21.149369""
          },
          {
            ""reference_id"": ""ref_system_mlflow_tracking"",
            ""source_type"": ""mlflow_tracking"",
            ""name"": ""assistant/amanaje_slm"",
            ""summary"": ""Assistant model versions, evals, training examples, and promotion reports are tracked in MLflow."",
            ""trust_level"": ""system"",
            ""uri"": ""assistant/amanaje_slm"",
            ""metadata"": {
              ""experiment_name"": ""assistant/amanaje_slm"",
              ""evaluation_profile"": ""assistant-golden-v1"",
              ""context_pack_version"": ""assistant-context-pack-v1""
            },
            ""content_hash"": null,
            ""tags"": [],
            ""created_at"": ""2026-05-04T03:34:21.149387""
          },
          {
            ""reference_id"": ""ref_system_registry_InferenceModel"",
            ""source_type"": ""registry_schema"",
            ""name"": ""InferenceModel"",
            ""summary"": ""Manual registry payload target: InferenceModel."",
            ""trust_level"": ""system"",
            ""uri"": null,
            ""metadata"": {
              ""registry_type"": ""InferenceModel""
            },
            ""content_hash"": null,
            ""tags"": [],
            ""created_at"": ""2026-05-04T03:34:21.149434""
          },
          {
            ""reference_id"": ""ref_runtime_assistant_reference_snapshot"",
            ""source_type"": ""runtime_context"",
            ""name"": ""assistant_reference_snapshot"",
            ""summary"": ""keys: eval_dir, interactions_path, recent_evals, recent_examples, source_type"",
            ""trust_level"": ""runtime"",
            ""uri"": null,
            ""metadata"": {
              ""source_type"": ""assistant_reference_snapshot"",
              ""interactions_path"": ""/app/runtime_artifacts/assistant_datasets/interactions.jsonl"",
              ""eval_dir"": ""/app/runtime_artifacts/assistant_evals"",
              ""recent_examples"": [
                {
                  ""label"": ""positive"",
                  ""workflow_type"": ""model_generation"",
                  ""provider"": ""assistant_model_28"",
                  ""model_version"": ""registry-assistant-draft-0.1"",
                  ""context_pack_hash"": ""5924cc0d09d219f3f12ab7122e89dc3507c2ac568b5a10f9702aff026e91389d"",
                  ""review_status"": ""approved""
                },
                {
                  ""label"": ""corrected"",
                  ""workflow_type"": ""model_generation"",
                  ""provider"": ""assistant_model_28"",
                  ""model_version"": ""registry-assistant-draft-0.1"",
                  ""context_pack_hash"": ""5924cc0d09d219f3f12ab7122e89dc3507c2ac568b5a10f9702aff026e91389d"",
                  ""review_status"": ""approved""
                }
              ],
              ""recent_evals"": [
                {
                  ""file"": ""draft_a5af108cf892_eval.json"",
                  ""draft_type"": ""registry_object"",
                  ""passed"": true,
                  ""evaluation_profile"": ""assistant-golden-v1""
                },
                {
                  ""file"": ""assistant_golden_eval_20260503133748.json"",
                  ""draft_type"": null,
                  ""passed"": true,
                  ""evaluation_profile"": ""assis

[TRUNCATED: original_length=36892]","{
  ""status"": ""needs_revision"",
  ""approved"": false,
  ""safety"": {
    ""ok"": true,
    ""risk_level"": ""none"",
    ""profile"": ""registry_object"",
    ""violations"": [],
    ""warnings"": [],
    ""allowed_imports"": [
      ""datetime"",
      ""math"",
      ""numpy"",
      ""pandas"",
      ""random"",
      ""sklearn"",
      ""statistics""
    ],
    ""allowed_dependencies"": [],
    ""blocked_names"": [
      ""__import__"",
      ""breakpoint"",
      ""compile"",
      ""delattr"",
      ""dir"",
      ""eval"",
      ""exec"",
      ""getattr"",
      ""globals"",
      ""input"",
      ""locals"",
      ""open"",
      ""setattr"",
      ""vars""
    ],
    ""materialized_output_checks"": {}
  },
  ""messages"": [
    ""Registry draft needs required fields before manual creation.""
  ],
  ""required_actions"": [
    ""InferenceModel registry drafts require valid learning_model_id and dataset_id.""
  ],
  ""reviewed_at"": ""2026-05-04T03:34:21.158529""
}",{},"{
  ""status"": ""completed"",
  ""stage"": ""needs_revision"",
  ""metric_count"": 4,
  ""artifact_count"": 0
}",1,1.0
assistant_run,positive,assistant,something,5924cc0d09d219f3f12ab7122e89dc3507c2ac568b5a10f9702aff026e91389d,,,{},,,"{
  ""draft_id"": ""draft_75e8680bd3b7"",
  ""session_id"": null,
  ""draft_type"": ""model_generation"",
  ""title"": ""Generated Model Draft"",
  ""summary"": ""Creates a scikit-learn joblib artifact and matching LearningModel metadata for the Create workspace."",
  ""prompt"": ""something"",
  ""status"": ""draft"",
  ""provider"": ""assistant_model_28"",
  ""created_at"": ""2026-05-03T13:36:21.924946"",
  ""code"": ""# Assistant model draft\n# something\n\nimport base64\nimport io\nimport joblib\nfrom sklearn.ensemble import RandomForestRegressor\n\nmodel = RandomForestRegressor(n_estimators=80, random_state=42)\nbuffer = io.BytesIO()\njoblib.dump(model, buffer)\nbuffer.seek(0)\n\njoblib_bytes = base64.b64encode(buffer.getvalue()).decode(\""utf-8\"")\nname = \""assistant_generated_model\""\ndescription = \""Scikit-learn model artifact drafted by the Amanaje assistant.\""\nobject_type = \""learning_model\""\npath = \""generated/assistant_generated_model.joblib\""\nversion = 1\nmodel_type = \""supervised_model\""\nparameters = {\""framework\"": \""sklearn\"", \""estimator_class\"": \""RandomForestRegressor\"", \""n_estimators\"": 80, \""random_state\"": 42}\nmetrics = {\""task\"": \""regression\"", \""status\"": \""untrained_template\""}\nreference_data = \""assistant_generated_dataset.csv\""\ninput_features = [\""feature_a\"", \""feature_b\""]\noutput_features = [\""target\""]\nis_trained = False\nis_tested = False\nis_deployed = False"",
  ""operations"": [],
  ""registry_payload"": {},
  ""registry_type"": null,
  ""form_payload"": {},
  ""training_request"": {},
  ""study_request"": {},
  ""execution_profile"": ""model_generation"",
  ""materialized_outputs"": [
    ""joblib_bytes"",
    ""name"",
    ""parameters"",
    ""metrics"",
    ""input_features"",
    ""output_features""
  ],
  ""artifacts"": {
    ""context_pack"": {
      ""id"": ""ctx_ffb9d2489520"",
      ""hash"": ""5924cc0d09d219f3f12ab7122e89dc3507c2ac568b5a10f9702aff026e91389d"",
      ""version"": ""assistant-context-pack-v1"",
      ""payload"": {
        ""context_pack_id"": ""ctx_ffb9d2489520"",
        ""version"": ""assistant-context-pack-v1"",
        ""prompt"": ""something"",
        ""workflow_goal"": null,
        ""target_type"": ""model_generation"",
        ""provider"": ""assistant_model_28"",
        ""registry_type"": null,
        ""form_values"": {},
        ""constraints"": {
          ""max_references"": 8
        },
        ""safety_profile"": ""model_generation"",
        ""allowed_imports"": [
          ""base64"",
          ""io"",
          ""joblib"",
          ""numpy"",
          ""pandas"",
          ""sklearn""
        ],
        ""allowed_dependencies"": [
          ""joblib"",
          ""numpy"",
          ""pandas"",
          ""scikit-learn""
        ],
        ""content_references"": [
          {
            ""reference_id"": ""ref_system_project_schema_model_generation"",
            ""source_type"": ""project_schema"",
            ""name"": ""assistant_workflow_draft"",
            ""summary"": ""WorkflowDraft is the structured output contract for assistant providers."",
            ""trust_level"": ""system"",
            ""uri"": null,
            ""metadata"": {
              ""target_type"": ""model_generation""
            },
            ""content_hash"": null,
            ""tags"": [],
            ""created_at"": ""2026-05-03T13:36:01.901688""
          },
          {
            ""reference_id"": ""ref_system_safety_model_generation"",
            ""source_type"": ""safety_profile"",
            ""name"": ""model_generation"",
            ""summary"": ""Allowed imports, dependencies, and required outputs for assistant-reviewed code."",
            ""trust_level"": ""system"",
            ""uri"": null,
            ""metadata"": {
              ""allowed_imports"": [
                ""numpy"",
                ""sklearn"",
                ""joblib"",
                ""pandas"",
                ""io"",
                ""base64""
              ],
              ""allowed_dependencies"": [
                ""numpy"",
                ""joblib"",
                ""pandas"",
                ""scikit-learn""
              ],
              ""required_outputs"": [
                ""joblib_bytes""
              ]
            },
            ""content_hash"": null,
            ""tags"": [],
            ""created_at"": ""2026-05-03T13:36:01.901723""
          },
          {
            ""reference_id"": ""ref_system_alignment_contracts"",
            ""source_type"": ""alignment_contracts"",
            ""name"": ""assistant_alignment_contracts"",
            ""summary"": ""The five alignment contracts that every private assistant draft is evaluated against."",
            ""trust_level"": ""system"",
            ""uri"": null,
            ""metadata"": {
              ""output_alignment"": ""Every response must validate as WorkflowDraft and include the required workflow outputs."",
              ""safety_alignment"": ""Generated code must pass assistant_safety.py before approval or execution."",
              ""registry_alignment"": ""Registry drafts must map to the supported manual registry object payloads."",
              ""dependency_alignment"": ""Drafted code must stay inside allowed imports, dependencies, and artifact formats."",
              ""mlflow_alignment"": ""Drafts, evals, context packs, prompt versions, and model versions must be traceable.""
            },
            ""content_hash"": null,
            ""tags"": [],
            ""created_at"": ""2026-05-03T13:36:01.901743""
          },
          {
            ""reference_id"": ""ref_system_prompt_model_generation"",
            ""source_type"": ""prompt_template"",
            ""name"": ""amanaje-assistant-template-v1"",
            ""summary"": ""Draft safe Python code that creates a scikit-learn joblib artifact as base64 joblib_bytes plus LearningModel metadata. The artifact is a template, must not train on hidden data, and must match project dependency constraints."",
            ""trust_level"": ""system"",
            ""uri"": null,
            ""metadata"": {
              ""prompt_template_version"": ""amanaje-assistant-template-v1""
            },
            ""content_hash"": null,
            ""tags"": [],
            ""created_at"": ""2026-05-03T13:36:01.901762""
          },
          {
            ""reference_id"": ""ref_system_writing_guide"",
            ""source_type"": ""draft_writing_guide"",
            ""name"": ""amanaje_assistant_writing_guide"",
            ""summary"": ""Project writing guidance for draft titles, summaries, metadata, risks, assumptions, and next actions."",
            ""trust_level"": ""system"",
            ""uri"": null,
            ""metadata"": {
              ""voice"": ""Concrete, project-aware, concise, and operational."",
              ""titles"": ""Name the artifact or workflow outcome, not the assistant action."",
              ""summaries"": ""State what the draft creates, how it fits Painel Amanaje, and what remains for user approval."",
              ""metadata"": ""Prefer registry-compatible names, versions, paths, feature names, and dependency declarations."",
              ""risks"": ""Name practical limitations such as synthetic distribution mismatch, missing IDs, or untrained artifacts."",
              ""next_actions"": ""Use short workflow actions that match reviewed draft, guarded run, upload, or registry submit steps."",
              ""references"": ""Use internal reference summaries and cite their reference IDs in metadata when they shape the draft."",
              ""originality"": ""Generate project-specific assets from the request and internal references; do not copy raw reference text.""
            },
            ""content_hash"": null,
            ""tags"": [],
            ""created_at"": ""2026-05-03T13:36:01.901783""
          },
          {
            ""reference_id"": ""ref_system_quality_rubric"",
            ""source_type"": ""draft_quality_rubric"",
            ""name"": ""amanaje_assistant_quality_rubric"",
            ""summary"": ""Quality checks used to evaluate generated draft text and metadata."",
            ""trust_level"": ""system"",
            ""uri"": null,
            ""metadata"": {
              ""title_quality"": ""Title is specific to the requested artifact or workflow."",
              ""summary_quality"": ""Summary is not generic and explains the generated draft's project fit."",
              ""metadata_quality"": ""Registry metadata and materialized outputs match project schemas."",
              ""risk_quality"": ""Risks and assumptions are concrete enough for user review."",
              ""reference_quality"": ""Internal references are summarized, traceable, and not copied raw into prompts.""
            },
            ""content_hash"": null,
            ""tags"": [],
            ""created_at"": ""2026-05-03T13:36:01.901803""
          },
          {
            ""reference_id"": ""ref_system_mlflow_tracking"",
            ""source_type"": ""mlflow_tracking"",
            ""name"": ""assistant/amanaje_slm"",
            ""summary"": ""Assistant model versions, evals, training examples, and promotion reports are tracked in MLflow."",
            ""trust_level"": ""system"",
            ""uri"": ""assistant/amanaje_slm"",
            ""metadata"": {
              ""experiment_name"": ""assistant/amanaje_slm"",
              ""evaluation_profile"": ""assistant-golden-v1"",
              ""context_pack_version"": ""assistant-context-pack-v1""
            },
            ""content_hash"": null,
            ""tags"": [],
            ""created_at"": ""2026-05-03T13:36:01.901823""
          },
          {
            ""reference_id"": ""ref_runtime_assistant_reference_snapshot"",
            ""source_type"": ""runtime_context"",
            ""name"": ""assistant_reference_snapshot"",
            ""summary"": ""keys: eval_dir, interactions_path, recent_evals, recent_examples, source_type"",
            ""trust_level"": ""runtime"",
            ""uri"": null,
            ""metadata"": {
              ""source_type"": ""assistant_reference_snapshot"",
              ""interactions_path"": ""/app/runtime_artifacts/assistant_datasets/interactions.jsonl"",
              ""eval_dir"": ""/app/runtime_artifacts/assistant_evals"",
              ""recent_examples"": [],
              ""recent_evals"": [
                {
                  ""file"": ""draft_cbf487d5d426_eval.json"",
                  ""draft_type"": ""dataset_generation"",
                  ""passed"": true,
                  ""evaluation_profile"": ""assistant-golden-v1""
                },
                {
                  ""file"": ""assistant_golden_eval_20260503012524.json"",
                  ""draft_type"": null,
                  ""passed"": true,
                  ""evaluation_profile"": ""assistant-golden-v1""
                },
                {
                  ""file"": ""assistant_golden_eval_20260503012518.json"",
                  ""draft_type"": null,
                  ""passed"": true,
                  ""evaluation_profile"": ""assistant-golden-v1""
                }
              ]
            },
            ""content_hash"": null,
            ""tags"": [],
            ""created_at"": ""2026-05-03T13:36:01.901929""
          }
        ],
        ""reference_pack_id"": ""refpack_a28f8340995a"",
        ""reference_pack_hash"": ""fd1834b7e52be19ffb8fd1e92be4a19e2386f9d2e5c4477dda1cd62dee2a96f4"",
        ""selected_reference_ids"": [
          ""ref_system_project_schema_model_generation"",
          ""ref_system_safety_model_generation"",
          ""ref_system_alignment_contracts"",
          ""ref_system_prompt_model_generation"",
          ""ref_system_writing_guide"",
          ""ref_system_quality_rubric"",
          ""ref_system_mlflow_tracking"",
          ""ref_runtime_assistant_reference_snapshot""
        ],
        ""reference_trust_levels"": {
          ""ref_system_project_schema_model_generation"": ""system"",
          ""ref_system_safety_model_generation"": ""system"",
          ""ref_system_alignment_contracts"": ""system"",
          ""ref_system_prompt_model_generation"": ""system"",
          ""ref_system_writing_guide"": ""system"",
          ""ref_system_quality_rubric"": ""system"",
          ""ref_system_mlflow_tracking"": ""system"",
          ""ref_runtime_assistant_reference_snapshot"": ""runtime""
        },
        ""compact_summary"": ""target=model_generation; references=8"",
        ""p

[TRUNCATED: original_length=33827]","{
  ""status"": ""approved"",
  ""approved"": true,
  ""safety"": {
    ""ok"": true,
    ""risk_level"": ""low"",
    ""profile"": ""model_generation"",
    ""violations"": [],
    ""warnings"": [],
    ""allowed_imports"": [
      ""base64"",
      ""io"",
      ""joblib"",
      ""numpy"",
      ""pandas"",
      ""sklearn""
    ],
    ""allowed_dependencies"": [
      ""joblib"",
      ""numpy"",
      ""pandas"",
      ""scikit-learn""
    ],
    ""blocked_names"": [
      ""__import__"",
      ""breakpoint"",
      ""compile"",
      ""delattr"",
      ""dir"",
      ""eval"",
      ""exec"",
      ""getattr"",
      ""globals"",
      ""input"",
      ""locals"",
      ""open"",
      ""setattr"",
      ""vars""
    ],
    ""materialized_output_checks"": {
      ""joblib_bytes"": true
    }
  },
  ""messages"": [
    ""Model code is review-safe and ready for guarded execution.""
  ],
  ""required_actions"": [],
  ""reviewed_at"": ""2026-05-03T13:36:33.089733""
}",{},"{
  ""status"": ""completed"",
  ""stage"": ""submitted"",
  ""metric_count"": 4,
  ""artifact_count"": 0
}",1,1.0
assistant_run,positive,assistant,,,,,{},,,{},{},{},"{
  ""status"": ""completed"",
  ""stage"": ""executed"",
  ""metric_count"": 2,
  ""artifact_count"": 0
}",1,1.0
assistant_run,positive,assistant,prepare dataset based on weather data,,,,{},,,"{
  ""draft_id"": ""draft_7688babb39b1"",
  ""session_id"": null,
  ""draft_type"": ""registry_object"",
  ""title"": ""Registry Object Draft"",
  ""summary"": ""Prepares registry metadata for review before persistence."",
  ""prompt"": ""prepare dataset based on weather data"",
  ""status"": ""draft"",
  ""provider"": ""local"",
  ""created_at"": ""2026-04-27T19:17:31.647597"",
  ""code"": null,
  ""operations"": [],
  ""registry_payload"": {
    ""name"": ""assistant_registry_object"",
    ""description"": ""Registry object drafted by the Amanaje assistant."",
    ""object_type"": ""dataset"",
    ""version"": 1,
    ""history"": [
      {
        ""operation"": ""assistant_draft""
      }
    ]
  },
  ""training_request"": {},
  ""study_request"": {},
  ""artifacts"": {},
  ""assumptions"": [
    ""The target registry route will perform final Pydantic and ORM validation.""
  ],
  ""risks"": [
    ""References to datasets, models, or studies must exist before the object can be saved.""
  ],
  ""context"": {
    ""registryType"": ""DatasetModel"",
    ""name"": """",
    ""description"": """",
    ""path"": ""runtime_artifacts/inference/artifact.json"",
    ""size"": 0,
    ""version"": 1,
    ""dataset_type"": ""dataset"",
    ""has_features"": false,
    ""connection_string"": """",
    ""model_type"": ""learning_model"",
    ""reference_data"": """",
    ""is_trained"": false,
    ""is_tested"": false,
    ""is_deployed"": false,
    ""learning_model_id"": 1,
    ""dataset_id"": 1,
    ""sampler"": """",
    ""objective"": """"
  },
  ""next_actions"": [
    ""Review metadata"",
    ""Approve persistence"",
    ""Check dependency report before deletion""
  ]
}","{
  ""status"": ""approved"",
  ""approved"": true,
  ""safety"": {
    ""ok"": true,
    ""risk_level"": ""none"",
    ""violations"": [],
    ""warnings"": [],
    ""allowed_imports"": [
      ""datetime"",
      ""math"",
      ""numpy"",
      ""pandas"",
      ""random"",
      ""sklearn"",
      ""statistics""
    ],
    ""blocked_names"": [
      ""__import__"",
      ""breakpoint"",
      ""compile"",
      ""delattr"",
      ""dir"",
      ""eval"",
      ""exec"",
      ""getattr"",
      ""globals"",
      ""input"",
      ""locals"",
      ""open"",
      ""setattr"",
      ""vars""
    ]
  },
  ""messages"": [],
  ""required_actions"": [],
  ""reviewed_at"": ""2026-04-27T19:17:31.648947""
}",{},"{
  ""status"": ""completed"",
  ""stage"": ""reviewed"",
  ""metric_count"": 0,
  ""artifact_count"": 0
}",1,1.0
assistant_run,positive,assistant,make a model about regression,9f55518fba6d5562e8305c75fa66ff98da49982461f892e0410298cffdcf161a,,,{},,,"{
  ""draft_id"": ""draft_19c0d5e74d86"",
  ""session_id"": null,
  ""draft_type"": ""model_generation"",
  ""title"": ""Generated Model Draft"",
  ""summary"": ""Creates a scikit-learn joblib artifact and matching LearningModel metadata for the Create workspace."",
  ""prompt"": ""make a model about regression"",
  ""status"": ""draft"",
  ""provider"": ""amanaje_slm"",
  ""created_at"": ""2026-05-01T19:25:58.993808"",
  ""code"": ""# Assistant model draft\n# make a model about regression\n\nimport base64\nimport io\nimport joblib\nfrom sklearn.ensemble import RandomForestRegressor\n\nmodel = RandomForestRegressor(n_estimators=80, random_state=42)\nbuffer = io.BytesIO()\njoblib.dump(model, buffer)\nbuffer.seek(0)\n\njoblib_bytes = base64.b64encode(buffer.getvalue()).decode(\""utf-8\"")\nname = \""assistant_generated_model\""\ndescription = \""Scikit-learn model artifact drafted by the Amanaje assistant.\""\nobject_type = \""learning_model\""\npath = \""generated/assistant_generated_model.joblib\""\nversion = 1\nmodel_type = \""supervised_model\""\nparameters = {\""framework\"": \""sklearn\"", \""estimator_class\"": \""RandomForestRegressor\"", \""n_estimators\"": 80, \""random_state\"": 42}\nmetrics = {\""task\"": \""regression\"", \""status\"": \""untrained_template\""}\nreference_data = \""assistant_generated_dataset.csv\""\ninput_features = [\""feature_a\"", \""feature_b\""]\noutput_features = [\""target\""]\nis_trained = False\nis_tested = False\nis_deployed = False"",
  ""operations"": [],
  ""registry_payload"": {},
  ""registry_type"": null,
  ""form_payload"": {},
  ""training_request"": {},
  ""study_request"": {},
  ""execution_profile"": ""model_generation"",
  ""materialized_outputs"": [
    ""joblib_bytes"",
    ""name"",
    ""parameters"",
    ""metrics"",
    ""input_features"",
    ""output_features""
  ],
  ""artifacts"": {
    ""context_pack"": {
      ""id"": ""ctx_9e355ac30c2a"",
      ""hash"": ""9f55518fba6d5562e8305c75fa66ff98da49982461f892e0410298cffdcf161a"",
      ""version"": ""assistant-context-pack-v1"",
      ""payload"": {
        ""context_pack_id"": ""ctx_9e355ac30c2a"",
        ""version"": ""assistant-context-pack-v1"",
        ""prompt"": ""make a model about regression"",
        ""workflow_goal"": null,
        ""target_type"": ""model_generation"",
        ""provider"": ""amanaje_slm"",
        ""registry_type"": null,
        ""form_values"": {},
        ""constraints"": {},
        ""safety_profile"": ""model_generation"",
        ""allowed_imports"": [
          ""base64"",
          ""io"",
          ""joblib"",
          ""numpy"",
          ""pandas"",
          ""sklearn""
        ],
        ""allowed_dependencies"": [
          ""joblib"",
          ""numpy"",
          ""pandas"",
          ""scikit-learn""
        ],
        ""content_references"": [
          {
            ""reference_id"": ""ref_47eadd9a967d"",
            ""source_type"": ""project_schema"",
            ""name"": ""assistant_workflow_draft"",
            ""summary"": ""WorkflowDraft is the structured output contract for assistant providers."",
            ""trust_level"": ""project"",
            ""uri"": null,
            ""metadata"": {
              ""target_type"": ""model_generation""
            },
            ""created_at"": ""2026-05-01T19:25:58.992650""
          },
          {
            ""reference_id"": ""ref_6527f181ca34"",
            ""source_type"": ""safety_profile"",
            ""name"": ""model_generation"",
            ""summary"": ""Allowed imports, dependencies, and required outputs for assistant-reviewed code."",
            ""trust_level"": ""project"",
            ""uri"": null,
            ""metadata"": {
              ""allowed_imports"": [
                ""io"",
                ""sklearn"",
                ""numpy"",
                ""joblib"",
                ""base64"",
                ""pandas""
              ],
              ""allowed_dependencies"": [
                ""joblib"",
                ""scikit-learn"",
                ""numpy"",
                ""pandas""
              ],
              ""required_outputs"": [
                ""joblib_bytes""
              ]
            },
            ""created_at"": ""2026-05-01T19:25:58.992712""
          }
        ],
        ""compact_summary"": ""target=model_generation; references=2"",
        ""pack_hash"": ""9f55518fba6d5562e8305c75fa66ff98da49982461f892e0410298cffdcf161a"",
        ""created_at"": ""2026-05-01T19:25:58.992831""
      }
    },
    ""assistant_model_registry_payload"": {
      ""name"": ""amanaje_slm_assistant"",
      ""description"": ""Private assistant model service used by Painel Amanaje."",
      ""object_type"": ""learning_model"",
      ""size"": 0,
      ""path"": ""runtime_artifacts/assistant_models/amanaje_slm"",
      ""version"": ""amanaje-slm-bootstrap-0.1"",
      ""model_type"": ""assistant_llm_adapter"",
      ""parameters"": {
        ""provider"": ""amanaje_slm"",
        ""base_model_name"": ""local-workflow-template"",
        ""prompt_template_version"": ""amanaje-assistant-template-v1"",
        ""context_pack_version"": ""assistant-context-pack-v1"",
        ""safety_profile_version"": ""assistant-safety-v1""
      },
      ""metrics"": {
        ""evaluation_profile"": ""assistant-golden-v1"",
        ""evaluation_score"": null
      },
      ""reference_data"": ""runtime_artifacts/assistant_datasets/interactions.jsonl"",
      ""input_features"": [
        ""prompt"",
        ""context_pack"",
        ""target_type""
      ],
      ""output_features"": [
        ""workflow_draft""
      ],
      ""is_trained"": false,
      ""is_tested"": false,
      ""is_deployed"": false,
      ""history"": [
        {
          ""operation"": ""assistant_model_registered_payload""
        }
      ]
    }
  },
  ""assumptions"": [
    ""The first assistant-generated model artifact is a scikit-learn joblib template."",
    ""The generated artifact is intended for registry creation, not immediate production deployment.""
  ],
  ""risks"": [
    ""The model is not trained until it is paired with a dataset and submitted to the training workflow.""
  ],
  ""context"": {
    ""operationId"": ""models"",
    ""existing_metadata"": {
      ""name"": ""assistant_generated_model"",
      ""description"": ""Scikit-learn model artifact drafted by the Amanaje assistant."",
      ""object_type"": ""learning_model"",
      ""path"": ""generated/assistant_generated_model.joblib"",
      ""version"": 1,
      ""model_type"": ""supervised_model"",
      ""parameters"": {
        ""framework"": ""sklearn"",
        ""estimator_class"": ""RandomForestRegressor"",
        ""n_estimators"": 80,
        ""random_state"": 42
      },
      ""metrics"": {
        ""task"": ""regression"",
        ""status"": ""untrained_template""
      },
      ""reference_data"": ""assistant_generated_dataset.csv"",
      ""input_features"": [
        ""feature_a"",
        ""feature_b""
      ],
      ""output_features"": [
        ""target""
      ],
      ""is_trained"": false,
      ""is_tested"": false,
      ""is_deployed"": false
    }
  },
  ""next_actions"": [
    ""Review safety report"",
    ""Run through guarded execution"",
    ""Create the model through the existing upload backend""
  ],
  ""model_version"": ""amanaje-slm-bootstrap-0.1"",
  ""prompt_template_version"": ""amanaje-assistant-template-v1"",
  ""context_pack_id"": ""ctx_9e355ac30c2a"",
  ""context_pack_hash"": ""9f55518fba6d5562e8305c75fa66ff98da49982461f892e0410298cffdcf161a"",
  ""evaluation_profile"": ""assistant-golden-v1"",
  ""generation_provenance"": {
    ""source_type"": ""assistant"",
    ""provider"": ""amanaje_slm"",
    ""model_version"": ""amanaje-slm-bootstrap-0.1"",
    ""prompt_template_version"": ""amanaje-assistant-template-v1"",
    ""context_pack_id"": ""ctx_9e355ac30c2a"",
    ""context_pack_hash"": ""9f55518fba6d5562e8305c75fa66ff98da49982461f892e0410298cffdcf161a"",
    ""fallback_provider"": ""local"",
    ""created_at"": ""2026-05-01T19:25:58.994062""
  },
  ""provider_metadata"": {
    ""provider"": ""amanaje_slm"",
    ""base_model_name"": ""local-workflow-template"",
    ""adapter_path"": ""runtime_artifacts/assistant_models/amanaje_slm"",
    ""context_pack_version"": ""assistant-context-pack-v1"",
    ""safety_profile_version"": ""assistant-safety-v1"",
    ""allowed_dependencies"": [
      ""joblib"",
      ""numpy"",
      ""pandas"",
      ""scikit-learn""
    ],
    ""fallback_provider"": ""local"",
    ""latency_ms"": 1.449,
    ""cache_hit"": false,
    ""runtime"": ""bootstrap"",
    ""fallback_reason"": ""No external SLM runtime is configured; using deterministic local fallback."",
    ""serving_mode"": ""separate-service-ready"",
    ""slm_config"": {
      ""enabled"": false,
      ""base_url"": ""http://localhost:8000/v1"",
      ""model_name"": ""amanaje-assistant"",
      ""timeout_seconds"": 20.0,
      ""max_tokens"": ""[REDACTED]"",
      ""api_key_configured"": ""[REDACTED]"",
      ""model_version"": ""amanaje-slm-bootstrap-0.1""
    }
  }
}","{
  ""status"": ""approved"",
  ""approved"": true,
  ""safety"": {
    ""ok"": true,
    ""risk_level"": ""low"",
    ""profile"": ""model_generation"",
    ""violations"": [],
    ""warnings"": [],
    ""allowed_imports"": [
      ""base64"",
      ""io"",
      ""joblib"",
      ""numpy"",
      ""pandas"",
      ""sklearn""
    ],
    ""allowed_dependencies"": [
      ""joblib"",
      ""numpy"",
      ""pandas"",
      ""scikit-learn""
    ],
    ""blocked_names"": [
      ""__import__"",
      ""breakpoint"",
      ""compile"",
      ""delattr"",
      ""dir"",
      ""eval"",
      ""exec"",
      ""getattr"",
      ""globals"",
      ""input"",
      ""locals"",
      ""open"",
      ""setattr"",
      ""vars""
    ],
    ""materialized_output_checks"": {
      ""joblib_bytes"": true
    }
  },
  ""messages"": [
    ""Model code is review-safe and ready for guarded execution.""
  ],
  ""required_actions"": [],
  ""reviewed_at"": ""2026-05-01T19:25:59.000604""
}",{},"{
  ""status"": ""completed"",
  ""stage"": ""reviewed"",
  ""metric_count"": 2,
  ""artifact_count"": 0
}",1,1.0
assistant_run,positive,assistant,make a model about classification,e4cecf0a9334a512889d689c5854844ded2a9684790c10c2babfa3aee930331b,,,{},,,"{
  ""draft_id"": ""draft_4bee2bf636d6"",
  ""session_id"": null,
  ""draft_type"": ""model_generation"",
  ""title"": ""Generated Model Draft"",
  ""summary"": ""Creates a scikit-learn joblib artifact and matching LearningModel metadata for the Create workspace."",
  ""prompt"": ""make a model about classification"",
  ""status"": ""draft"",
  ""provider"": ""amanaje_slm"",
  ""created_at"": ""2026-05-01T19:25:46.149426"",
  ""code"": ""# Assistant model draft\n# make a model about classification\n\nimport base64\nimport io\nimport joblib\nfrom sklearn.ensemble import RandomForestRegressor\n\nmodel = RandomForestRegressor(n_estimators=80, random_state=42)\nbuffer = io.BytesIO()\njoblib.dump(model, buffer)\nbuffer.seek(0)\n\njoblib_bytes = base64.b64encode(buffer.getvalue()).decode(\""utf-8\"")\nname = \""assistant_generated_model\""\ndescription = \""Scikit-learn model artifact drafted by the Amanaje assistant.\""\nobject_type = \""learning_model\""\npath = \""generated/assistant_generated_model.joblib\""\nversion = 1\nmodel_type = \""supervised_model\""\nparameters = {\""framework\"": \""sklearn\"", \""estimator_class\"": \""RandomForestRegressor\"", \""n_estimators\"": 80, \""random_state\"": 42}\nmetrics = {\""task\"": \""regression\"", \""status\"": \""untrained_template\""}\nreference_data = \""assistant_generated_dataset.csv\""\ninput_features = [\""feature_a\"", \""feature_b\""]\noutput_features = [\""target\""]\nis_trained = False\nis_tested = False\nis_deployed = False"",
  ""operations"": [],
  ""registry_payload"": {},
  ""registry_type"": null,
  ""form_payload"": {},
  ""training_request"": {},
  ""study_request"": {},
  ""execution_profile"": ""model_generation"",
  ""materialized_outputs"": [
    ""joblib_bytes"",
    ""name"",
    ""parameters"",
    ""metrics"",
    ""input_features"",
    ""output_features""
  ],
  ""artifacts"": {
    ""context_pack"": {
      ""id"": ""ctx_465dde78acc3"",
      ""hash"": ""e4cecf0a9334a512889d689c5854844ded2a9684790c10c2babfa3aee930331b"",
      ""version"": ""assistant-context-pack-v1"",
      ""payload"": {
        ""context_pack_id"": ""ctx_465dde78acc3"",
        ""version"": ""assistant-context-pack-v1"",
        ""prompt"": ""make a model about classification"",
        ""workflow_goal"": null,
        ""target_type"": ""model_generation"",
        ""provider"": ""amanaje_slm"",
        ""registry_type"": null,
        ""form_values"": {},
        ""constraints"": {},
        ""safety_profile"": ""model_generation"",
        ""allowed_imports"": [
          ""base64"",
          ""io"",
          ""joblib"",
          ""numpy"",
          ""pandas"",
          ""sklearn""
        ],
        ""allowed_dependencies"": [
          ""joblib"",
          ""numpy"",
          ""pandas"",
          ""scikit-learn""
        ],
        ""content_references"": [
          {
            ""reference_id"": ""ref_c0f437571593"",
            ""source_type"": ""project_schema"",
            ""name"": ""assistant_workflow_draft"",
            ""summary"": ""WorkflowDraft is the structured output contract for assistant providers."",
            ""trust_level"": ""project"",
            ""uri"": null,
            ""metadata"": {
              ""target_type"": ""model_generation""
            },
            ""created_at"": ""2026-05-01T19:25:46.147320""
          },
          {
            ""reference_id"": ""ref_bb3ab6771e40"",
            ""source_type"": ""safety_profile"",
            ""name"": ""model_generation"",
            ""summary"": ""Allowed imports, dependencies, and required outputs for assistant-reviewed code."",
            ""trust_level"": ""project"",
            ""uri"": null,
            ""metadata"": {
              ""allowed_imports"": [
                ""io"",
                ""sklearn"",
                ""numpy"",
                ""joblib"",
                ""base64"",
                ""pandas""
              ],
              ""allowed_dependencies"": [
                ""joblib"",
                ""scikit-learn"",
                ""numpy"",
                ""pandas""
              ],
              ""required_outputs"": [
                ""joblib_bytes""
              ]
            },
            ""created_at"": ""2026-05-01T19:25:46.147433""
          }
        ],
        ""compact_summary"": ""target=model_generation; references=2"",
        ""pack_hash"": ""e4cecf0a9334a512889d689c5854844ded2a9684790c10c2babfa3aee930331b"",
        ""created_at"": ""2026-05-01T19:25:46.147698""
      }
    },
    ""assistant_model_registry_payload"": {
      ""name"": ""amanaje_slm_assistant"",
      ""description"": ""Private assistant model service used by Painel Amanaje."",
      ""object_type"": ""learning_model"",
      ""size"": 0,
      ""path"": ""runtime_artifacts/assistant_models/amanaje_slm"",
      ""version"": ""amanaje-slm-bootstrap-0.1"",
      ""model_type"": ""assistant_llm_adapter"",
      ""parameters"": {
        ""provider"": ""amanaje_slm"",
        ""base_model_name"": ""local-workflow-template"",
        ""prompt_template_version"": ""amanaje-assistant-template-v1"",
        ""context_pack_version"": ""assistant-context-pack-v1"",
        ""safety_profile_version"": ""assistant-safety-v1""
      },
      ""metrics"": {
        ""evaluation_profile"": ""assistant-golden-v1"",
        ""evaluation_score"": null
      },
      ""reference_data"": ""runtime_artifacts/assistant_datasets/interactions.jsonl"",
      ""input_features"": [
        ""prompt"",
        ""context_pack"",
        ""target_type""
      ],
      ""output_features"": [
        ""workflow_draft""
      ],
      ""is_trained"": false,
      ""is_tested"": false,
      ""is_deployed"": false,
      ""history"": [
        {
          ""operation"": ""assistant_model_registered_payload""
        }
      ]
    }
  },
  ""assumptions"": [
    ""The first assistant-generated model artifact is a scikit-learn joblib template."",
    ""The generated artifact is intended for registry creation, not immediate production deployment.""
  ],
  ""risks"": [
    ""The model is not trained until it is paired with a dataset and submitted to the training workflow.""
  ],
  ""context"": {
    ""operationId"": ""models"",
    ""existing_metadata"": {
      ""name"": ""assistant_generated_dataset"",
      ""description"": ""Dataset drafted by the Amanaje assistant."",
      ""object_type"": ""dataset"",
      ""dataset_type"": ""dataset"",
      ""version"": 1,
      ""connection_string"": """",
      ""rng"": ""Generator(PCG64) at 0x7FE874A28E40"",
      ""row_count"": 100,
      ""df"": [
        {
          ""feature_a"": 10.6094,
          ""feature_b"": 2,
          ""segment"": ""growth"",
          ""target"": 10.424
        },
        {
          ""feature_a"": 7.92,
          ""feature_b"": 1,
          ""segment"": ""baseline"",
          ""target"": 6.9623
        },
        {
          ""feature_a"": 11.5009,
          ""feature_b"": 3,
          ""segment"": ""baseline"",
          ""target"": 12.7194
        },
        {
          ""feature_a"": 11.8811,
          ""feature_b"": 4,
          ""segment"": ""growth"",
          ""target"": 15.0205
        },
        {
          ""feature_a"": 6.0979,
          ""feature_b"": 1,
          ""segment"": ""baseline"",
          ""target"": 5.8138
        },
        {
          ""feature_a"": 7.3956,
          ""feature_b"": 3,
          ""segment"": ""baseline"",
          ""target"": 9.9989
        },
        {
          ""feature_a"": 10.2557,
          ""feature_b"": 1,
          ""segment"": ""growth"",
          ""target"": 7.6539
        },
        {
          ""feature_a"": 9.3675,
          ""feature_b"": 3,
          ""segment"": ""risk"",
          ""target"": 11.0329
        },
        {
          ""feature_a"": 9.9664,
          ""feature_b"": 3,
          ""segment"": ""baseline"",
          ""target"": 11.0549
        },
        {
          ""feature_a"": 8.2939,
          ""feature_b"": 2,
          ""segment"": ""baseline"",
          ""target"": 8.1963
        },
        {
          ""feature_a"": 11.7588,
          ""feature_b"": 3,
          ""segment"": ""baseline"",
          ""target"": 12.2921
        },
        {
          ""feature_a"": 11.5556,
          ""feature_b"": 1,
          ""segment"": ""growth"",
          ""target"": 9.4219
        },
        {
          ""feature_a"": 10.1321,
          ""feature_b"": 0,
          ""segment"": ""risk"",
          ""target"": 7.5504
        },
        {
          ""feature_a"": 12.2545,
          ""feature_b"": 0,
          ""segment"": ""risk"",
          ""target"": 7.915
        },
        {
          ""feature_a"": 10.935,
          ""feature_b"": 2,
          ""segment"": ""risk"",
          ""target"": 10.6698
        },
        {
          ""feature_a"": 8.2814,
          ""feature_b"": 4,
          ""segment"": ""risk"",
          ""target"": 11.5549
        },
        {
          ""feature_a"": 10.7375,
          ""feature_b"": 0,
          ""segment"": ""baseline"",
          ""target"": 7.3524
        },
        {
          ""feature_a"": 8.0822,
          ""feature_b"": 2,
          ""segment"": ""baseline"",
          ""target"": 9.1589
        },
        {
          ""feature_a"": 11.7569,
          ""feature_b"": 3,
          ""segment"": ""growth"",
          ""target"": 12.9989
        },
        {
          ""feature_a"": 9.9001,
          ""feature_b"": 1,
          ""segment"": ""risk"",
          ""target"": 9.0988
        },
        {
          ""feature_a"": 9.6303,
          ""feature_b"": 3,
          ""segment"": ""risk"",
          ""target"": 11.164
        },
        {
          ""feature_a"": 8.6381,
          ""feature_b"": 1,
          ""segment"": ""baseline"",
          ""target"": 7.1987
        },
        {
          ""feature_a"": 12.4451,
          ""feature_b"": 4,
          ""segment"": ""baseline"",
          ""target"": 14.5996
        },
        {
          ""feature_a"": 9.6909,
          ""feature_b"": 2,
          ""segment"": ""baseline"",
          ""target"": 9.9049
        },
        {
          ""feature_a"": 9.1433,
          ""feature_b"": 2,
          ""segment"": ""baseline"",
          ""target"": 9.4886
        }
      ],
      ""csv_text"": ""feature_a,feature_b,segment,target\n10.6094,2,growth,10.424\n7.92,1,baseline,6.9623\n11.5009,3,baseline,12.7194\n11.8811,4,growth,15.0205\n6.0979,1,baseline,5.8138\n7.3956,3,baseline,9.9989\n10.2557,1,growth,7.6539\n9.3675,3,risk,11.0329\n9.9664,3,baseline,11.0549\n8.2939,2,baseline,8.1963\n11.7588,3,baseline,12.2921\n11.5556,1,growth,9.4219\n10.1321,0,risk,7.5504\n12.2545,0,risk,7.915\n10.935,2,risk,10.6698\n8.2814,4,risk,11.5549\n10.7375,0,baseline,7.3524\n8.0822,2,baseline,9.1589\n11.7569,3,growth,12.9989\n9.9001,1,risk,9.0988\n9.6303,3,risk,11.164\n8.6381,1,baseline,7.1987\n12.4451,4,baseline,14.5996\n9.6909,2,baseline,9.9049\n9.1433,2,baseline,9.4886\n9.2957,0,growth,5.9648\n11.0646,2,growth,10.7905\n10.7309,4,growth,13.6257\n10.8255,0,baseline,8.8366\n10.8616,3,risk,13.0415\n14.2833,2,growth,12.5717\n9.1872,3,risk,10.7873\n8.9755,3,risk,10.0511\n8.3725,2,baseline,8.5654\n11.232,1,baseline,9.5202\n12.2579,3,risk,13.6835\n9.7721,0,growth,6.4759\n8.3197,2,baseline,8.4967\n8.351,0,growth,4.7721\n11.3012,3,growth,12.3295\n11.4865,3,risk,12.0093\n11.0863,0,baseline,7.4957\n8.669,3,risk,10.1299\n10.4643,2,risk,10.2779\n10.2334,3,baseline,10.7845\n10.4374,0,baseline,6.5727\n11.7429,0,growth,9.2847\n10.4472,2,baseline,9.6693\n11.3578,0,baseline,7.4021\n10.1352,1,growth,9.5131\n10.5782,3,risk,13.3573\n11.2626,0,risk,7.298\n7.0857,3,baseline,9.2759\n9.3607,0,risk,6.7233\n9.0593,0,baseline,7.2059\n8.7222,2,risk,8.6121\n9.4497,3,risk,10.9922\n12.9899,0,risk,9.4816\n8.2683,1,baseline,7.5052\n11.9366,4,risk,14.1675\n6.6343,4,baseline,10.5771\n9.3302,2,growth,8.8437\n10.3255,2,growth,10.1088\n11.1724,1,baseline,9.1875\n11.4225,3,baseline,12.6118\n11.5867,2,risk,10.833\n9.3025,1,growth,8.2475\n9.0753,0,growth,6.8591\n11.716,0,growth,8.2789\n9.6174,4,growth,12.9081\n7.4486,2,risk,8.2406\n7.7334,2,baseline,8.4134\n8.1611,2,risk,8.352\n10.9943,3,risk,12.3543\n10.2849,0,growth,7.1508\n11.381,0,baseline,9.0133\n9.1455,1,baseline,8.6885\n10.3171,2,risk,10.4149\n11.2512,3,risk,11.9943\n9.3813,2,baseline,9.0107\n10.9136,2,baseline,11.2351\n8.6761,4,baseline,12.2046\n9.2739,0,baseline,6.7318\n9.2365,2,risk,8.5933\n7.6083,2,risk,8.7895\n10.9739,2,baseline,10.9089\n9.0612,4,risk,11.7876\n10.025,1,baseline,8.2817\n10.9615,4,growth,1

[TRUNCATED: original_length=14025]","{
  ""status"": ""approved"",
  ""approved"": true,
  ""safety"": {
    ""ok"": true,
    ""risk_level"": ""low"",
    ""profile"": ""model_generation"",
    ""violations"": [],
    ""warnings"": [],
    ""allowed_imports"": [
      ""base64"",
      ""io"",
      ""joblib"",
      ""numpy"",
      ""pandas"",
      ""sklearn""
    ],
    ""allowed_dependencies"": [
      ""joblib"",
      ""numpy"",
      ""pandas"",
      ""scikit-learn""
    ],
    ""blocked_names"": [
      ""__import__"",
      ""breakpoint"",
      ""compile"",
      ""delattr"",
      ""dir"",
      ""eval"",
      ""exec"",
      ""getattr"",
      ""globals"",
      ""input"",
      ""locals"",
      ""open"",
      ""setattr"",
      ""vars""
    ],
    ""materialized_output_checks"": {
      ""joblib_bytes"": true
    }
  },
  ""messages"": [
    ""Model code is review-safe and ready for guarded execution.""
  ],
  ""required_actions"": [],
  ""reviewed_at"": ""2026-05-01T19:25:46.159220""
}",{},"{
  ""status"": ""completed"",
  ""stage"": ""reviewed"",
  ""metric_count"": 2,
  ""artifact_count"": 0
}",1,1.0
assistant_run,positive,assistant,make a dataset about keyboards,d3aac9d050f621046c4e0ed2321c8f33be2c0aed8271c5c83c4d3494b07ea97c,,,{},,,"{
  ""draft_id"": ""draft_47b256a1a886"",
  ""session_id"": null,
  ""draft_type"": ""dataset_generation"",
  ""title"": ""Generated Dataset Draft"",
  ""summary"": ""Creates a tabular dataset and exposes it as csv_text for the existing upload/create flow."",
  ""prompt"": ""make a dataset about keyboards"",
  ""status"": ""draft"",
  ""provider"": ""amanaje_slm"",
  ""created_at"": ""2026-05-02T19:26:38.494108"",
  ""code"": ""# Assistant dataset draft\n# make a dataset about keyboards\n\nimport numpy as np\nimport pandas as pd\n\nrng = np.random.default_rng(42)\nrow_count = 100\ndf = pd.DataFrame({\n    \""feature_a\"": rng.normal(10, 2, row_count).round(4),\n    \""feature_b\"": rng.integers(0, 5, row_count),\n    \""segment\"": rng.choice([\""baseline\"", \""growth\"", \""risk\""], row_count),\n})\ndf[\""target\""] = (df[\""feature_a\""] * 0.7 + df[\""feature_b\""] * 1.5 + rng.normal(0, 0.5, row_count)).round(4)\n\ncsv_text = df.to_csv(index=False)\nname = \""assistant_generated_dataset\""\ndescription = \""Dataset drafted by the Amanaje assistant.\""\nobject_type = \""dataset\""\ndataset_type = \""dataset\""\nversion = 1\nconnection_string = \""\"""",
  ""operations"": [],
  ""registry_payload"": {},
  ""registry_type"": null,
  ""form_payload"": {},
  ""training_request"": {},
  ""study_request"": {},
  ""execution_profile"": ""dataset_generation"",
  ""materialized_outputs"": [
    ""csv_text"",
    ""name"",
    ""description"",
    ""object_type"",
    ""dataset_type""
  ],
  ""artifacts"": {
    ""context_pack"": {
      ""id"": ""ctx_b61cfa589550"",
      ""hash"": ""d3aac9d050f621046c4e0ed2321c8f33be2c0aed8271c5c83c4d3494b07ea97c"",
      ""version"": ""assistant-context-pack-v1"",
      ""payload"": {
        ""context_pack_id"": ""ctx_b61cfa589550"",
        ""version"": ""assistant-context-pack-v1"",
        ""prompt"": ""make a dataset about keyboards"",
        ""workflow_goal"": null,
        ""target_type"": ""dataset_generation"",
        ""provider"": ""amanaje_slm"",
        ""registry_type"": null,
        ""form_values"": {},
        ""constraints"": {},
        ""safety_profile"": ""dataset_generation"",
        ""allowed_imports"": [
          ""datetime"",
          ""math"",
          ""numpy"",
          ""pandas"",
          ""random"",
          ""statistics""
        ],
        ""allowed_dependencies"": [
          ""numpy"",
          ""pandas""
        ],
        ""content_references"": [
          {
            ""reference_id"": ""ref_fd99e4471401"",
            ""source_type"": ""project_schema"",
            ""name"": ""assistant_workflow_draft"",
            ""summary"": ""WorkflowDraft is the structured output contract for assistant providers."",
            ""trust_level"": ""project"",
            ""uri"": null,
            ""metadata"": {
              ""target_type"": ""dataset_generation""
            },
            ""created_at"": ""2026-05-02T19:26:38.493136""
          },
          {
            ""reference_id"": ""ref_94b575266cce"",
            ""source_type"": ""safety_profile"",
            ""name"": ""dataset_generation"",
            ""summary"": ""Allowed imports, dependencies, and required outputs for assistant-reviewed code."",
            ""trust_level"": ""project"",
            ""uri"": null,
            ""metadata"": {
              ""allowed_imports"": [
                ""math"",
                ""statistics"",
                ""datetime"",
                ""random"",
                ""numpy"",
                ""pandas""
              ],
              ""allowed_dependencies"": [
                ""numpy"",
                ""pandas""
              ],
              ""required_outputs"": [
                ""csv_text""
              ]
            },
            ""created_at"": ""2026-05-02T19:26:38.493207""
          }
        ],
        ""compact_summary"": ""target=dataset_generation; references=2"",
        ""pack_hash"": ""d3aac9d050f621046c4e0ed2321c8f33be2c0aed8271c5c83c4d3494b07ea97c"",
        ""created_at"": ""2026-05-02T19:26:38.493369""
      }
    },
    ""assistant_model_registry_payload"": {
      ""name"": ""amanaje_slm_assistant"",
      ""description"": ""Private assistant model service used by Painel Amanaje."",
      ""object_type"": ""learning_model"",
      ""size"": 0,
      ""path"": ""runtime_artifacts/assistant_models/amanaje_slm"",
      ""version"": ""amanaje-slm-bootstrap-0.1"",
      ""model_type"": ""assistant_llm_adapter"",
      ""parameters"": {
        ""provider"": ""amanaje_slm"",
        ""base_model_name"": ""local-workflow-template"",
        ""prompt_template_version"": ""amanaje-assistant-template-v1"",
        ""context_pack_version"": ""assistant-context-pack-v1"",
        ""safety_profile_version"": ""assistant-safety-v1""
      },
      ""metrics"": {
        ""evaluation_profile"": ""assistant-golden-v1"",
        ""evaluation_score"": null
      },
      ""reference_data"": ""runtime_artifacts/assistant_datasets/interactions.jsonl"",
      ""input_features"": [
        ""prompt"",
        ""context_pack"",
        ""target_type""
      ],
      ""output_features"": [
        ""workflow_draft""
      ],
      ""is_trained"": false,
      ""is_tested"": false,
      ""is_deployed"": false,
      ""history"": [
        {
          ""operation"": ""assistant_model_registered_payload""
        }
      ]
    }
  },
  ""assumptions"": [
    ""The generated dataset is synthetic."",
    ""The draft only prepares csv_text; it does not write files or registry rows.""
  ],
  ""risks"": [
    ""Synthetic data may not represent the target production distribution.""
  ],
  ""context"": {
    ""operationId"": ""datasets"",
    ""existing_metadata"": {
      ""name"": ""assistant_generated_model"",
      ""description"": ""Scikit-learn model artifact drafted by the Amanaje assistant."",
      ""object_type"": ""learning_model"",
      ""path"": ""generated/assistant_generated_model.joblib"",
      ""version"": 1,
      ""model_type"": ""supervised_model"",
      ""parameters"": {
        ""framework"": ""sklearn"",
        ""estimator_class"": ""RandomForestRegressor"",
        ""n_estimators"": 80,
        ""random_state"": 42
      },
      ""metrics"": {
        ""task"": ""regression"",
        ""status"": ""untrained_template""
      },
      ""reference_data"": ""assistant_generated_dataset.csv"",
      ""input_features"": [
        ""feature_a"",
        ""feature_b""
      ],
      ""output_features"": [
        ""target""
      ],
      ""is_trained"": false,
      ""is_tested"": false,
      ""is_deployed"": false
    }
  },
  ""next_actions"": [
    ""Review safety report"",
    ""Approve draft"",
    ""Execute through the guarded execution path""
  ],
  ""model_version"": ""amanaje-slm-bootstrap-0.1"",
  ""prompt_template_version"": ""amanaje-assistant-template-v1"",
  ""context_pack_id"": ""ctx_b61cfa589550"",
  ""context_pack_hash"": ""d3aac9d050f621046c4e0ed2321c8f33be2c0aed8271c5c83c4d3494b07ea97c"",
  ""evaluation_profile"": ""assistant-golden-v1"",
  ""generation_provenance"": {
    ""source_type"": ""assistant"",
    ""provider"": ""amanaje_slm"",
    ""model_version"": ""amanaje-slm-bootstrap-0.1"",
    ""prompt_template_version"": ""amanaje-assistant-template-v1"",
    ""context_pack_id"": ""ctx_b61cfa589550"",
    ""context_pack_hash"": ""d3aac9d050f621046c4e0ed2321c8f33be2c0aed8271c5c83c4d3494b07ea97c"",
    ""fallback_provider"": ""local"",
    ""created_at"": ""2026-05-02T19:26:38.494345""
  },
  ""provider_metadata"": {
    ""provider"": ""amanaje_slm"",
    ""base_model_name"": ""local-workflow-template"",
    ""adapter_path"": ""runtime_artifacts/assistant_models/amanaje_slm"",
    ""context_pack_version"": ""assistant-context-pack-v1"",
    ""safety_profile_version"": ""assistant-safety-v1"",
    ""allowed_dependencies"": [
      ""numpy"",
      ""pandas""
    ],
    ""fallback_provider"": ""local"",
    ""latency_ms"": 1.255,
    ""cache_hit"": false,
    ""runtime"": ""bootstrap"",
    ""fallback_reason"": ""No external SLM runtime is configured; using deterministic local fallback."",
    ""serving_mode"": ""separate-service-ready"",
    ""slm_config"": {
      ""enabled"": false,
      ""base_url"": ""http://localhost:8000/v1"",
      ""model_name"": ""amanaje-assistant"",
      ""timeout_seconds"": 20.0,
      ""max_tokens"": ""[REDACTED]"",
      ""api_key_configured"": ""[REDACTED]"",
      ""model_version"": ""amanaje-slm-bootstrap-0.1""
    }
  }
}","{
  ""status"": ""approved"",
  ""approved"": true,
  ""safety"": {
    ""ok"": true,
    ""risk_level"": ""low"",
    ""profile"": ""dataset_generation"",
    ""violations"": [],
    ""warnings"": [],
    ""allowed_imports"": [
      ""datetime"",
      ""math"",
      ""numpy"",
      ""pandas"",
      ""random"",
      ""statistics""
    ],
    ""allowed_dependencies"": [
      ""numpy"",
      ""pandas""
    ],
    ""blocked_names"": [
      ""__import__"",
      ""breakpoint"",
      ""compile"",
      ""delattr"",
      ""dir"",
      ""eval"",
      ""exec"",
      ""getattr"",
      ""globals"",
      ""input"",
      ""locals"",
      ""open"",
      ""setattr"",
      ""vars""
    ],
    ""materialized_output_checks"": {
      ""csv_text"": true
    }
  },
  ""messages"": [
    ""Dataset code is review-safe and ready for explicit execution approval.""
  ],
  ""required_actions"": [],
  ""reviewed_at"": ""2026-05-02T19:26:38.518272""
}",{},"{
  ""status"": ""completed"",
  ""stage"": ""reviewed"",
  ""metric_count"": 2,
  ""artifact_count"": 0
}",1,1.0
assistant_run,positive,assistant,Make a dataset about keyboards,3101d8e1d0b0cbc53c2df97eabe247a267caf5412532e24e359aa85252e7b80c,,,{},,,"{
  ""draft_id"": ""draft_b783d05ded36"",
  ""session_id"": null,
  ""draft_type"": ""registry_object"",
  ""title"": ""DatasetModel Draft"",
  ""summary"": ""Prepares registry metadata for review before the user submits the manual create form."",
  ""prompt"": ""Make a dataset about keyboards"",
  ""status"": ""draft"",
  ""provider"": ""amanaje_slm"",
  ""created_at"": ""2026-04-29T21:43:24.102756"",
  ""code"": null,
  ""operations"": [],
  ""registry_payload"": {
    ""name"": ""assistant_datasetmodel"",
    ""description"": ""DatasetModel drafted by the Amanaje assistant."",
    ""size"": 0.0,
    ""date"": null,
    ""version"": 1,
    ""history"": [
      {
        ""operation"": ""assistant_draft""
      }
    ],
    ""object_type"": ""dataset"",
    ""path"": ""data/datasets/artifact.csv"",
    ""dataset_type"": ""dataset"",
    ""shape"": [
      100,
      4
    ],
    ""has_features"": false,
    ""features_list"": [
      ""feature_a"",
      ""feature_b"",
      ""segment"",
      ""target""
    ],
    ""connection_string"": """"
  },
  ""registry_type"": ""DatasetModel"",
  ""form_payload"": {
    ""name"": ""assistant_datasetmodel"",
    ""description"": ""DatasetModel drafted by the Amanaje assistant."",
    ""size"": 0.0,
    ""date"": null,
    ""version"": 1,
    ""history"": [
      {
        ""operation"": ""assistant_draft""
      }
    ],
    ""object_type"": ""dataset"",
    ""path"": ""data/datasets/artifact.csv"",
    ""dataset_type"": ""dataset"",
    ""shape"": [
      100,
      4
    ],
    ""has_features"": false,
    ""features_list"": [
      ""feature_a"",
      ""feature_b"",
      ""segment"",
      ""target""
    ],
    ""connection_string"": """"
  },
  ""training_request"": {},
  ""study_request"": {},
  ""execution_profile"": ""registry_object"",
  ""materialized_outputs"": [
    ""registry_payload""
  ],
  ""artifacts"": {
    ""context_pack"": {
      ""id"": ""ctx_5608c5f323ee"",
      ""hash"": ""3101d8e1d0b0cbc53c2df97eabe247a267caf5412532e24e359aa85252e7b80c"",
      ""version"": ""assistant-context-pack-v1"",
      ""payload"": {
        ""context_pack_id"": ""ctx_5608c5f323ee"",
        ""version"": ""assistant-context-pack-v1"",
        ""prompt"": ""Make a dataset about keyboards"",
        ""workflow_goal"": null,
        ""target_type"": ""registry_object"",
        ""provider"": ""amanaje_slm"",
        ""registry_type"": ""DatasetModel"",
        ""form_values"": {
          ""dataset_id"": 1,
          ""registryType"": ""DatasetModel""
        },
        ""constraints"": {},
        ""safety_profile"": ""registry_object"",
        ""allowed_imports"": [],
        ""allowed_dependencies"": [],
        ""content_references"": [
          {
            ""reference_id"": ""ref_0da65d419cf8"",
            ""source_type"": ""project_schema"",
            ""name"": ""assistant_workflow_draft"",
            ""summary"": ""WorkflowDraft is the structured output contract for assistant providers."",
            ""trust_level"": ""project"",
            ""uri"": null,
            ""metadata"": {
              ""target_type"": ""registry_object""
            },
            ""created_at"": ""2026-04-29T21:43:24.101762""
          },
          {
            ""reference_id"": ""ref_ccd3db3edcdf"",
            ""source_type"": ""safety_profile"",
            ""name"": ""registry_object"",
            ""summary"": ""Allowed imports, dependencies, and required outputs for assistant-reviewed code."",
            ""trust_level"": ""project"",
            ""uri"": null,
            ""metadata"": {
              ""allowed_imports"": [],
              ""allowed_dependencies"": [],
              ""required_outputs"": []
            },
            ""created_at"": ""2026-04-29T21:43:24.101826""
          },
          {
            ""reference_id"": ""ref_85eec29377e8"",
            ""source_type"": ""registry_schema"",
            ""name"": ""DatasetModel"",
            ""summary"": ""Manual registry payload target: DatasetModel."",
            ""trust_level"": ""project"",
            ""uri"": null,
            ""metadata"": {
              ""registry_type"": ""DatasetModel""
            },
            ""created_at"": ""2026-04-29T21:43:24.101886""
          }
        ],
        ""compact_summary"": ""target=registry_object; registry_type=DatasetModel; form_keys=dataset_id,registryType; references=3"",
        ""pack_hash"": ""3101d8e1d0b0cbc53c2df97eabe247a267caf5412532e24e359aa85252e7b80c"",
        ""created_at"": ""2026-04-29T21:43:24.102034""
      }
    },
    ""assistant_model_registry_payload"": {
      ""name"": ""amanaje_slm_assistant"",
      ""description"": ""Private assistant model service used by Painel Amanaje."",
      ""object_type"": ""learning_model"",
      ""size"": 0,
      ""path"": ""runtime_artifacts/assistant_models/amanaje_slm"",
      ""version"": ""amanaje-slm-bootstrap-0.1"",
      ""model_type"": ""assistant_llm_adapter"",
      ""parameters"": {
        ""provider"": ""amanaje_slm"",
        ""base_model_name"": ""local-workflow-template"",
        ""prompt_template_version"": ""amanaje-assistant-template-v1"",
        ""context_pack_version"": ""assistant-context-pack-v1"",
        ""safety_profile_version"": ""assistant-safety-v1""
      },
      ""metrics"": {
        ""evaluation_profile"": ""assistant-golden-v1"",
        ""evaluation_score"": null
      },
      ""reference_data"": ""runtime_artifacts/assistant_datasets/interactions.jsonl"",
      ""input_features"": [
        ""prompt"",
        ""context_pack"",
        ""target_type""
      ],
      ""output_features"": [
        ""workflow_draft""
      ],
      ""is_trained"": false,
      ""is_tested"": false,
      ""is_deployed"": false,
      ""history"": [
        {
          ""operation"": ""assistant_model_registered_payload""
        }
      ]
    }
  },
  ""assumptions"": [
    ""The target registry route will perform final Pydantic and ORM validation.""
  ],
  ""risks"": [
    ""References to datasets, models, or studies must exist before the object can be saved.""
  ],
  ""context"": {
    ""registryType"": ""DatasetModel"",
    ""name"": """",
    ""description"": """",
    ""path"": ""data/datasets/artifact.csv"",
    ""size"": 0,
    ""version"": 1,
    ""dataset_type"": ""dataset"",
    ""has_features"": false,
    ""connection_string"": """",
    ""model_type"": ""learning_model"",
    ""reference_data"": """",
    ""is_trained"": false,
    ""is_tested"": false,
    ""is_deployed"": false,
    ""learning_model_id"": 1,
    ""dataset_id"": 1,
    ""sampler"": """",
    ""objective"": """"
  },
  ""next_actions"": [
    ""Review metadata"",
    ""Approve persistence"",
    ""Check dependency report before deletion""
  ],
  ""model_version"": ""amanaje-slm-bootstrap-0.1"",
  ""prompt_template_version"": ""amanaje-assistant-template-v1"",
  ""context_pack_id"": ""ctx_5608c5f323ee"",
  ""context_pack_hash"": ""3101d8e1d0b0cbc53c2df97eabe247a267caf5412532e24e359aa85252e7b80c"",
  ""evaluation_profile"": ""assistant-golden-v1"",
  ""generation_provenance"": {
    ""source_type"": ""assistant"",
    ""provider"": ""amanaje_slm"",
    ""model_version"": ""amanaje-slm-bootstrap-0.1"",
    ""prompt_template_version"": ""amanaje-assistant-template-v1"",
    ""context_pack_id"": ""ctx_5608c5f323ee"",
    ""context_pack_hash"": ""3101d8e1d0b0cbc53c2df97eabe247a267caf5412532e24e359aa85252e7b80c"",
    ""fallback_provider"": ""local"",
    ""created_at"": ""2026-04-29T21:43:24.103023""
  },
  ""provider_metadata"": {
    ""provider"": ""amanaje_slm"",
    ""base_model_name"": ""local-workflow-template"",
    ""adapter_path"": ""runtime_artifacts/assistant_models/amanaje_slm"",
    ""context_pack_version"": ""assistant-context-pack-v1"",
    ""safety_profile_version"": ""assistant-safety-v1"",
    ""allowed_dependencies"": [],
    ""fallback_provider"": ""local"",
    ""latency_ms"": 1.28,
    ""cache_hit"": false,
    ""runtime"": ""bootstrap"",
    ""fallback_reason"": ""No external SLM runtime is configured; using deterministic local fallback."",
    ""serving_mode"": ""separate-service-ready"",
    ""slm_config"": {
      ""enabled"": false,
      ""base_url"": ""http://localhost:8000/v1"",
      ""model_name"": ""amanaje-assistant"",
      ""timeout_seconds"": 20.0,
      ""max_tokens"": ""[REDACTED]"",
      ""api_key_configured"": ""[REDACTED]"",
      ""model_version"": ""amanaje-slm-bootstrap-0.1""
    }
  }
}","{
  ""status"": ""approved"",
  ""approved"": true,
  ""safety"": {
    ""ok"": true,
    ""risk_level"": ""none"",
    ""profile"": ""registry_object"",
    ""violations"": [],
    ""warnings"": [],
    ""allowed_imports"": [
      ""datetime"",
      ""math"",
      ""numpy"",
      ""pandas"",
      ""random"",
      ""sklearn"",
      ""statistics""
    ],
    ""allowed_dependencies"": [],
    ""blocked_names"": [
      ""__import__"",
      ""breakpoint"",
      ""compile"",
      ""delattr"",
      ""dir"",
      ""eval"",
      ""exec"",
      ""getattr"",
      ""globals"",
      ""input"",
      ""locals"",
      ""open"",
      ""setattr"",
      ""vars""
    ],
    ""materialized_output_checks"": {}
  },
  ""messages"": [],
  ""required_actions"": [],
  ""reviewed_at"": ""2026-04-29T21:43:24.103675""
}",{},"{
  ""status"": ""completed"",
  ""stage"": ""reviewed"",
  ""metric_count"": 2,
  ""artifact_count"": 0
}",1,1.0
assistant_run,positive,assistant,,,,,{},,,{},{},{},"{
  ""status"": ""completed"",
  ""stage"": ""executed"",
  ""metric_count"": 2,
  ""artifact_count"": 0
}",1,1.0
assistant_run,positive,assistant,Validate and enrich this InferenceModel registry payload before manual create.,dcaa0f6ff75f8713c1335b08a4927cdfc78b36a87b7382adf593226b44ce0a28,,,{},,,"{
  ""draft_id"": ""draft_688139d63d24"",
  ""session_id"": null,
  ""draft_type"": ""registry_object"",
  ""title"": ""InferenceModel Draft"",
  ""summary"": ""Prepares registry metadata for review before the user submits the manual create form."",
  ""prompt"": ""Validate and enrich this InferenceModel registry payload before manual create."",
  ""status"": ""draft"",
  ""provider"": ""assistant_model_28"",
  ""created_at"": ""2026-05-04T03:34:53.184438"",
  ""code"": null,
  ""operations"": [],
  ""registry_payload"": {
    ""name"": ""assistant_inferencemodel"",
    ""description"": ""InferenceModel drafted by the Amanaje assistant."",
    ""object_type"": ""inference_model"",
    ""path"": ""runtime_artifacts/inference/artifact.json"",
    ""size"": 0,
    ""version"": 1,
    ""history"": [
      {
        ""operation"": ""assistant_draft""
      }
    ],
    ""learning_model_id"": 25,
    ""dataset_id"": 1,
    ""input_features"": [
      ""feature_a"",
      ""feature_b""
    ],
    ""output_features"": [
      ""target""
    ],
    ""inference_params"": {
      ""status"": ""draft"",
      ""source"": ""assistant""
    }
  },
  ""registry_type"": ""InferenceModel"",
  ""form_payload"": {
    ""name"": ""assistant_inferencemodel"",
    ""description"": ""InferenceModel drafted by the Amanaje assistant."",
    ""object_type"": ""inference_model"",
    ""path"": ""runtime_artifacts/inference/artifact.json"",
    ""size"": 0,
    ""version"": 1,
    ""history"": [
      {
        ""operation"": ""assistant_draft""
      }
    ],
    ""learning_model_id"": 25,
    ""dataset_id"": 1,
    ""input_features"": [
      ""feature_a"",
      ""feature_b""
    ],
    ""output_features"": [
      ""target""
    ],
    ""inference_params"": {
      ""status"": ""draft"",
      ""source"": ""assistant""
    }
  },
  ""training_request"": {},
  ""study_request"": {},
  ""execution_profile"": ""registry_object"",
  ""materialized_outputs"": [
    ""registry_payload""
  ],
  ""artifacts"": {
    ""context_pack"": {
      ""id"": ""ctx_b8a4a60bcf6e"",
      ""hash"": ""dcaa0f6ff75f8713c1335b08a4927cdfc78b36a87b7382adf593226b44ce0a28"",
      ""version"": ""assistant-context-pack-v1"",
      ""payload"": {
        ""context_pack_id"": ""ctx_b8a4a60bcf6e"",
        ""version"": ""assistant-context-pack-v1"",
        ""prompt"": ""Validate and enrich this InferenceModel registry payload before manual create."",
        ""workflow_goal"": null,
        ""target_type"": ""registry_object"",
        ""provider"": ""assistant_model_28"",
        ""registry_type"": ""InferenceModel"",
        ""form_values"": {
          ""name"": ""assistant_inferencemodel"",
          ""description"": ""InferenceModel drafted by the Amanaje assistant."",
          ""object_type"": ""inference_model"",
          ""path"": ""runtime_artifacts/inference/artifact.json"",
          ""size"": 0,
          ""version"": 1,
          ""history"": [
            {
              ""operation"": ""assistant_draft""
            }
          ],
          ""learning_model_id"": 25,
          ""dataset_id"": 1,
          ""input_features"": [
            ""feature_a"",
            ""feature_b""
          ],
          ""output_features"": [
            ""target""
          ],
          ""inference_params"": {
            ""status"": ""draft"",
            ""source"": ""assistant""
          }
        },
        ""constraints"": {},
        ""safety_profile"": ""registry_object"",
        ""allowed_imports"": [],
        ""allowed_dependencies"": [],
        ""content_references"": [
          {
            ""reference_id"": ""ref_system_project_schema_registry_object"",
            ""source_type"": ""project_schema"",
            ""name"": ""assistant_workflow_draft"",
            ""summary"": ""WorkflowDraft is the structured output contract for assistant providers."",
            ""trust_level"": ""system"",
            ""uri"": null,
            ""metadata"": {
              ""target_type"": ""registry_object""
            },
            ""content_hash"": null,
            ""tags"": [],
            ""created_at"": ""2026-05-04T03:34:53.179451""
          },
          {
            ""reference_id"": ""ref_system_safety_registry_object"",
            ""source_type"": ""safety_profile"",
            ""name"": ""registry_object"",
            ""summary"": ""Allowed imports, dependencies, and required outputs for assistant-reviewed code."",
            ""trust_level"": ""system"",
            ""uri"": null,
            ""metadata"": {
              ""allowed_imports"": [],
              ""allowed_dependencies"": [],
              ""required_outputs"": []
            },
            ""content_hash"": null,
            ""tags"": [],
            ""created_at"": ""2026-05-04T03:34:53.179472""
          },
          {
            ""reference_id"": ""ref_system_alignment_contracts"",
            ""source_type"": ""alignment_contracts"",
            ""name"": ""assistant_alignment_contracts"",
            ""summary"": ""The five alignment contracts that every private assistant draft is evaluated against."",
            ""trust_level"": ""system"",
            ""uri"": null,
            ""metadata"": {
              ""output_alignment"": ""Every response must validate as WorkflowDraft and include the required workflow outputs."",
              ""safety_alignment"": ""Generated code must pass assistant_safety.py before approval or execution."",
              ""registry_alignment"": ""Registry drafts must map to the supported manual registry object payloads."",
              ""dependency_alignment"": ""Drafted code must stay inside allowed imports, dependencies, and artifact formats."",
              ""mlflow_alignment"": ""Drafts, evals, context packs, prompt versions, and model versions must be traceable.""
            },
            ""content_hash"": null,
            ""tags"": [],
            ""created_at"": ""2026-05-04T03:34:53.179487""
          },
          {
            ""reference_id"": ""ref_system_prompt_registry_object"",
            ""source_type"": ""prompt_template"",
            ""name"": ""amanaje-assistant-template-v1"",
            ""summary"": ""Draft a form-ready registry payload for the selected registry type using internal schema references. Do not create the object; only return metadata."",
            ""trust_level"": ""system"",
            ""uri"": null,
            ""metadata"": {
              ""prompt_template_version"": ""amanaje-assistant-template-v1""
            },
            ""content_hash"": null,
            ""tags"": [],
            ""created_at"": ""2026-05-04T03:34:53.179501""
          },
          {
            ""reference_id"": ""ref_system_writing_guide"",
            ""source_type"": ""draft_writing_guide"",
            ""name"": ""amanaje_assistant_writing_guide"",
            ""summary"": ""Project writing guidance for draft titles, summaries, metadata, risks, assumptions, and next actions."",
            ""trust_level"": ""system"",
            ""uri"": null,
            ""metadata"": {
              ""voice"": ""Concrete, project-aware, concise, and operational."",
              ""titles"": ""Name the artifact or workflow outcome, not the assistant action."",
              ""summaries"": ""State what the draft creates, how it fits Painel Amanaje, and what remains for user approval."",
              ""metadata"": ""Prefer registry-compatible names, versions, paths, feature names, and dependency declarations."",
              ""risks"": ""Name practical limitations such as synthetic distribution mismatch, missing IDs, or untrained artifacts."",
              ""next_actions"": ""Use short workflow actions that match reviewed draft, guarded run, upload, or registry submit steps."",
              ""references"": ""Use internal reference summaries and cite their reference IDs in metadata when they shape the draft."",
              ""originality"": ""Generate project-specific assets from the request and internal references; do not copy raw reference text.""
            },
            ""content_hash"": null,
            ""tags"": [],
            ""created_at"": ""2026-05-04T03:34:53.179516""
          },
          {
            ""reference_id"": ""ref_system_quality_rubric"",
            ""source_type"": ""draft_quality_rubric"",
            ""name"": ""amanaje_assistant_quality_rubric"",
            ""summary"": ""Quality checks used to evaluate generated draft text and metadata."",
            ""trust_level"": ""system"",
            ""uri"": null,
            ""metadata"": {
              ""title_quality"": ""Title is specific to the requested artifact or workflow."",
              ""summary_quality"": ""Summary is not generic and explains the generated draft's project fit."",
              ""metadata_quality"": ""Registry metadata and materialized outputs match project schemas."",
              ""risk_quality"": ""Risks and assumptions are concrete enough for user review."",
              ""reference_quality"": ""Internal references are summarized, traceable, and not copied raw into prompts.""
            },
            ""content_hash"": null,
            ""tags"": [],
            ""created_at"": ""2026-05-04T03:34:53.179531""
          },
          {
            ""reference_id"": ""ref_system_mlflow_tracking"",
            ""source_type"": ""mlflow_tracking"",
            ""name"": ""assistant/amanaje_slm"",
            ""summary"": ""Assistant model versions, evals, training examples, and promotion reports are tracked in MLflow."",
            ""trust_level"": ""system"",
            ""uri"": ""assistant/amanaje_slm"",
            ""metadata"": {
              ""experiment_name"": ""assistant/amanaje_slm"",
              ""evaluation_profile"": ""assistant-golden-v1"",
              ""context_pack_version"": ""assistant-context-pack-v1""
            },
            ""content_hash"": null,
            ""tags"": [],
            ""created_at"": ""2026-05-04T03:34:53.179547""
          },
          {
            ""reference_id"": ""ref_system_registry_InferenceModel"",
            ""source_type"": ""registry_schema"",
            ""name"": ""InferenceModel"",
            ""summary"": ""Manual registry payload target: InferenceModel."",
            ""trust_level"": ""system"",
            ""uri"": null,
            ""metadata"": {
              ""registry_type"": ""InferenceModel""
            },
            ""content_hash"": null,
            ""tags"": [],
            ""created_at"": ""2026-05-04T03:34:53.179587""
          },
          {
            ""reference_id"": ""ref_runtime_assistant_reference_snapshot"",
            ""source_type"": ""runtime_context"",
            ""name"": ""assistant_reference_snapshot"",
            ""summary"": ""keys: eval_dir, interactions_path, recent_evals, recent_examples, source_type"",
            ""trust_level"": ""runtime"",
            ""uri"": null,
            ""metadata"": {
              ""source_type"": ""assistant_reference_snapshot"",
              ""interactions_path"": ""/app/runtime_artifacts/assistant_datasets/interactions.jsonl"",
              ""eval_dir"": ""/app/runtime_artifacts/assistant_evals"",
              ""recent_examples"": [
                {
                  ""label"": ""positive"",
                  ""workflow_type"": ""model_generation"",
                  ""provider"": ""assistant_model_28"",
                  ""model_version"": ""registry-assistant-draft-0.1"",
                  ""context_pack_hash"": ""5924cc0d09d219f3f12ab7122e89dc3507c2ac568b5a10f9702aff026e91389d"",
                  ""review_status"": ""approved""
                },
                {
                  ""label"": ""corrected"",
                  ""workflow_type"": ""model_generation"",
                  ""provider"": ""assistant_model_28"",
                  ""model_version"": ""registry-assistant-draft-0.1"",
                  ""context_pack_hash"": ""5924cc0d09d219f3f12ab7122e89dc3507c2ac568b5a10f9702aff026e91389d"",
                  ""review_status"": ""approved""
                },
                {
                  ""label"": ""negative"",
                  ""workflow_type"": ""registry_object"",
                  ""provider"": ""assistant_model_28"",
                  ""model_version"": ""registry-assistant-draft-0.1"",
                  ""context_pack_hash"": ""f3817d549536a989c8e7cbc6873783e980359c0bf7fd3750d74c768b8d90cbad"",
                  ""review_status"": ""needs_revision""
                }
              ],
              ""recent_evals"": [
                {
                  ""f

[TRUNCATED: original_length=37648]","{
  ""status"": ""approved"",
  ""approved"": true,
  ""safety"": {
    ""ok"": true,
    ""risk_level"": ""none"",
    ""profile"": ""registry_object"",
    ""violations"": [],
    ""warnings"": [],
    ""allowed_imports"": [
      ""datetime"",
      ""math"",
      ""numpy"",
      ""pandas"",
      ""random"",
      ""sklearn"",
      ""statistics""
    ],
    ""allowed_dependencies"": [],
    ""blocked_names"": [
      ""__import__"",
      ""breakpoint"",
      ""compile"",
      ""delattr"",
      ""dir"",
      ""eval"",
      ""exec"",
      ""getattr"",
      ""globals"",
      ""input"",
      ""locals"",
      ""open"",
      ""setattr"",
      ""vars""
    ],
    ""materialized_output_checks"": {}
  },
  ""messages"": [],
  ""required_actions"": [],
  ""reviewed_at"": ""2026-05-04T03:34:53.187781""
}",{},"{
  ""status"": ""completed"",
  ""stage"": ""reviewed"",
  ""metric_count"": 4,
  ""artifact_count"": 0
}",1,1.0
assistant_run,positive,assistant,Make a model about classification,7b76b9ece8e0a9b1b1bb085b885522eca44337955ab4c2827e643382fcabf995,,,{},,,"{
  ""draft_id"": ""draft_3e993ddd578b"",
  ""session_id"": null,
  ""draft_type"": ""model_generation"",
  ""title"": ""Generated Model Draft"",
  ""summary"": ""Creates a scikit-learn joblib artifact and matching LearningModel metadata for the Create workspace."",
  ""prompt"": ""Make a model about classification"",
  ""status"": ""draft"",
  ""provider"": ""amanaje_slm"",
  ""created_at"": ""2026-04-29T21:42:34.297048"",
  ""code"": ""# Assistant model draft\n# Make a model about classification\n\nimport base64\nimport io\nimport joblib\nfrom sklearn.ensemble import RandomForestRegressor\n\nmodel = RandomForestRegressor(n_estimators=80, random_state=42)\nbuffer = io.BytesIO()\njoblib.dump(model, buffer)\nbuffer.seek(0)\n\njoblib_bytes = base64.b64encode(buffer.getvalue()).decode(\""utf-8\"")\nname = \""assistant_generated_model\""\ndescription = \""Scikit-learn model artifact drafted by the Amanaje assistant.\""\nobject_type = \""learning_model\""\npath = \""generated/assistant_generated_model.joblib\""\nversion = 1\nmodel_type = \""supervised_model\""\nparameters = {\""framework\"": \""sklearn\"", \""estimator_class\"": \""RandomForestRegressor\"", \""n_estimators\"": 80, \""random_state\"": 42}\nmetrics = {\""task\"": \""regression\"", \""status\"": \""untrained_template\""}\nreference_data = \""assistant_generated_dataset.csv\""\ninput_features = [\""feature_a\"", \""feature_b\""]\noutput_features = [\""target\""]\nis_trained = False\nis_tested = False\nis_deployed = False"",
  ""operations"": [],
  ""registry_payload"": {},
  ""registry_type"": null,
  ""form_payload"": {},
  ""training_request"": {},
  ""study_request"": {},
  ""execution_profile"": ""model_generation"",
  ""materialized_outputs"": [
    ""joblib_bytes"",
    ""name"",
    ""parameters"",
    ""metrics"",
    ""input_features"",
    ""output_features""
  ],
  ""artifacts"": {
    ""context_pack"": {
      ""id"": ""ctx_2455160a405b"",
      ""hash"": ""7b76b9ece8e0a9b1b1bb085b885522eca44337955ab4c2827e643382fcabf995"",
      ""version"": ""assistant-context-pack-v1"",
      ""payload"": {
        ""context_pack_id"": ""ctx_2455160a405b"",
        ""version"": ""assistant-context-pack-v1"",
        ""prompt"": ""Make a model about classification"",
        ""workflow_goal"": null,
        ""target_type"": ""model_generation"",
        ""provider"": ""amanaje_slm"",
        ""registry_type"": null,
        ""form_values"": {},
        ""constraints"": {},
        ""safety_profile"": ""model_generation"",
        ""allowed_imports"": [
          ""base64"",
          ""io"",
          ""joblib"",
          ""numpy"",
          ""pandas"",
          ""sklearn""
        ],
        ""allowed_dependencies"": [
          ""joblib"",
          ""numpy"",
          ""pandas"",
          ""scikit-learn""
        ],
        ""content_references"": [
          {
            ""reference_id"": ""ref_8ddb2ce9bc4f"",
            ""source_type"": ""project_schema"",
            ""name"": ""assistant_workflow_draft"",
            ""summary"": ""WorkflowDraft is the structured output contract for assistant providers."",
            ""trust_level"": ""project"",
            ""uri"": null,
            ""metadata"": {
              ""target_type"": ""model_generation""
            },
            ""created_at"": ""2026-04-29T21:42:34.296186""
          },
          {
            ""reference_id"": ""ref_8cb291829479"",
            ""source_type"": ""safety_profile"",
            ""name"": ""model_generation"",
            ""summary"": ""Allowed imports, dependencies, and required outputs for assistant-reviewed code."",
            ""trust_level"": ""project"",
            ""uri"": null,
            ""metadata"": {
              ""allowed_imports"": [
                ""sklearn"",
                ""pandas"",
                ""joblib"",
                ""io"",
                ""base64"",
                ""numpy""
              ],
              ""allowed_dependencies"": [
                ""joblib"",
                ""scikit-learn"",
                ""numpy"",
                ""pandas""
              ],
              ""required_outputs"": [
                ""joblib_bytes""
              ]
            },
            ""created_at"": ""2026-04-29T21:42:34.296280""
          }
        ],
        ""compact_summary"": ""target=model_generation; references=2"",
        ""pack_hash"": ""7b76b9ece8e0a9b1b1bb085b885522eca44337955ab4c2827e643382fcabf995"",
        ""created_at"": ""2026-04-29T21:42:34.296411""
      }
    },
    ""assistant_model_registry_payload"": {
      ""name"": ""amanaje_slm_assistant"",
      ""description"": ""Private assistant model service used by Painel Amanaje."",
      ""object_type"": ""learning_model"",
      ""size"": 0,
      ""path"": ""runtime_artifacts/assistant_models/amanaje_slm"",
      ""version"": ""amanaje-slm-bootstrap-0.1"",
      ""model_type"": ""assistant_llm_adapter"",
      ""parameters"": {
        ""provider"": ""amanaje_slm"",
        ""base_model_name"": ""local-workflow-template"",
        ""prompt_template_version"": ""amanaje-assistant-template-v1"",
        ""context_pack_version"": ""assistant-context-pack-v1"",
        ""safety_profile_version"": ""assistant-safety-v1""
      },
      ""metrics"": {
        ""evaluation_profile"": ""assistant-golden-v1"",
        ""evaluation_score"": null
      },
      ""reference_data"": ""runtime_artifacts/assistant_datasets/interactions.jsonl"",
      ""input_features"": [
        ""prompt"",
        ""context_pack"",
        ""target_type""
      ],
      ""output_features"": [
        ""workflow_draft""
      ],
      ""is_trained"": false,
      ""is_tested"": false,
      ""is_deployed"": false,
      ""history"": [
        {
          ""operation"": ""assistant_model_registered_payload""
        }
      ]
    }
  },
  ""assumptions"": [
    ""The first assistant-generated model artifact is a scikit-learn joblib template."",
    ""The generated artifact is intended for registry creation, not immediate production deployment.""
  ],
  ""risks"": [
    ""The model is not trained until it is paired with a dataset and submitted to the training workflow.""
  ],
  ""context"": {
    ""operationId"": ""models"",
    ""existing_metadata"": {
      ""name"": ""assistant_generated_dataset"",
      ""description"": ""Dataset drafted by the Amanaje assistant."",
      ""object_type"": ""dataset"",
      ""dataset_type"": ""dataset"",
      ""version"": 1,
      ""connection_string"": """",
      ""csv_text"": ""feature_a,feature_b,segment,target\n10.6094,2,growth,10.424\n7.92,1,baseline,6.9623\n11.5009,3,baseline,12.7194\n11.8811,4,growth,15.0205\n6.0979,1,baseline,5.8138\n7.3956,3,baseline,9.9989\n10.2557,1,growth,7.6539\n9.3675,3,risk,11.0329\n9.9664,3,baseline,11.0549\n8.2939,2,baseline,8.1963\n11.7588,3,baseline,12.2921\n11.5556,1,growth,9.4219\n10.1321,0,risk,7.5504\n12.2545,0,risk,7.915\n10.935,2,risk,10.6698\n8.2814,4,risk,11.5549\n10.7375,0,baseline,7.3524\n8.0822,2,baseline,9.1589\n11.7569,3,growth,12.9989\n9.9001,1,risk,9.0988\n9.6303,3,risk,11.164\n8.6381,1,baseline,7.1987\n12.4451,4,baseline,14.5996\n9.6909,2,baseline,9.9049\n9.1433,2,baseline,9.4886\n9.2957,0,growth,5.9648\n11.0646,2,growth,10.7905\n10.7309,4,growth,13.6257\n10.8255,0,baseline,8.8366\n10.8616,3,risk,13.0415\n14.2833,2,growth,12.5717\n9.1872,3,risk,10.7873\n8.9755,3,risk,10.0511\n8.3725,2,baseline,8.5654\n11.232,1,baseline,9.5202\n12.2579,3,risk,13.6835\n9.7721,0,growth,6.4759\n8.3197,2,baseline,8.4967\n8.351,0,growth,4.7721\n11.3012,3,growth,12.3295\n11.4865,3,risk,12.0093\n11.0863,0,baseline,7.4957\n8.669,3,risk,10.1299\n10.4643,2,risk,10.2779\n10.2334,3,baseline,10.7845\n10.4374,0,baseline,6.5727\n11.7429,0,growth,9.2847\n10.4472,2,baseline,9.6693\n11.3578,0,baseline,7.4021\n10.1352,1,growth,9.5131\n10.5782,3,risk,13.3573\n11.2626,0,risk,7.298\n7.0857,3,baseline,9.2759\n9.3607,0,risk,6.7233\n9.0593,0,baseline,7.2059\n8.7222,2,risk,8.6121\n9.4497,3,risk,10.9922\n12.9899,0,risk,9.4816\n8.2683,1,baseline,7.5052\n11.9366,4,risk,14.1675\n6.6343,4,baseline,10.5771\n9.3302,2,growth,8.8437\n10.3255,2,growth,10.1088\n11.1724,1,baseline,9.1875\n11.4225,3,baseline,12.6118\n11.5867,2,risk,10.833\n9.3025,1,growth,8.2475\n9.0753,0,growth,6.8591\n11.716,0,growth,8.2789\n9.6174,4,growth,12.9081\n7.4486,2,risk,8.2406\n7.7334,2,baseline,8.4134\n8.1611,2,risk,8.352\n10.9943,3,risk,12.3543\n10.2849,0,growth,7.1508\n11.381,0,baseline,9.0133\n9.1455,1,baseline,8.6885\n10.3171,2,risk,10.4149\n11.2512,3,risk,11.9943\n9.3813,2,baseline,9.0107\n10.9136,2,baseline,11.2351\n8.6761,4,baseline,12.2046\n9.2739,0,baseline,6.7318\n9.2365,2,risk,8.5933\n7.6083,2,risk,8.7895\n10.9739,2,baseline,10.9089\n9.0612,4,risk,11.7876\n10.025,1,baseline,8.2817\n10.9615,4,growth,13.8049\n10.8931,1,growth,9.1514\n11.3308,2,risk,10.7855\n9.803,2,risk,9.8104\n9.1534,4,baseline,12.2814\n9.8406,2,baseline,9.9647\n6.6253,1,baseline,6.8735\n7.1058,0,baseline,3.6907\n7.3546,1,risk,6.5298\n8.0055,4,risk,11.6921\n10.7995,0,baseline,7.7076\n8.189,4,risk,11.5463\n""
    }
  },
  ""next_actions"": [
    ""Review safety report"",
    ""Run through guarded execution"",
    ""Create the model through the existing upload backend""
  ],
  ""model_version"": ""amanaje-slm-bootstrap-0.1"",
  ""prompt_template_version"": ""amanaje-assistant-template-v1"",
  ""context_pack_id"": ""ctx_2455160a405b"",
  ""context_pack_hash"": ""7b76b9ece8e0a9b1b1bb085b885522eca44337955ab4c2827e643382fcabf995"",
  ""evaluation_profile"": ""assistant-golden-v1"",
  ""generation_provenance"": {
    ""source_type"": ""assistant"",
    ""provider"": ""amanaje_slm"",
    ""model_version"": ""amanaje-slm-bootstrap-0.1"",
    ""prompt_template_version"": ""amanaje-assistant-template-v1"",
    ""context_pack_id"": ""ctx_2455160a405b"",
    ""context_pack_hash"": ""7b76b9ece8e0a9b1b1bb085b885522eca44337955ab4c2827e643382fcabf995"",
    ""fallback_provider"": ""local"",
    ""created_at"": ""2026-04-29T21:42:34.297238""
  },
  ""provider_metadata"": {
    ""provider"": ""amanaje_slm"",
    ""base_model_name"": ""local-workflow-template"",
    ""adapter_path"": ""runtime_artifacts/assistant_models/amanaje_slm"",
    ""context_pack_version"": ""assistant-context-pack-v1"",
    ""safety_profile_version"": ""assistant-safety-v1"",
    ""allowed_dependencies"": [
      ""joblib"",
      ""numpy"",
      ""pandas"",
      ""scikit-learn""
    ],
    ""fallback_provider"": ""local"",
    ""latency_ms"": 1.141,
    ""cache_hit"": false,
    ""runtime"": ""bootstrap"",
    ""fallback_reason"": ""No external SLM runtime is configured; using deterministic local fallback."",
    ""serving_mode"": ""separate-service-ready"",
    ""slm_config"": {
      ""enabled"": false,
      ""base_url"": ""http://localhost:8000/v1"",
      ""model_name"": ""amanaje-assistant"",
      ""timeout_seconds"": 20.0,
      ""max_tokens"": ""[REDACTED]"",
      ""api_key_configured"": ""[REDACTED]"",
      ""model_version"": ""amanaje-slm-bootstrap-0.1""
    }
  }
}","{
  ""status"": ""approved"",
  ""approved"": true,
  ""safety"": {
    ""ok"": true,
    ""risk_level"": ""low"",
    ""profile"": ""model_generation"",
    ""violations"": [],
    ""warnings"": [],
    ""allowed_imports"": [
      ""base64"",
      ""io"",
      ""joblib"",
      ""numpy"",
      ""pandas"",
      ""sklearn""
    ],
    ""allowed_dependencies"": [
      ""joblib"",
      ""numpy"",
      ""pandas"",
      ""scikit-learn""
    ],
    ""blocked_names"": [
      ""__import__"",
      ""breakpoint"",
      ""compile"",
      ""delattr"",
      ""dir"",
      ""eval"",
      ""exec"",
      ""getattr"",
      ""globals"",
      ""input"",
      ""locals"",
      ""open"",
      ""setattr"",
      ""vars""
    ],
    ""materialized_output_checks"": {
      ""joblib_bytes"": true
    }
  },
  ""messages"": [
    ""Model code is review-safe and ready for guarded execution.""
  ],
  ""required_actions"": [],
  ""reviewed_at"": ""2026-04-29T21:42:34.301206""
}",{},"{
  ""status"": ""completed"",
  ""stage"": ""reviewed"",
  ""metric_count"": 2,
  ""artifact_count"": 0
}",1,1.0
assistant_run,positive,assistant,Make a dataset about keyboards,,,,{},,,"{
  ""draft_id"": ""draft_fa6f5257283a"",
  ""session_id"": null,
  ""draft_type"": ""dataset_generation"",
  ""title"": ""Generated Dataset Draft"",
  ""summary"": ""Creates a tabular dataset and exposes it as csv_text for the existing upload/create flow."",
  ""prompt"": ""Make a dataset about keyboards"",
  ""status"": ""draft"",
  ""provider"": ""local"",
  ""created_at"": ""2026-04-28T17:14:23.310909"",
  ""code"": ""# Assistant dataset draft\n# Make a dataset about keyboards\n\nimport numpy as np\nimport pandas as pd\n\nrng = np.random.default_rng(42)\nrow_count = 100\ndf = pd.DataFrame({\n    \""feature_a\"": rng.normal(10, 2, row_count).round(4),\n    \""feature_b\"": rng.integers(0, 5, row_count),\n    \""segment\"": rng.choice([\""baseline\"", \""growth\"", \""risk\""], row_count),\n})\ndf[\""target\""] = (df[\""feature_a\""] * 0.7 + df[\""feature_b\""] * 1.5 + rng.normal(0, 0.5, row_count)).round(4)\n\ncsv_text = df.to_csv(index=False)\nname = \""assistant_generated_dataset\""\ndescription = \""Dataset drafted by the Amanaje assistant.\""\nobject_type = \""dataset\""\ndataset_type = \""dataset\""\nversion = 1\nconnection_string = \""\"""",
  ""operations"": [],
  ""registry_payload"": {},
  ""training_request"": {},
  ""study_request"": {},
  ""artifacts"": {},
  ""assumptions"": [
    ""The generated dataset is synthetic."",
    ""The draft only prepares csv_text; it does not write files or registry rows.""
  ],
  ""risks"": [
    ""Synthetic data may not represent the target production distribution.""
  ],
  ""context"": {
    ""operationId"": ""datasets"",
    ""existing_metadata"": {}
  },
  ""next_actions"": [
    ""Review safety report"",
    ""Approve draft"",
    ""Execute through the guarded execution path""
  ]
}","{
  ""status"": ""approved"",
  ""approved"": true,
  ""safety"": {
    ""ok"": true,
    ""risk_level"": ""low"",
    ""violations"": [],
    ""warnings"": [],
    ""allowed_imports"": [
      ""datetime"",
      ""math"",
      ""numpy"",
      ""pandas"",
      ""random"",
      ""sklearn"",
      ""statistics""
    ],
    ""blocked_names"": [
      ""__import__"",
      ""breakpoint"",
      ""compile"",
      ""delattr"",
      ""dir"",
      ""eval"",
      ""exec"",
      ""getattr"",
      ""globals"",
      ""input"",
      ""locals"",
      ""open"",
      ""setattr"",
      ""vars""
    ]
  },
  ""messages"": [
    ""Dataset code is review-safe and ready for explicit execution approval.""
  ],
  ""required_actions"": [],
  ""reviewed_at"": ""2026-04-28T17:14:23.522898""
}",{},"{
  ""status"": ""completed"",
  ""stage"": ""reviewed"",
  ""metric_count"": 0,
  ""artifact_count"": 0
}",1,1.0
assistant_run,positive,assistant,,,,,{},,,{},{},{},"{
  ""status"": ""completed"",
  ""stage"": ""executed"",
  ""metric_count"": 2,
  ""artifact_count"": 0
}",1,1.0
assistant_run,positive,assistant,make a dataset about keyboards,b60db6cbc0998a81b4ec07c24d86fc7c442461f988278722d9dcfeedc9e30d0b,,,{},,,"{
  ""draft_id"": ""draft_f15deb5c5aa4"",
  ""session_id"": null,
  ""draft_type"": ""dataset_generation"",
  ""title"": ""Generated Dataset Draft"",
  ""summary"": ""Creates a tabular dataset and exposes it as csv_text for the existing upload/create flow."",
  ""prompt"": ""make a dataset about keyboards"",
  ""status"": ""draft"",
  ""provider"": ""amanaje_slm"",
  ""created_at"": ""2026-05-01T19:12:27.437301"",
  ""code"": ""# Assistant dataset draft\n# make a dataset about keyboards\n\nimport numpy as np\nimport pandas as pd\n\nrng = np.random.default_rng(42)\nrow_count = 100\ndf = pd.DataFrame({\n    \""feature_a\"": rng.normal(10, 2, row_count).round(4),\n    \""feature_b\"": rng.integers(0, 5, row_count),\n    \""segment\"": rng.choice([\""baseline\"", \""growth\"", \""risk\""], row_count),\n})\ndf[\""target\""] = (df[\""feature_a\""] * 0.7 + df[\""feature_b\""] * 1.5 + rng.normal(0, 0.5, row_count)).round(4)\n\ncsv_text = df.to_csv(index=False)\nname = \""assistant_generated_dataset\""\ndescription = \""Dataset drafted by the Amanaje assistant.\""\nobject_type = \""dataset\""\ndataset_type = \""dataset\""\nversion = 1\nconnection_string = \""\"""",
  ""operations"": [],
  ""registry_payload"": {},
  ""registry_type"": null,
  ""form_payload"": {},
  ""training_request"": {},
  ""study_request"": {},
  ""execution_profile"": ""dataset_generation"",
  ""materialized_outputs"": [
    ""csv_text"",
    ""name"",
    ""description"",
    ""object_type"",
    ""dataset_type""
  ],
  ""artifacts"": {
    ""context_pack"": {
      ""id"": ""ctx_c1ed885e6c7a"",
      ""hash"": ""b60db6cbc0998a81b4ec07c24d86fc7c442461f988278722d9dcfeedc9e30d0b"",
      ""version"": ""assistant-context-pack-v1"",
      ""payload"": {
        ""context_pack_id"": ""ctx_c1ed885e6c7a"",
        ""version"": ""assistant-context-pack-v1"",
        ""prompt"": ""make a dataset about keyboards"",
        ""workflow_goal"": null,
        ""target_type"": ""dataset_generation"",
        ""provider"": ""amanaje_slm"",
        ""registry_type"": null,
        ""form_values"": {},
        ""constraints"": {},
        ""safety_profile"": ""dataset_generation"",
        ""allowed_imports"": [
          ""datetime"",
          ""math"",
          ""numpy"",
          ""pandas"",
          ""random"",
          ""statistics""
        ],
        ""allowed_dependencies"": [
          ""numpy"",
          ""pandas""
        ],
        ""content_references"": [
          {
            ""reference_id"": ""ref_655b1f39ec8a"",
            ""source_type"": ""project_schema"",
            ""name"": ""assistant_workflow_draft"",
            ""summary"": ""WorkflowDraft is the structured output contract for assistant providers."",
            ""trust_level"": ""project"",
            ""uri"": null,
            ""metadata"": {
              ""target_type"": ""dataset_generation""
            },
            ""created_at"": ""2026-05-01T19:12:27.435709""
          },
          {
            ""reference_id"": ""ref_7714a4122415"",
            ""source_type"": ""safety_profile"",
            ""name"": ""dataset_generation"",
            ""summary"": ""Allowed imports, dependencies, and required outputs for assistant-reviewed code."",
            ""trust_level"": ""project"",
            ""uri"": null,
            ""metadata"": {
              ""allowed_imports"": [
                ""math"",
                ""statistics"",
                ""datetime"",
                ""random"",
                ""numpy"",
                ""pandas""
              ],
              ""allowed_dependencies"": [
                ""numpy"",
                ""pandas""
              ],
              ""required_outputs"": [
                ""csv_text""
              ]
            },
            ""created_at"": ""2026-05-01T19:12:27.435823""
          }
        ],
        ""compact_summary"": ""target=dataset_generation; references=2"",
        ""pack_hash"": ""b60db6cbc0998a81b4ec07c24d86fc7c442461f988278722d9dcfeedc9e30d0b"",
        ""created_at"": ""2026-05-01T19:12:27.436025""
      }
    },
    ""assistant_model_registry_payload"": {
      ""name"": ""amanaje_slm_assistant"",
      ""description"": ""Private assistant model service used by Painel Amanaje."",
      ""object_type"": ""learning_model"",
      ""size"": 0,
      ""path"": ""runtime_artifacts/assistant_models/amanaje_slm"",
      ""version"": ""amanaje-slm-bootstrap-0.1"",
      ""model_type"": ""assistant_llm_adapter"",
      ""parameters"": {
        ""provider"": ""amanaje_slm"",
        ""base_model_name"": ""local-workflow-template"",
        ""prompt_template_version"": ""amanaje-assistant-template-v1"",
        ""context_pack_version"": ""assistant-context-pack-v1"",
        ""safety_profile_version"": ""assistant-safety-v1""
      },
      ""metrics"": {
        ""evaluation_profile"": ""assistant-golden-v1"",
        ""evaluation_score"": null
      },
      ""reference_data"": ""runtime_artifacts/assistant_datasets/interactions.jsonl"",
      ""input_features"": [
        ""prompt"",
        ""context_pack"",
        ""target_type""
      ],
      ""output_features"": [
        ""workflow_draft""
      ],
      ""is_trained"": false,
      ""is_tested"": false,
      ""is_deployed"": false,
      ""history"": [
        {
          ""operation"": ""assistant_model_registered_payload""
        }
      ]
    }
  },
  ""assumptions"": [
    ""The generated dataset is synthetic."",
    ""The draft only prepares csv_text; it does not write files or registry rows.""
  ],
  ""risks"": [
    ""Synthetic data may not represent the target production distribution.""
  ],
  ""context"": {
    ""operationId"": ""datasets"",
    ""existing_metadata"": {}
  },
  ""next_actions"": [
    ""Review safety report"",
    ""Approve draft"",
    ""Execute through the guarded execution path""
  ],
  ""model_version"": ""amanaje-slm-bootstrap-0.1"",
  ""prompt_template_version"": ""amanaje-assistant-template-v1"",
  ""context_pack_id"": ""ctx_c1ed885e6c7a"",
  ""context_pack_hash"": ""b60db6cbc0998a81b4ec07c24d86fc7c442461f988278722d9dcfeedc9e30d0b"",
  ""evaluation_profile"": ""assistant-golden-v1"",
  ""generation_provenance"": {
    ""source_type"": ""assistant"",
    ""provider"": ""amanaje_slm"",
    ""model_version"": ""amanaje-slm-bootstrap-0.1"",
    ""prompt_template_version"": ""amanaje-assistant-template-v1"",
    ""context_pack_id"": ""ctx_c1ed885e6c7a"",
    ""context_pack_hash"": ""b60db6cbc0998a81b4ec07c24d86fc7c442461f988278722d9dcfeedc9e30d0b"",
    ""fallback_provider"": ""local"",
    ""created_at"": ""2026-05-01T19:12:27.437685""
  },
  ""provider_metadata"": {
    ""provider"": ""amanaje_slm"",
    ""base_model_name"": ""local-workflow-template"",
    ""adapter_path"": ""runtime_artifacts/assistant_models/amanaje_slm"",
    ""context_pack_version"": ""assistant-context-pack-v1"",
    ""safety_profile_version"": ""assistant-safety-v1"",
    ""allowed_dependencies"": [
      ""numpy"",
      ""pandas""
    ],
    ""fallback_provider"": ""local"",
    ""latency_ms"": 2.078,
    ""cache_hit"": false,
    ""runtime"": ""bootstrap"",
    ""fallback_reason"": ""No external SLM runtime is configured; using deterministic local fallback."",
    ""serving_mode"": ""separate-service-ready"",
    ""slm_config"": {
      ""enabled"": false,
      ""base_url"": ""http://localhost:8000/v1"",
      ""model_name"": ""amanaje-assistant"",
      ""timeout_seconds"": 20.0,
      ""max_tokens"": ""[REDACTED]"",
      ""api_key_configured"": ""[REDACTED]"",
      ""model_version"": ""amanaje-slm-bootstrap-0.1""
    }
  }
}","{
  ""status"": ""approved"",
  ""approved"": true,
  ""safety"": {
    ""ok"": true,
    ""risk_level"": ""low"",
    ""profile"": ""dataset_generation"",
    ""violations"": [],
    ""warnings"": [],
    ""allowed_imports"": [
      ""datetime"",
      ""math"",
      ""numpy"",
      ""pandas"",
      ""random"",
      ""statistics""
    ],
    ""allowed_dependencies"": [
      ""numpy"",
      ""pandas""
    ],
    ""blocked_names"": [
      ""__import__"",
      ""breakpoint"",
      ""compile"",
      ""delattr"",
      ""dir"",
      ""eval"",
      ""exec"",
      ""getattr"",
      ""globals"",
      ""input"",
      ""locals"",
      ""open"",
      ""setattr"",
      ""vars""
    ],
    ""materialized_output_checks"": {
      ""csv_text"": true
    }
  },
  ""messages"": [
    ""Dataset code is review-safe and ready for explicit execution approval.""
  ],
  ""required_actions"": [],
  ""reviewed_at"": ""2026-05-01T19:12:27.443186""
}",{},"{
  ""status"": ""completed"",
  ""stage"": ""reviewed"",
  ""metric_count"": 2,
  ""artifact_count"": 0
}",1,1.0
assistant_run,positive,assistant,Make a dataset about keyboards,,,,{},,,"{
  ""draft_id"": ""draft_b5ef78ceb068"",
  ""session_id"": null,
  ""draft_type"": ""registry_object"",
  ""title"": ""Registry Object Draft"",
  ""summary"": ""Prepares registry metadata for review before persistence."",
  ""prompt"": ""Make a dataset about keyboards"",
  ""status"": ""draft"",
  ""provider"": ""local"",
  ""created_at"": ""2026-04-28T17:13:11.193301"",
  ""code"": null,
  ""operations"": [],
  ""registry_payload"": {
    ""name"": ""assistant_registry_object"",
    ""description"": ""Registry object drafted by the Amanaje assistant."",
    ""object_type"": ""dataset"",
    ""version"": 1,
    ""history"": [
      {
        ""operation"": ""assistant_draft""
      }
    ]
  },
  ""training_request"": {},
  ""study_request"": {},
  ""artifacts"": {},
  ""assumptions"": [
    ""The target registry route will perform final Pydantic and ORM validation.""
  ],
  ""risks"": [
    ""References to datasets, models, or studies must exist before the object can be saved.""
  ],
  ""context"": {
    ""registryType"": ""DatasetModel"",
    ""name"": """",
    ""description"": """",
    ""path"": ""data/datasets/artifact.csv"",
    ""size"": 0,
    ""version"": 1,
    ""dataset_type"": ""dataset"",
    ""has_features"": false,
    ""connection_string"": """",
    ""model_type"": ""learning_model"",
    ""reference_data"": """",
    ""is_trained"": false,
    ""is_tested"": false,
    ""is_deployed"": false,
    ""learning_model_id"": 1,
    ""dataset_id"": 1,
    ""sampler"": """",
    ""objective"": """"
  },
  ""next_actions"": [
    ""Review metadata"",
    ""Approve persistence"",
    ""Check dependency report before deletion""
  ]
}","{
  ""status"": ""approved"",
  ""approved"": true,
  ""safety"": {
    ""ok"": true,
    ""risk_level"": ""none"",
    ""violations"": [],
    ""warnings"": [],
    ""allowed_imports"": [
      ""datetime"",
      ""math"",
      ""numpy"",
      ""pandas"",
      ""random"",
      ""sklearn"",
      ""statistics""
    ],
    ""blocked_names"": [
      ""__import__"",
      ""breakpoint"",
      ""compile"",
      ""delattr"",
      ""dir"",
      ""eval"",
      ""exec"",
      ""getattr"",
      ""globals"",
      ""input"",
      ""locals"",
      ""open"",
      ""setattr"",
      ""vars""
    ]
  },
  ""messages"": [],
  ""required_actions"": [],
  ""reviewed_at"": ""2026-04-28T17:13:11.359410""
}",{},"{
  ""status"": ""completed"",
  ""stage"": ""reviewed"",
  ""metric_count"": 0,
  ""artifact_count"": 0
}",1,1.0
assistant_run,positive,assistant,Make a dataset about keyboards,ef0950bbaddb567ebdf578ccbca851655c5c43675a019a20483076940ae54875,,,{},,,"{
  ""draft_id"": ""draft_1d0ea7d0737a"",
  ""session_id"": null,
  ""draft_type"": ""dataset_generation"",
  ""title"": ""Generated Dataset Draft"",
  ""summary"": ""Creates a tabular dataset and exposes it as csv_text for the existing upload/create flow."",
  ""prompt"": ""Make a dataset about keyboards"",
  ""status"": ""draft"",
  ""provider"": ""amanaje_slm"",
  ""created_at"": ""2026-04-29T21:42:04.840140"",
  ""code"": ""# Assistant dataset draft\n# Make a dataset about keyboards\n\nimport numpy as np\nimport pandas as pd\n\nrng = np.random.default_rng(42)\nrow_count = 100\ndf = pd.DataFrame({\n    \""feature_a\"": rng.normal(10, 2, row_count).round(4),\n    \""feature_b\"": rng.integers(0, 5, row_count),\n    \""segment\"": rng.choice([\""baseline\"", \""growth\"", \""risk\""], row_count),\n})\ndf[\""target\""] = (df[\""feature_a\""] * 0.7 + df[\""feature_b\""] * 1.5 + rng.normal(0, 0.5, row_count)).round(4)\n\ncsv_text = df.to_csv(index=False)\nname = \""assistant_generated_dataset\""\ndescription = \""Dataset drafted by the Amanaje assistant.\""\nobject_type = \""dataset\""\ndataset_type = \""dataset\""\nversion = 1\nconnection_string = \""\"""",
  ""operations"": [],
  ""registry_payload"": {},
  ""registry_type"": null,
  ""form_payload"": {},
  ""training_request"": {},
  ""study_request"": {},
  ""execution_profile"": ""dataset_generation"",
  ""materialized_outputs"": [
    ""csv_text"",
    ""name"",
    ""description"",
    ""object_type"",
    ""dataset_type""
  ],
  ""artifacts"": {
    ""context_pack"": {
      ""id"": ""ctx_bda6dbbad0f0"",
      ""hash"": ""ef0950bbaddb567ebdf578ccbca851655c5c43675a019a20483076940ae54875"",
      ""version"": ""assistant-context-pack-v1"",
      ""payload"": {
        ""context_pack_id"": ""ctx_bda6dbbad0f0"",
        ""version"": ""assistant-context-pack-v1"",
        ""prompt"": ""Make a dataset about keyboards"",
        ""workflow_goal"": null,
        ""target_type"": ""dataset_generation"",
        ""provider"": ""amanaje_slm"",
        ""registry_type"": null,
        ""form_values"": {},
        ""constraints"": {},
        ""safety_profile"": ""dataset_generation"",
        ""allowed_imports"": [
          ""datetime"",
          ""math"",
          ""numpy"",
          ""pandas"",
          ""random"",
          ""statistics""
        ],
        ""allowed_dependencies"": [
          ""numpy"",
          ""pandas""
        ],
        ""content_references"": [
          {
            ""reference_id"": ""ref_fc3c5241470d"",
            ""source_type"": ""project_schema"",
            ""name"": ""assistant_workflow_draft"",
            ""summary"": ""WorkflowDraft is the structured output contract for assistant providers."",
            ""trust_level"": ""project"",
            ""uri"": null,
            ""metadata"": {
              ""target_type"": ""dataset_generation""
            },
            ""created_at"": ""2026-04-29T21:42:04.838764""
          },
          {
            ""reference_id"": ""ref_871a552f0dc7"",
            ""source_type"": ""safety_profile"",
            ""name"": ""dataset_generation"",
            ""summary"": ""Allowed imports, dependencies, and required outputs for assistant-reviewed code."",
            ""trust_level"": ""project"",
            ""uri"": null,
            ""metadata"": {
              ""allowed_imports"": [
                ""datetime"",
                ""pandas"",
                ""statistics"",
                ""random"",
                ""numpy"",
                ""math""
              ],
              ""allowed_dependencies"": [
                ""numpy"",
                ""pandas""
              ],
              ""required_outputs"": [
                ""csv_text""
              ]
            },
            ""created_at"": ""2026-04-29T21:42:04.838835""
          }
        ],
        ""compact_summary"": ""target=dataset_generation; references=2"",
        ""pack_hash"": ""ef0950bbaddb567ebdf578ccbca851655c5c43675a019a20483076940ae54875"",
        ""created_at"": ""2026-04-29T21:42:04.839010""
      }
    },
    ""assistant_model_registry_payload"": {
      ""name"": ""amanaje_slm_assistant"",
      ""description"": ""Private assistant model service used by Painel Amanaje."",
      ""object_type"": ""learning_model"",
      ""size"": 0,
      ""path"": ""runtime_artifacts/assistant_models/amanaje_slm"",
      ""version"": ""amanaje-slm-bootstrap-0.1"",
      ""model_type"": ""assistant_llm_adapter"",
      ""parameters"": {
        ""provider"": ""amanaje_slm"",
        ""base_model_name"": ""local-workflow-template"",
        ""prompt_template_version"": ""amanaje-assistant-template-v1"",
        ""context_pack_version"": ""assistant-context-pack-v1"",
        ""safety_profile_version"": ""assistant-safety-v1""
      },
      ""metrics"": {
        ""evaluation_profile"": ""assistant-golden-v1"",
        ""evaluation_score"": null
      },
      ""reference_data"": ""runtime_artifacts/assistant_datasets/interactions.jsonl"",
      ""input_features"": [
        ""prompt"",
        ""context_pack"",
        ""target_type""
      ],
      ""output_features"": [
        ""workflow_draft""
      ],
      ""is_trained"": false,
      ""is_tested"": false,
      ""is_deployed"": false,
      ""history"": [
        {
          ""operation"": ""assistant_model_registered_payload""
        }
      ]
    }
  },
  ""assumptions"": [
    ""The generated dataset is synthetic."",
    ""The draft only prepares csv_text; it does not write files or registry rows.""
  ],
  ""risks"": [
    ""Synthetic data may not represent the target production distribution.""
  ],
  ""context"": {
    ""operationId"": ""datasets"",
    ""existing_metadata"": {}
  },
  ""next_actions"": [
    ""Review safety report"",
    ""Approve draft"",
    ""Execute through the guarded execution path""
  ],
  ""model_version"": ""amanaje-slm-bootstrap-0.1"",
  ""prompt_template_version"": ""amanaje-assistant-template-v1"",
  ""context_pack_id"": ""ctx_bda6dbbad0f0"",
  ""context_pack_hash"": ""ef0950bbaddb567ebdf578ccbca851655c5c43675a019a20483076940ae54875"",
  ""evaluation_profile"": ""assistant-golden-v1"",
  ""generation_provenance"": {
    ""source_type"": ""assistant"",
    ""provider"": ""amanaje_slm"",
    ""model_version"": ""amanaje-slm-bootstrap-0.1"",
    ""prompt_template_version"": ""amanaje-assistant-template-v1"",
    ""context_pack_id"": ""ctx_bda6dbbad0f0"",
    ""context_pack_hash"": ""ef0950bbaddb567ebdf578ccbca851655c5c43675a019a20483076940ae54875"",
    ""fallback_provider"": ""local"",
    ""created_at"": ""2026-04-29T21:42:04.840421""
  },
  ""provider_metadata"": {
    ""provider"": ""amanaje_slm"",
    ""base_model_name"": ""local-workflow-template"",
    ""adapter_path"": ""runtime_artifacts/assistant_models/amanaje_slm"",
    ""context_pack_version"": ""assistant-context-pack-v1"",
    ""safety_profile_version"": ""assistant-safety-v1"",
    ""allowed_dependencies"": [
      ""numpy"",
      ""pandas""
    ],
    ""fallback_provider"": ""local"",
    ""latency_ms"": 1.709,
    ""cache_hit"": false,
    ""runtime"": ""bootstrap"",
    ""fallback_reason"": ""No external SLM runtime is configured; using deterministic local fallback."",
    ""serving_mode"": ""separate-service-ready"",
    ""slm_config"": {
      ""enabled"": false,
      ""base_url"": ""http://localhost:8000/v1"",
      ""model_name"": ""amanaje-assistant"",
      ""timeout_seconds"": 20.0,
      ""max_tokens"": ""[REDACTED]"",
      ""api_key_configured"": ""[REDACTED]"",
      ""model_version"": ""amanaje-slm-bootstrap-0.1""
    }
  }
}","{
  ""status"": ""approved"",
  ""approved"": true,
  ""safety"": {
    ""ok"": true,
    ""risk_level"": ""low"",
    ""profile"": ""dataset_generation"",
    ""violations"": [],
    ""warnings"": [],
    ""allowed_imports"": [
      ""datetime"",
      ""math"",
      ""numpy"",
      ""pandas"",
      ""random"",
      ""statistics""
    ],
    ""allowed_dependencies"": [
      ""numpy"",
      ""pandas""
    ],
    ""blocked_names"": [
      ""__import__"",
      ""breakpoint"",
      ""compile"",
      ""delattr"",
      ""dir"",
      ""eval"",
      ""exec"",
      ""getattr"",
      ""globals"",
      ""input"",
      ""locals"",
      ""open"",
      ""setattr"",
      ""vars""
    ],
    ""materialized_output_checks"": {
      ""csv_text"": true
    }
  },
  ""messages"": [
    ""Dataset code is review-safe and ready for explicit execution approval.""
  ],
  ""required_actions"": [],
  ""reviewed_at"": ""2026-04-29T21:42:04.846664""
}",{},"{
  ""status"": ""completed"",
  ""stage"": ""reviewed"",
  ""metric_count"": 2,
  ""artifact_count"": 0
}",1,1.0
assistant_run,positive,assistant,Select half the values of this dataset,,,,{},,,"{
  ""draft_id"": ""draft_1c8634cae5e4"",
  ""session_id"": null,
  ""draft_type"": ""feature_operations"",
  ""title"": ""Feature Transformation Draft"",
  ""summary"": ""Prepares visual feature operations for /features/preview before materialization."",
  ""prompt"": ""Select half the values of this dataset"",
  ""status"": ""draft"",
  ""provider"": ""local"",
  ""created_at"": ""2026-04-28T17:13:59.127278"",
  ""code"": null,
  ""operations"": [
    {
      ""type"": ""rename"",
      ""column"": """",
      ""operator"": ""=="",
      ""value"": """",
      ""ascending"": true
    },
    {
      ""type"": ""limit"",
      ""value"": 200
    }
  ],
  ""registry_payload"": {},
  ""training_request"": {},
  ""study_request"": {},
  ""artifacts"": {
    ""preview_endpoint"": ""/features/preview"",
    ""materialize_endpoint"": ""/features/materialize""
  },
  ""assumptions"": [
    ""Existing Feature Workspace operation schemas remain the source of truth.""
  ],
  ""risks"": [
    ""Column names must match the selected dataset before preview can succeed.""
  ],
  ""context"": {
    ""datasetId"": 21,
    ""transforms"": [
      {
        ""type"": ""rename"",
        ""column"": """",
        ""operator"": ""=="",
        ""value"": """",
        ""ascending"": true
      },
      {
        ""type"": ""limit"",
        ""value"": 200
      }
    ],
    ""columns"": [
      ""Date"",
      ""Open"",
      ""High"",
      ""Volume"",
      ""RelVolume"",
      ""KeltnerC_%"",
      ""Data"",
      ""time_idx"",
      ""hl_center"",
      ""hl_range"",
      ""Low"",
      ""Close_Return"",
      ""DLR"",
      ""VPT"",
      ""RSI_Close"",
      ""Close"",
      ""Momentum"",
      ""Force_Index"",
      ""Williams_%R"",
      ""MA20"",
      ""CCI"",
      ""Bollinger_%B"",
      ""Volatility"",
      ""MACD_lib"",
      ""MACD_signal"",
      ""MACD_Hist"",
      ""MA50"",
      ""month"",
      ""dayofweek"",
      ""RSI_Over"",
      ""RSI_Under"",
      ""Williams_Over"",
      ""Williams_Under"",
      ""MACD_Over"",
      ""MACD_Under"",
      ""series_id""
    ],
    ""limitRows"": 200
  },
  ""next_actions"": [
    ""Preview transforms"",
    ""Approve materialization"",
    ""Register the derived dataset""
  ]
}","{
  ""status"": ""approved"",
  ""approved"": true,
  ""safety"": {
    ""ok"": true,
    ""risk_level"": ""none"",
    ""violations"": [],
    ""warnings"": [],
    ""allowed_imports"": [
      ""datetime"",
      ""math"",
      ""numpy"",
      ""pandas"",
      ""random"",
      ""sklearn"",
      ""statistics""
    ],
    ""blocked_names"": [
      ""__import__"",
      ""breakpoint"",
      ""compile"",
      ""delattr"",
      ""dir"",
      ""eval"",
      ""exec"",
      ""getattr"",
      ""globals"",
      ""input"",
      ""locals"",
      ""open"",
      ""setattr"",
      ""vars""
    ]
  },
  ""messages"": [],
  ""required_actions"": [],
  ""reviewed_at"": ""2026-04-28T17:14:04.825865""
}",{},"{
  ""status"": ""completed"",
  ""stage"": ""approved"",
  ""metric_count"": 0,
  ""artifact_count"": 0
}",1,1.0
assistant_run,positive,assistant,something,1a9e391aceb518c88e6ed19ebe95274e3bb1ded205b3ae629dfc498380c58a5f,,,{},,,"{
  ""draft_id"": ""draft_a5af108cf892"",
  ""session_id"": null,
  ""draft_type"": ""registry_object"",
  ""title"": ""InferenceModel Draft"",
  ""summary"": ""Prepares registry metadata for review before the user submits the manual create form."",
  ""prompt"": ""something"",
  ""status"": ""draft"",
  ""provider"": ""assistant_model_28"",
  ""created_at"": ""2026-05-04T03:34:08.194762"",
  ""code"": null,
  ""operations"": [],
  ""registry_payload"": {
    ""name"": ""assistant_inferencemodel"",
    ""description"": ""InferenceModel drafted by the Amanaje assistant."",
    ""size"": 0.0,
    ""date"": null,
    ""version"": 1,
    ""history"": [
      {
        ""operation"": ""assistant_draft""
      }
    ],
    ""object_type"": ""inference_model"",
    ""path"": ""runtime_artifacts/inference/artifact.json"",
    ""learning_model_id"": 1,
    ""dataset_id"": 1,
    ""input_features"": [
      ""feature_a"",
      ""feature_b""
    ],
    ""output_features"": [
      ""target""
    ],
    ""inference_params"": {
      ""status"": ""draft"",
      ""source"": ""assistant""
    }
  },
  ""registry_type"": ""InferenceModel"",
  ""form_payload"": {
    ""name"": ""assistant_inferencemodel"",
    ""description"": ""InferenceModel drafted by the Amanaje assistant."",
    ""size"": 0.0,
    ""date"": null,
    ""version"": 1,
    ""history"": [
      {
        ""operation"": ""assistant_draft""
      }
    ],
    ""object_type"": ""inference_model"",
    ""path"": ""runtime_artifacts/inference/artifact.json"",
    ""learning_model_id"": 1,
    ""dataset_id"": 1,
    ""input_features"": [
      ""feature_a"",
      ""feature_b""
    ],
    ""output_features"": [
      ""target""
    ],
    ""inference_params"": {
      ""status"": ""draft"",
      ""source"": ""assistant""
    }
  },
  ""training_request"": {},
  ""study_request"": {},
  ""execution_profile"": ""registry_object"",
  ""materialized_outputs"": [
    ""registry_payload""
  ],
  ""artifacts"": {
    ""context_pack"": {
      ""id"": ""ctx_43d5db79505f"",
      ""hash"": ""1a9e391aceb518c88e6ed19ebe95274e3bb1ded205b3ae629dfc498380c58a5f"",
      ""version"": ""assistant-context-pack-v1"",
      ""payload"": {
        ""context_pack_id"": ""ctx_43d5db79505f"",
        ""version"": ""assistant-context-pack-v1"",
        ""prompt"": ""something"",
        ""workflow_goal"": null,
        ""target_type"": ""registry_object"",
        ""provider"": ""assistant_model_28"",
        ""registry_type"": ""InferenceModel"",
        ""form_values"": {
          ""dataset_id"": 1,
          ""registryType"": ""InferenceModel""
        },
        ""constraints"": {},
        ""safety_profile"": ""registry_object"",
        ""allowed_imports"": [],
        ""allowed_dependencies"": [],
        ""content_references"": [
          {
            ""reference_id"": ""ref_system_project_schema_registry_object"",
            ""source_type"": ""project_schema"",
            ""name"": ""assistant_workflow_draft"",
            ""summary"": ""WorkflowDraft is the structured output contract for assistant providers."",
            ""trust_level"": ""system"",
            ""uri"": null,
            ""metadata"": {
              ""target_type"": ""registry_object""
            },
            ""content_hash"": null,
            ""tags"": [],
            ""created_at"": ""2026-05-04T03:34:08.185434""
          },
          {
            ""reference_id"": ""ref_system_safety_registry_object"",
            ""source_type"": ""safety_profile"",
            ""name"": ""registry_object"",
            ""summary"": ""Allowed imports, dependencies, and required outputs for assistant-reviewed code."",
            ""trust_level"": ""system"",
            ""uri"": null,
            ""metadata"": {
              ""allowed_imports"": [],
              ""allowed_dependencies"": [],
              ""required_outputs"": []
            },
            ""content_hash"": null,
            ""tags"": [],
            ""created_at"": ""2026-05-04T03:34:08.185460""
          },
          {
            ""reference_id"": ""ref_system_alignment_contracts"",
            ""source_type"": ""alignment_contracts"",
            ""name"": ""assistant_alignment_contracts"",
            ""summary"": ""The five alignment contracts that every private assistant draft is evaluated against."",
            ""trust_level"": ""system"",
            ""uri"": null,
            ""metadata"": {
              ""output_alignment"": ""Every response must validate as WorkflowDraft and include the required workflow outputs."",
              ""safety_alignment"": ""Generated code must pass assistant_safety.py before approval or execution."",
              ""registry_alignment"": ""Registry drafts must map to the supported manual registry object payloads."",
              ""dependency_alignment"": ""Drafted code must stay inside allowed imports, dependencies, and artifact formats."",
              ""mlflow_alignment"": ""Drafts, evals, context packs, prompt versions, and model versions must be traceable.""
            },
            ""content_hash"": null,
            ""tags"": [],
            ""created_at"": ""2026-05-04T03:34:08.185476""
          },
          {
            ""reference_id"": ""ref_system_prompt_registry_object"",
            ""source_type"": ""prompt_template"",
            ""name"": ""amanaje-assistant-template-v1"",
            ""summary"": ""Draft a form-ready registry payload for the selected registry type using internal schema references. Do not create the object; only return metadata."",
            ""trust_level"": ""system"",
            ""uri"": null,
            ""metadata"": {
              ""prompt_template_version"": ""amanaje-assistant-template-v1""
            },
            ""content_hash"": null,
            ""tags"": [],
            ""created_at"": ""2026-05-04T03:34:08.185493""
          },
          {
            ""reference_id"": ""ref_system_writing_guide"",
            ""source_type"": ""draft_writing_guide"",
            ""name"": ""amanaje_assistant_writing_guide"",
            ""summary"": ""Project writing guidance for draft titles, summaries, metadata, risks, assumptions, and next actions."",
            ""trust_level"": ""system"",
            ""uri"": null,
            ""metadata"": {
              ""voice"": ""Concrete, project-aware, concise, and operational."",
              ""titles"": ""Name the artifact or workflow outcome, not the assistant action."",
              ""summaries"": ""State what the draft creates, how it fits Painel Amanaje, and what remains for user approval."",
              ""metadata"": ""Prefer registry-compatible names, versions, paths, feature names, and dependency declarations."",
              ""risks"": ""Name practical limitations such as synthetic distribution mismatch, missing IDs, or untrained artifacts."",
              ""next_actions"": ""Use short workflow actions that match reviewed draft, guarded run, upload, or registry submit steps."",
              ""references"": ""Use internal reference summaries and cite their reference IDs in metadata when they shape the draft."",
              ""originality"": ""Generate project-specific assets from the request and internal references; do not copy raw reference text.""
            },
            ""content_hash"": null,
            ""tags"": [],
            ""created_at"": ""2026-05-04T03:34:08.185510""
          },
          {
            ""reference_id"": ""ref_system_quality_rubric"",
            ""source_type"": ""draft_quality_rubric"",
            ""name"": ""amanaje_assistant_quality_rubric"",
            ""summary"": ""Quality checks used to evaluate generated draft text and metadata."",
            ""trust_level"": ""system"",
            ""uri"": null,
            ""metadata"": {
              ""title_quality"": ""Title is specific to the requested artifact or workflow."",
              ""summary_quality"": ""Summary is not generic and explains the generated draft's project fit."",
              ""metadata_quality"": ""Registry metadata and materialized outputs match project schemas."",
              ""risk_quality"": ""Risks and assumptions are concrete enough for user review."",
              ""reference_quality"": ""Internal references are summarized, traceable, and not copied raw into prompts.""
            },
            ""content_hash"": null,
            ""tags"": [],
            ""created_at"": ""2026-05-04T03:34:08.185525""
          },
          {
            ""reference_id"": ""ref_system_mlflow_tracking"",
            ""source_type"": ""mlflow_tracking"",
            ""name"": ""assistant/amanaje_slm"",
            ""summary"": ""Assistant model versions, evals, training examples, and promotion reports are tracked in MLflow."",
            ""trust_level"": ""system"",
            ""uri"": ""assistant/amanaje_slm"",
            ""metadata"": {
              ""experiment_name"": ""assistant/amanaje_slm"",
              ""evaluation_profile"": ""assistant-golden-v1"",
              ""context_pack_version"": ""assistant-context-pack-v1""
            },
            ""content_hash"": null,
            ""tags"": [],
            ""created_at"": ""2026-05-04T03:34:08.185543""
          },
          {
            ""reference_id"": ""ref_system_registry_InferenceModel"",
            ""source_type"": ""registry_schema"",
            ""name"": ""InferenceModel"",
            ""summary"": ""Manual registry payload target: InferenceModel."",
            ""trust_level"": ""system"",
            ""uri"": null,
            ""metadata"": {
              ""registry_type"": ""InferenceModel""
            },
            ""content_hash"": null,
            ""tags"": [],
            ""created_at"": ""2026-05-04T03:34:08.186269""
          },
          {
            ""reference_id"": ""ref_runtime_assistant_reference_snapshot"",
            ""source_type"": ""runtime_context"",
            ""name"": ""assistant_reference_snapshot"",
            ""summary"": ""keys: eval_dir, interactions_path, recent_evals, recent_examples, source_type"",
            ""trust_level"": ""runtime"",
            ""uri"": null,
            ""metadata"": {
              ""source_type"": ""assistant_reference_snapshot"",
              ""interactions_path"": ""/app/runtime_artifacts/assistant_datasets/interactions.jsonl"",
              ""eval_dir"": ""/app/runtime_artifacts/assistant_evals"",
              ""recent_examples"": [
                {
                  ""label"": ""positive"",
                  ""workflow_type"": ""model_generation"",
                  ""provider"": ""assistant_model_28"",
                  ""model_version"": ""registry-assistant-draft-0.1"",
                  ""context_pack_hash"": ""5924cc0d09d219f3f12ab7122e89dc3507c2ac568b5a10f9702aff026e91389d"",
                  ""review_status"": ""approved""
                },
                {
                  ""label"": ""corrected"",
                  ""workflow_type"": ""model_generation"",
                  ""provider"": ""assistant_model_28"",
                  ""model_version"": ""registry-assistant-draft-0.1"",
                  ""context_pack_hash"": ""5924cc0d09d219f3f12ab7122e89dc3507c2ac568b5a10f9702aff026e91389d"",
                  ""review_status"": ""approved""
                }
              ],
              ""recent_evals"": [
                {
                  ""file"": ""assistant_golden_eval_20260503133748.json"",
                  ""draft_type"": null,
                  ""passed"": true,
                  ""evaluation_profile"": ""assistant-golden-v1""
                },
                {
                  ""file"": ""draft_75e8680bd3b7_eval.json"",
                  ""draft_type"": ""model_generation"",
                  ""passed"": true,
                  ""evaluation_profile"": ""assistant-golden-v1""
                },
                {
                  ""file"": ""draft_cbf487d5d426_eval.json"",
                  ""draft_type"": ""dataset_generation"",
                  ""passed"": true,
                  ""evaluation_profile"": ""assistant-golden-v1""
                }
              ]
            },
            ""content_hash"": null,
            ""tags"": [],
            ""created_at"": ""2026-05-04T03:34:08.186440""
          }
        ],
        ""reference_pack_id"": ""refpack_abb07bd300ff"",
        ""reference_pack_hash"": ""62e99c1b05a01624b59df67c98a33743cc0bc56aad3904e6303883a75a194965"",
        ""selected_reference_ids"": [
          ""ref_system_project_schema_registry_object"",
          ""ref_system_safety_registry_object"",

[TRUNCATED: original_length=35845]","{
  ""status"": ""approved"",
  ""approved"": true,
  ""safety"": {
    ""ok"": true,
    ""risk_level"": ""none"",
    ""profile"": ""registry_object"",
    ""violations"": [],
    ""warnings"": [],
    ""allowed_imports"": [
      ""datetime"",
      ""math"",
      ""numpy"",
      ""pandas"",
      ""random"",
      ""sklearn"",
      ""statistics""
    ],
    ""allowed_dependencies"": [],
    ""blocked_names"": [
      ""__import__"",
      ""breakpoint"",
      ""compile"",
      ""delattr"",
      ""dir"",
      ""eval"",
      ""exec"",
      ""getattr"",
      ""globals"",
      ""input"",
      ""locals"",
      ""open"",
      ""setattr"",
      ""vars""
    ],
    ""materialized_output_checks"": {}
  },
  ""messages"": [],
  ""required_actions"": [],
  ""reviewed_at"": ""2026-05-04T03:34:08.197219""
}",{},"{
  ""status"": ""completed"",
  ""stage"": ""reviewed"",
  ""metric_count"": 4,
  ""artifact_count"": 0
}",1,1.0
registry_dataset,registry_asset,dataset_generation,,,"Dataset 'sample_dataset' type=dataset shape=[3, 2] features=['value', 'category']","{
  ""id"": 1,
  ""name"": ""sample_dataset"",
  ""description"": ""Dataset created from the editor"",
  ""object_type"": ""dataset"",
  ""path"": ""/data/datasets/sample_dataset.csv"",
  ""version"": 1,
  ""date"": ""2026-04-08T02:33:23.103495"",
  ""size"": 0.0,
  ""history"": [
    {
      ""when"": ""2026-04-08T02:33:23.103495"",
      ""operation"": ""upload""
    },
    {
      ""when"": ""2026-04-08T02:33:23.103495"",
      ""operation"": ""profiled""
    },
    {
      ""when"": ""2026-04-24T21:55:50.222322"",
      ""operation"": ""extract_profile"",
      ""artifact_path"": ""/app/runtime_artifacts/training/dataset_1_features.json""
    },
    {
      ""when"": ""2026-05-13T05:36:42.331852"",
      ""operation"": ""extract_profile"",
      ""artifact_path"": ""/app/runtime_artifacts/training/dataset_1_features.json""
    }
  ],
  ""dataset_type"": ""dataset"",
  ""shape"": [
    3,
    2
  ],
  ""has_features"": true,
  ""features_list"": [
    ""value"",
    ""category""
  ],
  ""connection_string"": null
}","{
  ""id"": 1,
  ""name"": ""sample_dataset"",
  ""description"": ""Dataset created from the editor"",
  ""object_type"": ""dataset"",
  ""path"": ""/data/datasets/sample_dataset.csv"",
  ""version"": 1,
  ""date"": ""2026-04-08T02:33:23.103495"",
  ""size"": 0.0,
  ""history"": [
    {
      ""when"": ""2026-04-08T02:33:23.103495"",
      ""operation"": ""upload""
    },
    {
      ""when"": ""2026-04-08T02:33:23.103495"",
      ""operation"": ""profiled""
    },
    {
      ""when"": ""2026-04-24T21:55:50.222322"",
      ""operation"": ""extract_profile"",
      ""artifact_path"": ""/app/runtime_artifacts/training/dataset_1_features.json""
    },
    {
      ""when"": ""2026-05-13T05:36:42.331852"",
      ""operation"": ""extract_profile"",
      ""artifact_path"": ""/app/runtime_artifacts/training/dataset_1_features.json""
    }
  ],
  ""dataset_type"": ""dataset"",
  ""shape"": [
    3,
    2
  ],
  ""has_features"": true,
  ""features_list"": [
    ""value"",
    ""category""
  ],
  ""connection_string"": null
}",/data/datasets/sample_dataset.csv,ce118ca93d22a5466090b7c11b24e5e701a9acf49de955a47e1f8ef70b8fed1d,{},{},{},"{
  ""registry_source"": ""datasets"",
  ""has_content"": true,
  ""has_metadata"": true
}",1,0.75
registry_dataset,registry_asset,dataset_generation,,,"Dataset 'transformed_stock_data' type=dataset shape=[200, 36] features=['Date', 'Open', 'High', 'Low', 'Close', 'Volume', 'Close_Return', 'Volatility', 'MA20', 'MA50', 'Momentum', 'RelVolume', 'RSI_Close', 'Williams_%R', 'CCI', 'Bollinger_%B', 'KeltnerC_%', 'MACD_lib', 'MACD_signal', 'MACD_Hist', 'Force_Index', 'VPT', 'DLR', 'RSI_Over', 'RSI_Under', 'Williams_Over', 'Williams_Under', 'MACD_Over', 'MACD_Under', 'Data', 'time_idx', 'series_id', 'hl_center', 'hl_range', 'dayofweek', 'month']","{
  ""id"": 21,
  ""name"": ""transformed_stock_data"",
  ""description"": ""Feature workspace materialization derived from dataset #20."",
  ""object_type"": ""dataset"",
  ""path"": ""/app/runtime_artifacts/features/transformedstockdata.csv"",
  ""version"": 1,
  ""date"": ""2026-04-24T21:42:13.876355"",
  ""size"": 0.0996,
  ""history"": [
    {
      ""when"": ""2026-04-24T21:42:13.876364"",
      ""operation"": ""feature_materialize"",
      ""table_name"": ""feature_20_transformedstockdata"",
      ""source_dataset_id"": 20,
      ""materialized_to_postgres"": true
    },
    {
      ""when"": ""2026-04-24T21:42:19.866885"",
      ""operation"": ""extract_profile"",
      ""artifact_path"": ""/app/runtime_artifacts/training/dataset_21_features.json""
    },
    {
      ""when"": ""2026-04-24T22:12:37.417870"",
      ""operation"": ""extract_profile"",
      ""artifact_path"": ""/app/runtime_artifacts/training/dataset_21_features.json""
    },
    {
      ""when"": ""2026-04-24T22:13:22.371576"",
      ""operation"": ""extract_profile"",
      ""artifact_path"": ""/app/runtime_artifacts/training/dataset_21_features.json""
    },
    {
      ""when"": ""2026-04-25T17:52:32.328436"",
      ""operation"": ""extract_profile"",
      ""artifact_path"": ""/app/runtime_artifacts/training/dataset_21_features.json""
    },
    {
      ""when"": ""2026-04-25T21:54:57.483529"",
      ""operation"": ""extract_profile"",
      ""artifact_path"": ""/app/runtime_artifacts/training/dataset_21_features.json""
    },
    {
      ""when"": ""2026-04-25T22:56:37.492748"",
      ""operation"": ""extract_profile"",
      ""artifact_path"": ""/app/runtime_artifacts/training/dataset_21_features.json""
    },
    {
      ""when"": ""2026-04-26T01:06:25.367165"",
      ""operation"": ""extract_profile"",
      ""artifact_path"": ""/app/runtime_artifacts/training/dataset_21_features.json""
    },
    {
      ""when"": ""2026-04-27T19:12:12.493072"",
      ""operation"": ""extract_profile"",
      ""artifact_path"": ""/app/runtime_artifacts/training/dataset_21_features.json""
    },
    {
      ""when"": ""2026-04-28T17:13:40.861083"",
      ""operation"": ""extract_profile"",
      ""artifact_path"": ""/app/runtime_artifacts/training/dataset_21_features.json""
    },
    {
      ""when"": ""2026-05-05T20:32:58.514622"",
      ""operation"": ""extract_profile"",
      ""artifact_path"": ""/app/runtime_artifacts/training/dataset_21_features.json""
    },
    {
      ""when"": ""2026-05-05T21:21:36.447819"",
      ""operation"": ""extract_profile"",
      ""artifact_path"": ""/app/runtime_artifacts/training/dataset_21_features.json""
    },
    {
      ""when"": ""2026-05-17T22:00:01.536200"",
      ""operation"": ""extract_profile"",
      ""artifact_path"": ""/app/runtime_artifacts/training/dataset_21_features.json""
    }
  ],
  ""dataset_type"": ""dataset"",
  ""shape"": [
    200,
    36
  ],
  ""has_features"": true,
  ""features_list"": [
    ""Date"",
    ""Open"",
    ""High"",
    ""Low"",
    ""Close"",
    ""Volume"",
    ""Close_Return"",
    ""Volatility"",
    ""MA20"",
    ""MA50"",
    ""Momentum"",
    ""RelVolume"",
    ""RSI_Close"",
    ""Williams_%R"",
    ""CCI"",
    ""Bollinger_%B"",
    ""KeltnerC_%"",
    ""MACD_lib"",
    ""MACD_signal"",
    ""MACD_Hist"",
    ""Force_Index"",
    ""VPT"",
    ""DLR"",
    ""RSI_Over"",
    ""RSI_Under"",
    ""Williams_Over"",
    ""Williams_Under"",
    ""MACD_Over"",
    ""MACD_Under"",
    ""Data"",
    ""time_idx"",
    ""series_id"",
    ""hl_center"",
    ""hl_range"",
    ""dayofweek"",
    ""month""
  ],
  ""connection_string"": ""table:feature_20_transformedstockdata""
}","{
  ""id"": 21,
  ""name"": ""transformed_stock_data"",
  ""description"": ""Feature workspace materialization derived from dataset #20."",
  ""object_type"": ""dataset"",
  ""path"": ""/app/runtime_artifacts/features/transformedstockdata.csv"",
  ""version"": 1,
  ""date"": ""2026-04-24T21:42:13.876355"",
  ""size"": 0.0996,
  ""history"": [
    {
      ""when"": ""2026-04-24T21:42:13.876364"",
      ""operation"": ""feature_materialize"",
      ""table_name"": ""feature_20_transformedstockdata"",
      ""source_dataset_id"": 20,
      ""materialized_to_postgres"": true
    },
    {
      ""when"": ""2026-04-24T21:42:19.866885"",
      ""operation"": ""extract_profile"",
      ""artifact_path"": ""/app/runtime_artifacts/training/dataset_21_features.json""
    },
    {
      ""when"": ""2026-04-24T22:12:37.417870"",
      ""operation"": ""extract_profile"",
      ""artifact_path"": ""/app/runtime_artifacts/training/dataset_21_features.json""
    },
    {
      ""when"": ""2026-04-24T22:13:22.371576"",
      ""operation"": ""extract_profile"",
      ""artifact_path"": ""/app/runtime_artifacts/training/dataset_21_features.json""
    },
    {
      ""when"": ""2026-04-25T17:52:32.328436"",
      ""operation"": ""extract_profile"",
      ""artifact_path"": ""/app/runtime_artifacts/training/dataset_21_features.json""
    },
    {
      ""when"": ""2026-04-25T21:54:57.483529"",
      ""operation"": ""extract_profile"",
      ""artifact_path"": ""/app/runtime_artifacts/training/dataset_21_features.json""
    },
    {
      ""when"": ""2026-04-25T22:56:37.492748"",
      ""operation"": ""extract_profile"",
      ""artifact_path"": ""/app/runtime_artifacts/training/dataset_21_features.json""
    },
    {
      ""when"": ""2026-04-26T01:06:25.367165"",
      ""operation"": ""extract_profile"",
      ""artifact_path"": ""/app/runtime_artifacts/training/dataset_21_features.json""
    },
    {
      ""when"": ""2026-04-27T19:12:12.493072"",
      ""operation"": ""extract_profile"",
      ""artifact_path"": ""/app/runtime_artifacts/training/dataset_21_features.json""
    },
    {
      ""when"": ""2026-04-28T17:13:40.861083"",
      ""operation"": ""extract_profile"",
      ""artifact_path"": ""/app/runtime_artifacts/training/dataset_21_features.json""
    },
    {
      ""when"": ""2026-05-05T20:32:58.514622"",
      ""operation"": ""extract_profile"",
      ""artifact_path"": ""/app/runtime_artifacts/training/dataset_21_features.json""
    },
    {
      ""when"": ""2026-05-05T21:21:36.447819"",
      ""operation"": ""extract_profile"",
      ""artifact_path"": ""/app/runtime_artifacts/training/dataset_21_features.json""
    },
    {
      ""when"": ""2026-05-17T22:00:01.536200"",
      ""operation"": ""extract_profile"",
      ""artifact_path"": ""/app/runtime_artifacts/training/dataset_21_features.json""
    }
  ],
  ""dataset_type"": ""dataset"",
  ""shape"": [
    200,
    36
  ],
  ""has_features"": true,
  ""features_list"": [
    ""Date"",
    ""Open"",
    ""High"",
    ""Low"",
    ""Close"",
    ""Volume"",
    ""Close_Return"",
    ""Volatility"",
    ""MA20"",
    ""MA50"",
    ""Momentum"",
    ""RelVolume"",
    ""RSI_Close"",
    ""Williams_%R"",
    ""CCI"",
    ""Bollinger_%B"",
    ""KeltnerC_%"",
    ""MACD_lib"",
    ""MACD_signal"",
    ""MACD_Hist"",
    ""Force_Index"",
    ""VPT"",
    ""DLR"",
    ""RSI_Over"",
    ""RSI_Under"",
    ""Williams_Over"",
    ""Williams_Under"",
    ""MACD_Over"",
    ""MACD_Under"",
    ""Data"",
    ""time_idx"",
    ""series_id"",
    ""hl_center"",
    ""hl_range"",
    ""dayofweek"",
    ""month""
  ],
  ""connection_string"": ""table:feature_20_transformedstockdata""
}",/app/runtime_artifacts/features/transformedstockdata.csv,7822abc61d29cec5745782b457fcddf0698395f37fd92efcdd65cf9155f0e373,{},{},{},"{
  ""registry_source"": ""datasets"",
  ""has_content"": true,
  ""has_metadata"": true
}",1,0.75
registry_dataset,registry_asset,dataset_generation,,,"Dataset 'testing_stock_data' type=dataset shape=[200, 36] features=['Date', 'Open', 'High', 'Low', 'Close', 'Volume', 'Close_Return', 'Volatility', 'MA20', 'MA50', 'Momentum', 'RelVolume', 'RSI_Close', 'Williams_%R', 'CCI', 'Bollinger_%B', 'KeltnerC_%', 'MACD_lib', 'MACD_signal', 'MACD_Hist', 'Force_Index', 'Volume_Price_Trend', 'DLR', 'RSI_Over', 'RSI_Under', 'Williams_Over', 'Williams_Under', 'MACD_Over', 'MACD_Under', 'Data', 'time_idx', 'series_id', 'hl_center', 'hl_range', 'DOW', 'month']","{
  ""id"": 22,
  ""name"": ""testing_stock_data"",
  ""description"": ""Feature workspace materialization derived from dataset #20."",
  ""object_type"": ""dataset"",
  ""path"": ""/app/runtime_artifacts/features/testingstockdata.csv"",
  ""version"": 1,
  ""date"": ""2026-04-25T23:57:48.625955"",
  ""size"": 0.0996,
  ""history"": [
    {
      ""when"": ""2026-04-25T23:57:48.625970"",
      ""operation"": ""feature_materialize"",
      ""table_name"": ""feature_20_testingstockdata"",
      ""source_dataset_id"": 20,
      ""materialized_to_postgres"": true
    },
    {
      ""when"": ""2026-04-26T00:24:16.914696"",
      ""operation"": ""extract_profile"",
      ""artifact_path"": ""/app/runtime_artifacts/training/dataset_22_features.json""
    },
    {
      ""when"": ""2026-05-05T20:20:11.090782"",
      ""operation"": ""extract_profile"",
      ""artifact_path"": ""/app/runtime_artifacts/training/dataset_22_features.json""
    },
    {
      ""when"": ""2026-05-05T21:21:38.232398"",
      ""operation"": ""extract_profile"",
      ""artifact_path"": ""/app/runtime_artifacts/training/dataset_22_features.json""
    },
    {
      ""when"": ""2026-05-06T19:40:21.982404"",
      ""operation"": ""extract_profile"",
      ""artifact_path"": ""/app/runtime_artifacts/training/dataset_22_features.json""
    },
    {
      ""when"": ""2026-05-11T01:21:32.840259"",
      ""operation"": ""extract_profile"",
      ""artifact_path"": ""/app/runtime_artifacts/training/dataset_22_features.json""
    }
  ],
  ""dataset_type"": ""dataset"",
  ""shape"": [
    200,
    36
  ],
  ""has_features"": true,
  ""features_list"": [
    ""Date"",
    ""Open"",
    ""High"",
    ""Low"",
    ""Close"",
    ""Volume"",
    ""Close_Return"",
    ""Volatility"",
    ""MA20"",
    ""MA50"",
    ""Momentum"",
    ""RelVolume"",
    ""RSI_Close"",
    ""Williams_%R"",
    ""CCI"",
    ""Bollinger_%B"",
    ""KeltnerC_%"",
    ""MACD_lib"",
    ""MACD_signal"",
    ""MACD_Hist"",
    ""Force_Index"",
    ""Volume_Price_Trend"",
    ""DLR"",
    ""RSI_Over"",
    ""RSI_Under"",
    ""Williams_Over"",
    ""Williams_Under"",
    ""MACD_Over"",
    ""MACD_Under"",
    ""Data"",
    ""time_idx"",
    ""series_id"",
    ""hl_center"",
    ""hl_range"",
    ""DOW"",
    ""month""
  ],
  ""connection_string"": ""table:feature_20_testingstockdata""
}","{
  ""id"": 22,
  ""name"": ""testing_stock_data"",
  ""description"": ""Feature workspace materialization derived from dataset #20."",
  ""object_type"": ""dataset"",
  ""path"": ""/app/runtime_artifacts/features/testingstockdata.csv"",
  ""version"": 1,
  ""date"": ""2026-04-25T23:57:48.625955"",
  ""size"": 0.0996,
  ""history"": [
    {
      ""when"": ""2026-04-25T23:57:48.625970"",
      ""operation"": ""feature_materialize"",
      ""table_name"": ""feature_20_testingstockdata"",
      ""source_dataset_id"": 20,
      ""materialized_to_postgres"": true
    },
    {
      ""when"": ""2026-04-26T00:24:16.914696"",
      ""operation"": ""extract_profile"",
      ""artifact_path"": ""/app/runtime_artifacts/training/dataset_22_features.json""
    },
    {
      ""when"": ""2026-05-05T20:20:11.090782"",
      ""operation"": ""extract_profile"",
      ""artifact_path"": ""/app/runtime_artifacts/training/dataset_22_features.json""
    },
    {
      ""when"": ""2026-05-05T21:21:38.232398"",
      ""operation"": ""extract_profile"",
      ""artifact_path"": ""/app/runtime_artifacts/training/dataset_22_features.json""
    },
    {
      ""when"": ""2026-05-06T19:40:21.982404"",
      ""operation"": ""extract_profile"",
      ""artifact_path"": ""/app/runtime_artifacts/training/dataset_22_features.json""
    },
    {
      ""when"": ""2026-05-11T01:21:32.840259"",
      ""operation"": ""extract_profile"",
      ""artifact_path"": ""/app/runtime_artifacts/training/dataset_22_features.json""
    }
  ],
  ""dataset_type"": ""dataset"",
  ""shape"": [
    200,
    36
  ],
  ""has_features"": true,
  ""features_list"": [
    ""Date"",
    ""Open"",
    ""High"",
    ""Low"",
    ""Close"",
    ""Volume"",
    ""Close_Return"",
    ""Volatility"",
    ""MA20"",
    ""MA50"",
    ""Momentum"",
    ""RelVolume"",
    ""RSI_Close"",
    ""Williams_%R"",
    ""CCI"",
    ""Bollinger_%B"",
    ""KeltnerC_%"",
    ""MACD_lib"",
    ""MACD_signal"",
    ""MACD_Hist"",
    ""Force_Index"",
    ""Volume_Price_Trend"",
    ""DLR"",
    ""RSI_Over"",
    ""RSI_Under"",
    ""Williams_Over"",
    ""Williams_Under"",
    ""MACD_Over"",
    ""MACD_Under"",
    ""Data"",
    ""time_idx"",
    ""series_id"",
    ""hl_center"",
    ""hl_range"",
    ""DOW"",
    ""month""
  ],
  ""connection_string"": ""table:feature_20_testingstockdata""
}",/app/runtime_artifacts/features/testingstockdata.csv,2e02d016d8a5d2c147a9282b05a37b7d2df385a89483ede5e8f452e7badf3e36,{},{},{},"{
  ""registry_source"": ""datasets"",
  ""has_content"": true,
  ""has_metadata"": true
}",1,0.75
registry_dataset,registry_asset,dataset_generation,,,"Dataset 'extracted_stock_data' type=dataset shape=[200, 36] features=['Date', 'Open', 'High', 'Low', 'Close', 'Volume', 'Close_Return', 'Volatility', 'MA20', 'MA50', 'Momentum', 'RelVolume', 'RSI_Close', 'Williams_%R', 'CCI', 'Bollinger_%B', 'KeltnerC_%', 'MACD_lib', 'MACD_signal', 'MACD_Hist', 'Force_Index', 'Volume_Price_Trend', 'DLR', 'RSI_Over', 'RSI_Under', 'Williams_Over', 'Williams_Under', 'MACD_Over', 'MACD_Under', 'Data', 'time_idx', 'series_id', 'hl_center', 'hl_range', 'dayofweek', 'month']","{
  ""id"": 20,
  ""name"": ""extracted_stock_data"",
  ""description"": ""Feature workspace materialization derived from dataset #4."",
  ""object_type"": ""dataset"",
  ""path"": ""/app/runtime_artifacts/features/extractedstockdata.csv"",
  ""version"": 1,
  ""date"": ""2026-04-24T03:04:26.103952"",
  ""size"": 0.0996,
  ""history"": [
    {
      ""when"": ""2026-04-24T03:04:26.103965"",
      ""operation"": ""feature_materialize"",
      ""table_name"": ""feature_4_extractedstockdata"",
      ""source_dataset_id"": 4,
      ""materialized_to_postgres"": true
    },
    {
      ""when"": ""2026-04-24T21:36:36.554404"",
      ""operation"": ""extract_profile"",
      ""artifact_path"": ""/app/runtime_artifacts/training/dataset_20_features.json""
    },
    {
      ""when"": ""2026-04-24T21:40:06.285453"",
      ""operation"": ""extract_profile"",
      ""artifact_path"": ""/app/runtime_artifacts/training/dataset_20_features.json""
    },
    {
      ""when"": ""2026-04-25T17:52:32.996627"",
      ""operation"": ""extract_profile"",
      ""artifact_path"": ""/app/runtime_artifacts/training/dataset_20_features.json""
    },
    {
      ""when"": ""2026-04-25T22:11:12.489438"",
      ""operation"": ""extract_profile"",
      ""artifact_path"": ""/app/runtime_artifacts/training/dataset_20_features.json""
    },
    {
      ""when"": ""2026-04-25T22:31:53.998809"",
      ""operation"": ""extract_profile"",
      ""artifact_path"": ""/app/runtime_artifacts/training/dataset_20_features.json""
    },
    {
      ""when"": ""2026-04-25T23:52:52.526067"",
      ""operation"": ""extract_profile"",
      ""artifact_path"": ""/app/runtime_artifacts/training/dataset_20_features.json""
    },
    {
      ""when"": ""2026-04-26T00:36:11.456295"",
      ""operation"": ""extract_profile"",
      ""artifact_path"": ""/app/runtime_artifacts/training/dataset_20_features.json""
    },
    {
      ""when"": ""2026-04-27T00:35:41.126734"",
      ""operation"": ""extract_profile"",
      ""artifact_path"": ""/app/runtime_artifacts/training/dataset_20_features.json""
    },
    {
      ""when"": ""2026-05-01T21:51:47.193992"",
      ""operation"": ""extract_profile"",
      ""artifact_path"": ""/app/runtime_artifacts/training/dataset_20_features.json""
    },
    {
      ""when"": ""2026-05-19T19:55:48.736540"",
      ""operation"": ""extract_profile"",
      ""artifact_path"": ""/app/runtime_artifacts/training/dataset_20_features.json""
    }
  ],
  ""dataset_type"": ""dataset"",
  ""shape"": [
    200,
    36
  ],
  ""has_features"": true,
  ""features_list"": [
    ""Date"",
    ""Open"",
    ""High"",
    ""Low"",
    ""Close"",
    ""Volume"",
    ""Close_Return"",
    ""Volatility"",
    ""MA20"",
    ""MA50"",
    ""Momentum"",
    ""RelVolume"",
    ""RSI_Close"",
    ""Williams_%R"",
    ""CCI"",
    ""Bollinger_%B"",
    ""KeltnerC_%"",
    ""MACD_lib"",
    ""MACD_signal"",
    ""MACD_Hist"",
    ""Force_Index"",
    ""Volume_Price_Trend"",
    ""DLR"",
    ""RSI_Over"",
    ""RSI_Under"",
    ""Williams_Over"",
    ""Williams_Under"",
    ""MACD_Over"",
    ""MACD_Under"",
    ""Data"",
    ""time_idx"",
    ""series_id"",
    ""hl_center"",
    ""hl_range"",
    ""dayofweek"",
    ""month""
  ],
  ""connection_string"": ""table:feature_4_extractedstockdata""
}","{
  ""id"": 20,
  ""name"": ""extracted_stock_data"",
  ""description"": ""Feature workspace materialization derived from dataset #4."",
  ""object_type"": ""dataset"",
  ""path"": ""/app/runtime_artifacts/features/extractedstockdata.csv"",
  ""version"": 1,
  ""date"": ""2026-04-24T03:04:26.103952"",
  ""size"": 0.0996,
  ""history"": [
    {
      ""when"": ""2026-04-24T03:04:26.103965"",
      ""operation"": ""feature_materialize"",
      ""table_name"": ""feature_4_extractedstockdata"",
      ""source_dataset_id"": 4,
      ""materialized_to_postgres"": true
    },
    {
      ""when"": ""2026-04-24T21:36:36.554404"",
      ""operation"": ""extract_profile"",
      ""artifact_path"": ""/app/runtime_artifacts/training/dataset_20_features.json""
    },
    {
      ""when"": ""2026-04-24T21:40:06.285453"",
      ""operation"": ""extract_profile"",
      ""artifact_path"": ""/app/runtime_artifacts/training/dataset_20_features.json""
    },
    {
      ""when"": ""2026-04-25T17:52:32.996627"",
      ""operation"": ""extract_profile"",
      ""artifact_path"": ""/app/runtime_artifacts/training/dataset_20_features.json""
    },
    {
      ""when"": ""2026-04-25T22:11:12.489438"",
      ""operation"": ""extract_profile"",
      ""artifact_path"": ""/app/runtime_artifacts/training/dataset_20_features.json""
    },
    {
      ""when"": ""2026-04-25T22:31:53.998809"",
      ""operation"": ""extract_profile"",
      ""artifact_path"": ""/app/runtime_artifacts/training/dataset_20_features.json""
    },
    {
      ""when"": ""2026-04-25T23:52:52.526067"",
      ""operation"": ""extract_profile"",
      ""artifact_path"": ""/app/runtime_artifacts/training/dataset_20_features.json""
    },
    {
      ""when"": ""2026-04-26T00:36:11.456295"",
      ""operation"": ""extract_profile"",
      ""artifact_path"": ""/app/runtime_artifacts/training/dataset_20_features.json""
    },
    {
      ""when"": ""2026-04-27T00:35:41.126734"",
      ""operation"": ""extract_profile"",
      ""artifact_path"": ""/app/runtime_artifacts/training/dataset_20_features.json""
    },
    {
      ""when"": ""2026-05-01T21:51:47.193992"",
      ""operation"": ""extract_profile"",
      ""artifact_path"": ""/app/runtime_artifacts/training/dataset_20_features.json""
    },
    {
      ""when"": ""2026-05-19T19:55:48.736540"",
      ""operation"": ""extract_profile"",
      ""artifact_path"": ""/app/runtime_artifacts/training/dataset_20_features.json""
    }
  ],
  ""dataset_type"": ""dataset"",
  ""shape"": [
    200,
    36
  ],
  ""has_features"": true,
  ""features_list"": [
    ""Date"",
    ""Open"",
    ""High"",
    ""Low"",
    ""Close"",
    ""Volume"",
    ""Close_Return"",
    ""Volatility"",
    ""MA20"",
    ""MA50"",
    ""Momentum"",
    ""RelVolume"",
    ""RSI_Close"",
    ""Williams_%R"",
    ""CCI"",
    ""Bollinger_%B"",
    ""KeltnerC_%"",
    ""MACD_lib"",
    ""MACD_signal"",
    ""MACD_Hist"",
    ""Force_Index"",
    ""Volume_Price_Trend"",
    ""DLR"",
    ""RSI_Over"",
    ""RSI_Under"",
    ""Williams_Over"",
    ""Williams_Under"",
    ""MACD_Over"",
    ""MACD_Under"",
    ""Data"",
    ""time_idx"",
    ""series_id"",
    ""hl_center"",
    ""hl_range"",
    ""dayofweek"",
    ""month""
  ],
  ""connection_string"": ""table:feature_4_extractedstockdata""
}",/app/runtime_artifacts/features/extractedstockdata.csv,cf5b18c5c82c97d14dabf155c41ea171aac3e787a047b31fa9032282bde6eca5,{},{},{},"{
  ""registry_source"": ""datasets"",
  ""has_content"": true,
  ""has_metadata"": true
}",1,0.75
registry_assistant_model,registry_asset,assistant_model,,,"Model 'Gemma Assistant' type=assistant_model inputs=['prompt', 'context_pack', 'target_type'] outputs=['workflow_draft']","{
  ""id"": 38,
  ""name"": ""Gemma Assistant"",
  ""description"": ""Hugging Face AssistantModel imported from google/gemma-4-31B-it-assistant."",
  ""object_type"": ""learning_model"",
  ""path"": ""/app/runtime_artifacts/assistant_models/huggingface/google_gemma_4_31b_it_assistant"",
  ""version"": 1,
  ""date"": ""2026-05-20T19:11:01.775765"",
  ""size"": 0.0,
  ""history"": [
    {
      ""when"": ""2026-05-20T19:11:01.775787"",
      ""repo_id"": ""google/gemma-4-31B-it-assistant"",
      ""revision"": null,
      ""operation"": ""assistant_model_huggingface_imported"",
      ""bundle_sha256"": ""5324d16536da1929a47d8b97ab8b61e00a015bab3317515f73c20c9d637919c5""
    },
    {
      ""when"": ""2026-05-22T20:49:11.205619"",
      ""operation"": ""assistant_model_training_curated"",
      ""curated_path"": ""/app/runtime_artifacts/assistant_datasets/curated/assistant_model_38/curated_interactions.jsonl"",
      ""record_count"": 363,
      ""manifest_path"": ""/app/runtime_artifacts/assistant_datasets/curated/assistant_model_38/curation_manifest.json"",
      ""reference_records"": 0,
      ""project_example_records"": 360
    }
  ],
  ""model_type"": ""assistant_model"",
  ""parameters"": {
    ""assistant"": {
      ""dtype"": ""auto"",
      ""device"": ""auto"",
      ""base_url"": ""http://assistant-server:8080/v1"",
      ""health_url"": ""http://assistant-server:8080/health"",
      ""max_tokens"": ""[REDACTED]"",
      ""model_name"": ""Gemma Assistant"",
      ""bundle_path"": ""/app/runtime_artifacts/assistant_models/huggingface/google_gemma_4_31b_it_assistant"",
      ""temperature"": 0.2,
      ""adapter_path"": null,
      ""capabilities"": {
        ""registry_backed"": true,
        ""loads_in_fastapi"": false,
        ""pytorch_hf_bundle"": true,
        ""separate_server_required"": true,
        ""huggingface_directory_bundle"": true
      },
      ""quantization"": null,
      ""runtime_kind"": ""pytorch_hf_server"",
      ""bundle_sha256"": ""5324d16536da1929a47d8b97ab8b61e00a015bab3317515f73c20c9d637919c5"",
      ""chat_endpoint"": ""http://assistant-server:8080/v1/chat/completions"",
      ""chat_template"": ""{% for message in messages %}{{ message['role'] }}: {{ message['content'] }}\n{% endfor %}assistant:"",
      ""extracted_dir"": ""/app/runtime_artifacts/assistant_models/huggingface/google_gemma_4_31b_it_assistant"",
      ""model_version"": ""huggingface-import"",
      ""provider_type"": ""openai_compatible"",
      ""runtime_config"": {
        ""bundle_path"": ""/app/runtime_artifacts/assistant_models/huggingface/google_gemma_4_31b_it_assistant"",
        ""runtime_kind"": ""pytorch_hf_server"",
        ""extracted_dir"": ""/app/runtime_artifacts/assistant_models/huggingface/google_gemma_4_31b_it_assistant"",
        ""load_in_fastapi"": false,
        ""server_contract"": ""openai_compatible_chat_completions""
      },
      ""tokenizer_path"": ""[REDACTED]"",
      ""base_model_name"": ""google/gemma-4-31B-it-assistant"",
      ""timeout_seconds"": 20.0,
      ""tokenizer_assets"": ""[REDACTED]"",
      ""generation_config"": {},
      ""chat_template_path"": null,
      ""max_context_tokens"": ""[REDACTED]"",
      ""model_artifact_path"": ""/app/runtime_artifacts/assistant_models/huggingface/google_gemma_4_31b_it_assistant/model.safetensors"",
      ""bundle_manifest_path"": ""/app/runtime_artifacts/assistant_models/huggingface/google_gemma_4_31b_it_assistant/assistant_model_manifest.json"",
      ""context_pack_version"": ""assistant-context-pack-v1"",
      ""curated_training_path"": ""/app/runtime_artifacts/assistant_datasets/curated/assistant_model_38/curated_interactions.jsonl"",
      ""supported_draft_types"": [
        ""dataset_generation"",
        ""feature_operations"",
        ""model_generation"",
        ""registry_object"",
        ""study"",
        ""training_run""
      ],
      ""bundle_manifest_member"": ""assistant_model_manifest.json"",
      ""safety_profile_version"": ""assistant-safety-v1"",
      ""prompt_template_version"": ""amanaje-assistant-template-v1"",
      ""project_examples_version"": ""painel-amanaje-example-catalog-v1"",
      ""curated_training_manifest"": ""/app/runtime_artifacts/assistant_datasets/curated/assistant_model_38/curation_manifest.json"",
      ""curated_training_record_count"": 363,
      ""project_examples_sample_count"": 360,
      ""curated_training_reference_records"": 0,
      ""curated_training_interaction_records"": 3,
      ""curated_training_ready_for_fine_tuning"": true,
      ""curated_training_project_example_records"": 360
    },
    ""huggingface"": {
      ""repo_id"": ""google/gemma-4-31B-it-assistant"",
      ""revision"": null,
      ""local_dir"": ""/app/runtime_artifacts/assistant_models/huggingface/google_gemma_4_31b_it_assistant"",
      ""token_configured"": ""[REDACTED]""
    },
    ""artifact_manifest"": {
      ""repo_id"": ""google/gemma-4-31B-it-assistant"",
      ""base_url"": ""http://assistant-server:8080/v1"",
      ""revision"": null,
      ""model_name"": ""Gemma Assistant"",
      ""display_name"": ""Gemma Assistant"",
      ""runtime_kind"": ""pytorch_hf_server"",
      ""chat_template"": ""{% for message in messages %}{{ message['role'] }}: {{ message['content'] }}\n{% endfor %}assistant:"",
      ""model_version"": ""huggingface-import"",
      ""provider_type"": ""openai_compatible"",
      ""tokenizer_path"": ""[REDACTED]"",
      ""base_model_name"": ""google/gemma-4-31B-it-assistant"",
      ""generation_config"": {},
      ""max_context_tokens"": ""[REDACTED]"",
      ""model_artifact_path"": ""model.safetensors"",
      ""supported_draft_types"": [
        ""dataset_generation"",
        ""feature_operations"",
        ""model_generation"",
        ""registry_object"",
        ""study"",
        ""training_run""
      ],
      ""prompt_template_version"": ""amanaje-assistant-template-v1""
    }
  },
  ""metrics"": {
    ""status"": ""imported"",
    ""contract"": ""workflow_draft_json"",
    ""bundle_status"": ""valid""
  },
  ""reference_data"": ""/app/runtime_artifacts/assistant_datasets/curated/assistant_model_38/curated_interactions.jsonl"",
  ""input_features"": [
    ""prompt"",
    ""context_pack"",
    ""target_type""
  ],
  ""output_features"": [
    ""workflow_draft""
  ],
  ""is_trained"": false,
  ""is_tested"": false,
  ""is_deployed"": false
}","{
  ""id"": 38,
  ""name"": ""Gemma Assistant"",
  ""description"": ""Hugging Face AssistantModel imported from google/gemma-4-31B-it-assistant."",
  ""object_type"": ""learning_model"",
  ""path"": ""/app/runtime_artifacts/assistant_models/huggingface/google_gemma_4_31b_it_assistant"",
  ""version"": 1,
  ""date"": ""2026-05-20T19:11:01.775765"",
  ""size"": 0.0,
  ""history"": [
    {
      ""when"": ""2026-05-20T19:11:01.775787"",
      ""repo_id"": ""google/gemma-4-31B-it-assistant"",
      ""revision"": null,
      ""operation"": ""assistant_model_huggingface_imported"",
      ""bundle_sha256"": ""5324d16536da1929a47d8b97ab8b61e00a015bab3317515f73c20c9d637919c5""
    },
    {
      ""when"": ""2026-05-22T20:49:11.205619"",
      ""operation"": ""assistant_model_training_curated"",
      ""curated_path"": ""/app/runtime_artifacts/assistant_datasets/curated/assistant_model_38/curated_interactions.jsonl"",
      ""record_count"": 363,
      ""manifest_path"": ""/app/runtime_artifacts/assistant_datasets/curated/assistant_model_38/curation_manifest.json"",
      ""reference_records"": 0,
      ""project_example_records"": 360
    }
  ],
  ""model_type"": ""assistant_model"",
  ""parameters"": {
    ""assistant"": {
      ""dtype"": ""auto"",
      ""device"": ""auto"",
      ""base_url"": ""http://assistant-server:8080/v1"",
      ""health_url"": ""http://assistant-server:8080/health"",
      ""max_tokens"": ""[REDACTED]"",
      ""model_name"": ""Gemma Assistant"",
      ""bundle_path"": ""/app/runtime_artifacts/assistant_models/huggingface/google_gemma_4_31b_it_assistant"",
      ""temperature"": 0.2,
      ""adapter_path"": null,
      ""capabilities"": {
        ""registry_backed"": true,
        ""loads_in_fastapi"": false,
        ""pytorch_hf_bundle"": true,
        ""separate_server_required"": true,
        ""huggingface_directory_bundle"": true
      },
      ""quantization"": null,
      ""runtime_kind"": ""pytorch_hf_server"",
      ""bundle_sha256"": ""5324d16536da1929a47d8b97ab8b61e00a015bab3317515f73c20c9d637919c5"",
      ""chat_endpoint"": ""http://assistant-server:8080/v1/chat/completions"",
      ""chat_template"": ""{% for message in messages %}{{ message['role'] }}: {{ message['content'] }}\n{% endfor %}assistant:"",
      ""extracted_dir"": ""/app/runtime_artifacts/assistant_models/huggingface/google_gemma_4_31b_it_assistant"",
      ""model_version"": ""huggingface-import"",
      ""provider_type"": ""openai_compatible"",
      ""runtime_config"": {
        ""bundle_path"": ""/app/runtime_artifacts/assistant_models/huggingface/google_gemma_4_31b_it_assistant"",
        ""runtime_kind"": ""pytorch_hf_server"",
        ""extracted_dir"": ""/app/runtime_artifacts/assistant_models/huggingface/google_gemma_4_31b_it_assistant"",
        ""load_in_fastapi"": false,
        ""server_contract"": ""openai_compatible_chat_completions""
      },
      ""tokenizer_path"": ""[REDACTED]"",
      ""base_model_name"": ""google/gemma-4-31B-it-assistant"",
      ""timeout_seconds"": 20.0,
      ""tokenizer_assets"": ""[REDACTED]"",
      ""generation_config"": {},
      ""chat_template_path"": null,
      ""max_context_tokens"": ""[REDACTED]"",
      ""model_artifact_path"": ""/app/runtime_artifacts/assistant_models/huggingface/google_gemma_4_31b_it_assistant/model.safetensors"",
      ""bundle_manifest_path"": ""/app/runtime_artifacts/assistant_models/huggingface/google_gemma_4_31b_it_assistant/assistant_model_manifest.json"",
      ""context_pack_version"": ""assistant-context-pack-v1"",
      ""curated_training_path"": ""/app/runtime_artifacts/assistant_datasets/curated/assistant_model_38/curated_interactions.jsonl"",
      ""supported_draft_types"": [
        ""dataset_generation"",
        ""feature_operations"",
        ""model_generation"",
        ""registry_object"",
        ""study"",
        ""training_run""
      ],
      ""bundle_manifest_member"": ""assistant_model_manifest.json"",
      ""safety_profile_version"": ""assistant-safety-v1"",
      ""prompt_template_version"": ""amanaje-assistant-template-v1"",
      ""project_examples_version"": ""painel-amanaje-example-catalog-v1"",
      ""curated_training_manifest"": ""/app/runtime_artifacts/assistant_datasets/curated/assistant_model_38/curation_manifest.json"",
      ""curated_training_record_count"": 363,
      ""project_examples_sample_count"": 360,
      ""curated_training_reference_records"": 0,
      ""curated_training_interaction_records"": 3,
      ""curated_training_ready_for_fine_tuning"": true,
      ""curated_training_project_example_records"": 360
    },
    ""huggingface"": {
      ""repo_id"": ""google/gemma-4-31B-it-assistant"",
      ""revision"": null,
      ""local_dir"": ""/app/runtime_artifacts/assistant_models/huggingface/google_gemma_4_31b_it_assistant"",
      ""token_configured"": ""[REDACTED]""
    },
    ""artifact_manifest"": {
      ""repo_id"": ""google/gemma-4-31B-it-assistant"",
      ""base_url"": ""http://assistant-server:8080/v1"",
      ""revision"": null,
      ""model_name"": ""Gemma Assistant"",
      ""display_name"": ""Gemma Assistant"",
      ""runtime_kind"": ""pytorch_hf_server"",
      ""chat_template"": ""{% for message in messages %}{{ message['role'] }}: {{ message['content'] }}\n{% endfor %}assistant:"",
      ""model_version"": ""huggingface-import"",
      ""provider_type"": ""openai_compatible"",
      ""tokenizer_path"": ""[REDACTED]"",
      ""base_model_name"": ""google/gemma-4-31B-it-assistant"",
      ""generation_config"": {},
      ""max_context_tokens"": ""[REDACTED]"",
      ""model_artifact_path"": ""model.safetensors"",
      ""supported_draft_types"": [
        ""dataset_generation"",
        ""feature_operations"",
        ""model_generation"",
        ""registry_object"",
        ""study"",
        ""training_run""
      ],
      ""prompt_template_version"": ""amanaje-assistant-template-v1""
    }
  },
  ""metrics"": {
    ""status"": ""imported"",
    ""contract"": ""workflow_draft_json"",
    ""bundle_status"": ""valid""
  },
  ""reference_data"": ""/app/runtime_artifacts/assistant_datasets/curated/assistant_model_38/curated_interactions.jsonl"",
  ""input_features"": [
    ""prompt"",
    ""context_pack"",
    ""target_type""
  ],
  ""output_features"": [
    ""workflow_draft""
  ],
  ""is_trained"": false,
  ""is_tested"": false,
  ""is_deployed"": false
}",/app/runtime_artifacts/assistant_models/huggingface/google_gemma_4_31b_it_assistant,bed3534d2a677c9c21699afb365d1205274873c771cb137f73534df61b87455e,{},{},{},"{
  ""registry_source"": ""assistant_models"",
  ""has_content"": true,
  ""has_metadata"": true
}",1,0.75
registry_code_model,registry_asset,code_asset,,,CodeModel 'SLM_example_draft' with saved script content and variables.,"# Assistant dataset draft
# make a dataset about keyboards

import numpy as np
import pandas as pd

rng = np.random.default_rng(42)
row_count = 100
df = pd.DataFrame({
    ""feature_a"": rng.normal(10, 2, row_count).round(4),
    ""feature_b"": rng.integers(0, 5, row_count),
    ""segment"": rng.choice([""baseline"", ""growth"", ""risk""], row_count),
})
df[""target""] = (df[""feature_a""] * 0.7 + df[""feature_b""] * 1.5 + rng.normal(0, 0.5, row_count)).round(4)

csv_text = df.to_csv(index=False)
name = ""assistant_generated_dataset""
description = ""Dataset drafted by the Amanaje assistant.""
object_type = ""dataset""
dataset_type = ""dataset""
version = 1
connection_string = """"","{
  ""id"": 26,
  ""name"": ""SLM_example_draft"",
  ""description"": ""Dataset drafted by the Amanaje assistant."",
  ""object_type"": ""code_model"",
  ""path"": ""editor"",
  ""version"": 1,
  ""date"": ""2026-05-01T19:25:28.482000"",
  ""size"": 0.0,
  ""history"": [
    {
      ""when"": ""2026-05-01T19:25:28.483Z"",
      ""operation"": ""save_script""
    }
  ],
  ""variables"": {},
  ""language"": ""python""
}",editor,8a7715f076ebb1e96ceb622a650d4114058f5c37be77ccff990be11e7adc3865,{},{},{},"{
  ""registry_source"": ""code_models"",
  ""has_content"": true,
  ""has_metadata"": true
}",1,0.75
registry_code_model,registry_asset,code_asset,,,CodeModel 'SLM_example_model' with saved script content and variables.,"# Assistant model draft
# make a model about regression

import base64
import io
import joblib
from sklearn.ensemble import RandomForestRegressor

model = RandomForestRegressor(n_estimators=80, random_state=42)
buffer = io.BytesIO()
joblib.dump(model, buffer)
buffer.seek(0)

joblib_bytes = base64.b64encode(buffer.getvalue()).decode(""utf-8"")
name = ""assistant_generated_model""
description = ""Scikit-learn model artifact drafted by the Amanaje assistant.""
object_type = ""learning_model""
path = ""generated/assistant_generated_model.joblib""
version = 1
model_type = ""supervised_model""
parameters = {""framework"": ""sklearn"", ""estimator_class"": ""RandomForestRegressor"", ""n_estimators"": 80, ""random_state"": 42}
metrics = {""task"": ""regression"", ""status"": ""untrained_template""}
reference_data = ""assistant_generated_dataset.csv""
input_features = [""feature_a"", ""feature_b""]
output_features = [""target""]
is_trained = False
is_tested = False
is_deployed = False","{
  ""id"": 27,
  ""name"": ""SLM_example_model"",
  ""description"": ""Scikit-learn model artifact drafted by the Amanaje assistant."",
  ""object_type"": ""code_model"",
  ""path"": ""generated/assistant_generated_model.joblib"",
  ""version"": 1,
  ""date"": ""2026-05-01T19:26:24.210000"",
  ""size"": 0.0,
  ""history"": [
    {
      ""when"": ""2026-05-01T19:26:24.210Z"",
      ""operation"": ""save_script""
    }
  ],
  ""variables"": {},
  ""language"": ""python""
}",generated/assistant_generated_model.joblib,d82140af972b5db6d4fd34c90dab230f8d4009a356ed07c04f226638d33e0ed9,{},{},{},"{
  ""registry_source"": ""code_models"",
  ""has_content"": true,
  ""has_metadata"": true
}",1,0.75
registry_inference_model,registry_asset,inference,,,"keys: dataset_id, date, description, history, id, inference_params, input_features, learning_model_id, ...","{
  ""id"": 30,
  ""name"": ""assistant_inferencemodel"",
  ""description"": ""InferenceModel drafted by the Amanaje assistant."",
  ""object_type"": ""inference_model"",
  ""path"": ""/models/sample_model.joblib"",
  ""version"": 1,
  ""date"": ""2026-05-18T20:44:41.059016"",
  ""size"": 0.0006,
  ""history"": [
    {
      ""operation"": ""assistant_draft""
    },
    {
      ""when"": ""2026-05-04T03:34:54.752Z"",
      ""status"": ""approved"",
      ""approved"": true,
      ""draft_id"": ""draft_688139d63d24"",
      ""operation"": ""assistant_review""
    },
    {
      ""when"": ""2026-05-14T19:26:25.576215"",
      ""model_id"": 25,
      ""operation"": ""production_start"",
      ""dataset_id"": 1
    },
    {
      ""when"": ""2026-05-18T20:44:41.023735"",
      ""model_id"": 25,
      ""operation"": ""production_start"",
      ""dataset_id"": 1
    }
  ],
  ""learning_model_id"": 25,
  ""dataset_id"": 1,
  ""input_features"": [
    ""input""
  ],
  ""output_features"": [
    ""output""
  ],
  ""inference_params"": {
    ""source"": ""assistant"",
    ""status"": ""active"",
    ""framework"": ""sklearn"",
    ""deployment"": {
      ""status"": ""active"",
      ""model_id"": 25,
      ""dataset_id"": 1,
      ""model_name"": ""sample_model"",
      ""started_at"": ""2026-05-18T20:44:41.023735"",
      ""dataset_name"": ""sample_dataset"",
      ""inference_id"": 30,
      ""artifact_path"": ""/models/sample_model.joblib"",
      ""artifact_manifest"": {
        ""loader"": ""joblib"",
        ""source"": ""/models/sample_model.joblib"",
        ""metadata"": {
          ""python_type"": ""sklearn.ensemble._forest.RandomForestRegressor"",
          ""public_methods"": [
            ""apply"",
            ""decision_path"",
            ""fit"",
            ""get_metadata_routing"",
            ""get_params"",
            ""predict"",
            ""score"",
            ""set_fit_request"",
            ""set_params"",
            ""set_score_request""
          ]
        },
        ""warnings"": [],
        ""framework"": ""sklearn"",
        ""entrypoint"": ""predict"",
        ""artifact_format"": "".joblib"",
        ""capability_matrix"": {
          "".pt"": {
            ""label"": ""PyTorch Artifact"",
            ""train"": false,
            ""inspect"": true,
            ""monitor"": ""guarded"",
            ""predict"": ""guarded"",
            ""register"": true,
            ""simulate"": ""guarded""
          },
          "".pkl"": {
            ""label"": ""Python Pickle"",
            ""train"": false,
            ""inspect"": true,
            ""monitor"": ""guarded"",
            ""predict"": ""guarded"",
            ""register"": true,
            ""simulate"": ""guarded""
          },
          "".pth"": {
            ""label"": ""PyTorch Artifact"",
            ""train"": false,
            ""inspect"": true,
            ""monitor"": ""guarded"",
            ""predict"": ""guarded"",
            ""register"": true,
            ""simulate"": ""guarded""
          },
          "".yml"": {
            ""label"": ""YAML Config"",
            ""train"": false,
            ""inspect"": true,
            ""monitor"": false,
            ""predict"": false,
            ""register"": true,
            ""simulate"": false
          },
          "".json"": {
            ""label"": ""JSON Config"",
            ""train"": false,
            ""inspect"": true,
            ""monitor"": false,
            ""predict"": false,
            ""register"": true,
            ""simulate"": false
          },
          "".onnx"": {
            ""label"": ""ONNX"",
            ""train"": false,
            ""inspect"": true,
            ""monitor"": false,
            ""predict"": false,
            ""register"": true,
            ""simulate"": false
          },
          "".yaml"": {
            ""label"": ""YAML Config"",
            ""train"": false,
            ""inspect"": true,
            ""monitor"": false,
            ""predict"": false,
            ""register"": true,
            ""simulate"": false
          },
          "".joblib"": {
            ""label"": ""scikit-learn Joblib"",
            ""train"": false,
            ""inspect"": true,
            ""monitor"": true,
            ""predict"": true,
            ""register"": true,
            ""simulate"": true
          },
          "".pickle"": {
            ""label"": ""Python Pickle"",
            ""train"": false,
            ""inspect"": true,
            ""monitor"": ""guarded"",
            ""predict"": ""guarded"",
            ""register"": true,
            ""simulate"": ""guarded""
          }
        },
        ""needs_companion_spec"": false,
        ""runtime_capabilities"": {
          ""train"": false,
          ""inspect"": true,
          ""monitor"": true,
          ""predict"": true,
          ""register"": true,
          ""simulate"": true
        },
        ""supported_file_types"": [
          "".joblib"",
          "".json"",
          "".onnx"",
          "".pickle"",
          "".pkl"",
          "".pt"",
          "".pth"",
          "".yaml"",
          "".yml""
        ]
      },
      ""artifact_metadata"": {
        ""loader"": ""joblib"",
        ""source"": ""/models/sample_model.joblib"",
        ""metadata"": {},
        ""warnings"": [
          ""Joblib support is available for runtime loading.""
        ],
        ""framework"": ""sklearn"",
        ""entrypoint"": null,
        ""artifact_format"": "".joblib"",
        ""capability_matrix"": {
          "".pt"": {
            ""label"": ""PyTorch Artifact"",
            ""train"": false,
            ""inspect"": true,
            ""monitor"": ""guarded"",
            ""predict"": ""guarded"",
            ""register"": true,
            ""simulate"": ""guarded""
          },
          "".pkl"": {
            ""label"": ""Python Pickle"",
            ""train"": false,
            ""inspect"": true,
            ""monitor"": ""guarded"",
            ""predict"": ""guarded"",
            ""register"": true,
            ""simulate"": ""guarded""
          },
          "".pth"": {
            ""label"": ""PyTorch Artifact"",
            ""train"": false,
            ""inspect"": true,
            ""monitor"": ""guarded"",
            ""predict"": ""guarded"",
            ""register"": true,
            ""simulate"": ""guarded""
          },
          "".yml"": {
            ""label"": ""YAML Config"",
            ""train"": false,
            ""inspect"": true,
            ""monitor"": false,
            ""predict"": false,
            ""register"": true,
            ""simulate"": false
          },
          "".json"": {
            ""label"": ""JSON Config"",
            ""train"": false,
            ""inspect"": true,
            ""monitor"": false,
            ""predict"": false,
            ""register"": true,
            ""simulate"": false
          },
          "".onnx"": {
            ""label"": ""ONNX"",
            ""train"": false,
            ""inspect"": true,
            ""monitor"": false,
            ""predict"": false,
            ""register"": true,
            ""simulate"": false
          },
          "".yaml"": {
            ""label"": ""YAML Config"",
            ""train"": false,
            ""inspect"": true,
            ""monitor"": false,
            ""predict"": false,
            ""register"": true,
            ""simulate"": false
          },
          "".joblib"": {
            ""label"": ""scikit-learn Joblib"",
            ""train"": false,
            ""inspect"": true,
            ""monitor"": true,
            ""predict"": true,
            ""register"": true,
            ""simulate"": true
          },
          "".pickle"": {
            ""label"": ""Python Pickle"",
            ""train"": false,
            ""inspect"": true,
            ""monitor"": ""guarded"",
            ""predict"": ""guarded"",
            ""register"": true,
            ""simulate"": ""guarded""
          }
        },
        ""needs_companion_spec"": false,
        ""runtime_capabilities"": {
          ""train"": false,
          ""inspect"": true,
          ""monitor"": true,
          ""predict"": true,
          ""register"": true,
          ""simulate"": true
        },
        ""supported_file_types"": [
          "".joblib"",
          "".json"",
          "".onnx"",
          "".pickle"",
          "".pkl"",
          "".pt"",
          "".pth"",
          "".yaml"",
          "".yml""
        ]
      }
    },
    ""latest_metrics"": {
      ""task"": ""regression""
    },
    ""artifact_manifest"": {
      ""loader"": ""joblib"",
      ""source"": ""/models/sample_model.joblib"",
      ""metadata"": {},
      ""warnings"": [
        ""Joblib support is available for runtime loading.""
      ],
      ""framework"": ""sklearn"",
      ""entrypoint"": null,
      ""artifact_format"": "".joblib"",
      ""capability_matrix"": {
        "".pt"": {
          ""label"": ""PyTorch Artifact"",
          ""train"": false,
          ""inspect"": true,
          ""monitor"": ""guarded"",
          ""predict"": ""guarded"",
          ""register"": true,
          ""simulate"": ""guarded""
        },
        "".pkl"": {
          ""label"": ""Python Pickle"",
          ""train"": false,
          ""inspect"": true,
          ""monitor"": ""guarded"",
          ""predict"": ""guarded"",
          ""register"": true,
          ""simulate"": ""guarded""
        },
        "".pth"": {
          ""label"": ""PyTorch Artifact"",
          ""train"": false,
          ""inspect"": true,
          ""monitor"": ""guarded"",
          ""predict"": ""guarded"",
          ""register"": true,
          ""simulate"": ""guarded""
        },
        "".yml"": {
          ""label"": ""YAML Config"",
          ""train"": false,
          ""inspect"": true,
          ""monitor"": false,
          ""predict"": false,
          ""register"": true,
          ""simulate"": false
        },
        "".json"": {
          ""label"": ""JSON Config"",
          ""train"": false,
          ""inspect"": true,
          ""monitor"": false,
          ""predict"": false,
          ""register"": true,
          ""simulate"": false
        },
        "".onnx"": {
          ""label"": ""ONNX"",
          ""train"": false,
          ""inspect"": true,
          ""monitor"": false,
          ""predict"": false,
          ""register"": true,
          ""simulate"": false
        },
        "".yaml"": {
          ""label"": ""YAML Config"",
          ""train"": false,
          ""inspect"": true,
          ""monitor"": false,
          ""predict"": false,
          ""register"": true,
          ""simulate"": false
        },
        "".joblib"": {
          ""label"": ""scikit-learn Joblib"",
          ""train"": false,
          ""inspect"": true,
          ""monitor"": true,
          ""predict"": true,
          ""register"": true,
          ""simulate"": true
        },
        "".pickle"": {
          ""label"": ""Python Pickle"",
          ""train"": false,
          ""inspect"": true,
          ""monitor"": ""guarded"",
          ""predict"": ""guarded"",
          ""register"": true,
          ""simulate"": ""guarded""
        }
      },
      ""needs_companion_spec"": false,
      ""runtime_capabilities"": {
        ""train"": false,
        ""inspect"": true,
        ""monitor"": true,
        ""predict"": true,
        ""register"": true,
        ""simulate"": true
      },
      ""supported_file_types"": [
        "".joblib"",
        "".json"",
        "".onnx"",
        "".pickle"",
        "".pkl"",
        "".pt"",
        "".pth"",
        "".yaml"",
        "".yml""
      ]
    },
    ""simulation_defaults"": {
      ""steps"": 12,
      ""strategy"": ""carry-forward"",
      ""amplitude"": 0.05
    }
  }
}","{
  ""id"": 30,
  ""name"": ""assistant_inferencemodel"",
  ""description"": ""InferenceModel drafted by the Amanaje assistant."",
  ""object_type"": ""inference_model"",
  ""path"": ""/models/sample_model.joblib"",
  ""version"": 1,
  ""date"": ""2026-05-18T20:44:41.059016"",
  ""size"": 0.0006,
  ""history"": [
    {
      ""operation"": ""assistant_draft""
    },
    {
      ""when"": ""2026-05-04T03:34:54.752Z"",
      ""status"": ""approved"",
      ""approved"": true,
      ""draft_id"": ""draft_688139d63d24"",
      ""operation"": ""assistant_review""
    },
    {
      ""when"": ""2026-05-14T19:26:25.576215"",
      ""model_id"": 25,
      ""operation"": ""production_start"",
      ""dataset_id"": 1
    },
    {
      ""when"": ""2026-05-18T20:44:41.023735"",
      ""model_id"": 25,
      ""operation"": ""production_start"",
      ""dataset_id"": 1
    }
  ],
  ""learning_model_id"": 25,
  ""dataset_id"": 1,
  ""input_features"": [
    ""input""
  ],
  ""output_features"": [
    ""output""
  ],
  ""inference_params"": {
    ""source"": ""assistant"",
    ""status"": ""active"",
    ""framework"": ""sklearn"",
    ""deployment"": {
      ""status"": ""active"",
      ""model_id"": 25,
      ""dataset_id"": 1,
      ""model_name"": ""sample_model"",
      ""started_at"": ""2026-05-18T20:44:41.023735"",
      ""dataset_name"": ""sample_dataset"",
      ""inference_id"": 30,
      ""artifact_path"": ""/models/sample_model.joblib"",
      ""artifact_manifest"": {
        ""loader"": ""joblib"",
        ""source"": ""/models/sample_model.joblib"",
        ""metadata"": {
          ""python_type"": ""sklearn.ensemble._forest.RandomForestRegressor"",
          ""public_methods"": [
            ""apply"",
            ""decision_path"",
            ""fit"",
            ""get_metadata_routing"",
            ""get_params"",
            ""predict"",
            ""score"",
            ""set_fit_request"",
            ""set_params"",
            ""set_score_request""
          ]
        },
        ""warnings"": [],
        ""framework"": ""sklearn"",
        ""entrypoint"": ""predict"",
        ""artifact_format"": "".joblib"",
        ""capability_matrix"": {
          "".pt"": {
            ""label"": ""PyTorch Artifact"",
            ""train"": false,
            ""inspect"": true,
            ""monitor"": ""guarded"",
            ""predict"": ""guarded"",
            ""register"": true,
            ""simulate"": ""guarded""
          },
          "".pkl"": {
            ""label"": ""Python Pickle"",
            ""train"": false,
            ""inspect"": true,
            ""monitor"": ""guarded"",
            ""predict"": ""guarded"",
            ""register"": true,
            ""simulate"": ""guarded""
          },
          "".pth"": {
            ""label"": ""PyTorch Artifact"",
            ""train"": false,
            ""inspect"": true,
            ""monitor"": ""guarded"",
            ""predict"": ""guarded"",
            ""register"": true,
            ""simulate"": ""guarded""
          },
          "".yml"": {
            ""label"": ""YAML Config"",
            ""train"": false,
            ""inspect"": true,
            ""monitor"": false,
            ""predict"": false,
            ""register"": true,
            ""simulate"": false
          },
          "".json"": {
            ""label"": ""JSON Config"",
            ""train"": false,
            ""inspect"": true,
            ""monitor"": false,
            ""predict"": false,
            ""register"": true,
            ""simulate"": false
          },
          "".onnx"": {
            ""label"": ""ONNX"",
            ""train"": false,
            ""inspect"": true,
            ""monitor"": false,
            ""predict"": false,
            ""register"": true,
            ""simulate"": false
          },
          "".yaml"": {
            ""label"": ""YAML Config"",
            ""train"": false,
            ""inspect"": true,
            ""monitor"": false,
            ""predict"": false,
            ""register"": true,
            ""simulate"": false
          },
          "".joblib"": {
            ""label"": ""scikit-learn Joblib"",
            ""train"": false,
            ""inspect"": true,
            ""monitor"": true,
            ""predict"": true,
            ""register"": true,
            ""simulate"": true
          },
          "".pickle"": {
            ""label"": ""Python Pickle"",
            ""train"": false,
            ""inspect"": true,
            ""monitor"": ""guarded"",
            ""predict"": ""guarded"",
            ""register"": true,
            ""simulate"": ""guarded""
          }
        },
        ""needs_companion_spec"": false,
        ""runtime_capabilities"": {
          ""train"": false,
          ""inspect"": true,
          ""monitor"": true,
          ""predict"": true,
          ""register"": true,
          ""simulate"": true
        },
        ""supported_file_types"": [
          "".joblib"",
          "".json"",
          "".onnx"",
          "".pickle"",
          "".pkl"",
          "".pt"",
          "".pth"",
          "".yaml"",
          "".yml""
        ]
      },
      ""artifact_metadata"": {
        ""loader"": ""joblib"",
        ""source"": ""/models/sample_model.joblib"",
        ""metadata"": {},
        ""warnings"": [
          ""Joblib support is available for runtime loading.""
        ],
        ""framework"": ""sklearn"",
        ""entrypoint"": null,
        ""artifact_format"": "".joblib"",
        ""capability_matrix"": {
          "".pt"": {
            ""label"": ""PyTorch Artifact"",
            ""train"": false,
            ""inspect"": true,
            ""monitor"": ""guarded"",
            ""predict"": ""guarded"",
            ""register"": true,
            ""simulate"": ""guarded""
          },
          "".pkl"": {
            ""label"": ""Python Pickle"",
            ""train"": false,
            ""inspect"": true,
            ""monitor"": ""guarded"",
            ""predict"": ""guarded"",
            ""register"": true,
            ""simulate"": ""guarded""
          },
          "".pth"": {
            ""label"": ""PyTorch Artifact"",
            ""train"": false,
            ""inspect"": true,
            ""monitor"": ""guarded"",
            ""predict"": ""guarded"",
            ""register"": true,
            ""simulate"": ""guarded""
          },
          "".yml"": {
            ""label"": ""YAML Config"",
            ""train"": false,
            ""inspect"": true,
            ""monitor"": false,
            ""predict"": false,
            ""register"": true,
            ""simulate"": false
          },
          "".json"": {
            ""label"": ""JSON Config"",
            ""train"": false,
            ""inspect"": true,
            ""monitor"": false,
            ""predict"": false,
            ""register"": true,
            ""simulate"": false
          },
          "".onnx"": {
            ""label"": ""ONNX"",
            ""train"": false,
            ""inspect"": true,
            ""monitor"": false,
            ""predict"": false,
            ""register"": true,
            ""simulate"": false
          },
          "".yaml"": {
            ""label"": ""YAML Config"",
            ""train"": false,
            ""inspect"": true,
            ""monitor"": false,
            ""predict"": false,
            ""register"": true,
            ""simulate"": false
          },
          "".joblib"": {
            ""label"": ""scikit-learn Joblib"",
            ""train"": false,
            ""inspect"": true,
            ""monitor"": true,
            ""predict"": true,
            ""register"": true,
            ""simulate"": true
          },
          "".pickle"": {
            ""label"": ""Python Pickle"",
            ""train"": false,
            ""inspect"": true,
            ""monitor"": ""guarded"",
            ""predict"": ""guarded"",
            ""register"": true,
            ""simulate"": ""guarded""
          }
        },
        ""needs_companion_spec"": false,
        ""runtime_capabilities"": {
          ""train"": false,
          ""inspect"": true,
          ""monitor"": true,
          ""predict"": true,
          ""register"": true,
          ""simulate"": true
        },
        ""supported_file_types"": [
          "".joblib"",
          "".json"",
          "".onnx"",
          "".pickle"",
          "".pkl"",
          "".pt"",
          "".pth"",
          "".yaml"",
          "".yml""
        ]
      }
    },
    ""latest_metrics"": {
      ""task"": ""regression""
    },
    ""artifact_manifest"": {
      ""loader"": ""joblib"",
      ""source"": ""/models/sample_model.joblib"",
      ""metadata"": {},
      ""warnings"": [
        ""Joblib support is available for runtime loading.""
      ],
      ""framework"": ""sklearn"",
      ""entrypoint"": null,
      ""artifact_format"": "".joblib"",
      ""capability_matrix"": {
        "".pt"": {
          ""label"": ""PyTorch Artifact"",
          ""train"": false,
          ""inspect"": true,
          ""monitor"": ""guarded"",
          ""predict"": ""guarded"",
          ""register"": true,
          ""simulate"": ""guarded""
        },
        "".pkl"": {
          ""label"": ""Python Pickle"",
          ""train"": false,
          ""inspect"": true,
          ""monitor"": ""guarded"",
          ""predict"": ""guarded"",
          ""register"": true,
          ""simulate"": ""guarded""
        },
        "".pth"": {
          ""label"": ""PyTorch Artifact"",
          ""train"": false,
          ""inspect"": true,
          ""monitor"": ""guarded"",
          ""predict"": ""guarded"",
          ""register"": true,
          ""simulate"": ""guarded""
        },
        "".yml"": {
          ""label"": ""YAML Config"",
          ""train"": false,
          ""inspect"": true,
          ""monitor"": false,
          ""predict"": false,
          ""register"": true,
          ""simulate"": false
        },
        "".json"": {
          ""label"": ""JSON Config"",
          ""train"": false,
          ""inspect"": true,
          ""monitor"": false,
          ""predict"": false,
          ""register"": true,
          ""simulate"": false
        },
        "".onnx"": {
          ""label"": ""ONNX"",
          ""train"": false,
          ""inspect"": true,
          ""monitor"": false,
          ""predict"": false,
          ""register"": true,
          ""simulate"": false
        },
        "".yaml"": {
          ""label"": ""YAML Config"",
          ""train"": false,
          ""inspect"": true,
          ""monitor"": false,
          ""predict"": false,
          ""register"": true,
          ""simulate"": false
        },
        "".joblib"": {
          ""label"": ""scikit-learn Joblib"",
          ""train"": false,
          ""inspect"": true,
          ""monitor"": true,
          ""predict"": true,
          ""register"": true,
          ""simulate"": true
        },
        "".pickle"": {
          ""label"": ""Python Pickle"",
          ""train"": false,
          ""inspect"": true,
          ""monitor"": ""guarded"",
          ""predict"": ""guarded"",
          ""register"": true,
          ""simulate"": ""guarded""
        }
      },
      ""needs_companion_spec"": false,
      ""runtime_capabilities"": {
        ""train"": false,
        ""inspect"": true,
        ""monitor"": true,
        ""predict"": true,
        ""register"": true,
        ""simulate"": true
      },
      ""supported_file_types"": [
        "".joblib"",
        "".json"",
        "".onnx"",
        "".pickle"",
        "".pkl"",
        "".pt"",
        "".pth"",
        "".yaml"",
        "".yml""
      ]
    },
    ""simulation_defaults"": {
      ""steps"": 12,
      ""strategy"": ""carry-forward"",
      ""amplitude"": 0.05
    }
  }
}",/models/sample_model.joblib,4870fe15ed47c722efa77fe32209c7919a30ad90a94aa026c52d092c1042dbb8,{},{},{},"{
  ""registry_source"": ""inference_models"",
  ""has_content"": true,
  ""has_metadata"": true
}",1,0.75
registry_inference_model,registry_asset,inference,,,"keys: dataset_id, date, description, history, id, inference_params, input_features, learning_model_id, ...","{
  ""id"": 12,
  ""name"": ""lightfm_recommendation :: stock_data"",
  ""description"": ""Inference pair for lightfm_recommendation :: stock_data"",
  ""object_type"": ""inference_model"",
  ""path"": ""/models/lightfm_model.pkl"",
  ""version"": 1,
  ""date"": ""2026-04-22T21:20:41.840558"",
  ""size"": 16.2144,
  ""history"": [
    {
      ""when"": ""2026-04-22T18:46:26.239205"",
      ""job_id"": ""train_11_4_520734c7"",
      ""model_id"": 11,
      ""operation"": ""training_sync"",
      ""dataset_id"": 4
    },
    {
      ""when"": ""2026-04-22T18:48:02.006961"",
      ""model_id"": 11,
      ""operation"": ""production_start"",
      ""dataset_id"": 4
    },
    {
      ""when"": ""2026-04-22T21:20:41.811676"",
      ""model_id"": 11,
      ""operation"": ""production_start"",
      ""dataset_id"": 4
    }
  ],
  ""learning_model_id"": 11,
  ""dataset_id"": 4,
  ""input_features"": [
    ""Date"",
    ""Open"",
    ""High"",
    ""Low"",
    ""Close"",
    ""Volume"",
    ""Close_Return"",
    ""Volatility"",
    ""MA20"",
    ""MA50"",
    ""Momentum"",
    ""RelVolume"",
    ""RSI_Close"",
    ""Williams_%R"",
    ""CCI"",
    ""Bollinger_%B"",
    ""KeltnerC_%"",
    ""MACD_lib"",
    ""MACD_signal"",
    ""MACD_Hist"",
    ""Force_Index"",
    ""Volume_Price_Trend"",
    ""DLR"",
    ""RSI_Over"",
    ""RSI_Under"",
    ""Williams_Over"",
    ""Williams_Under"",
    ""MACD_Over"",
    ""MACD_Under"",
    ""Data"",
    ""time_idx"",
    ""series_id"",
    ""hl_center"",
    ""hl_range"",
    ""dayofweek""
  ],
  ""output_features"": [
    ""MACD_Over""
  ],
  ""inference_params"": {
    ""status"": ""active"",
    ""artifacts"": {
      ""model_uri"": ""runs:/e18fc8947f2d48a982abd58d1030e72f/model"",
      ""serving_file"": ""/app/runtime_artifacts/serving/train_11_4_520734c7_service.py"",
      ""summary_path"": ""/app/runtime_artifacts/training/train_11_4_520734c7/training_summary.json"",
      ""artifact_paths"": [
        ""/app/runtime_artifacts/training/train_11_4_520734c7/training_summary.json"",
        ""/app/runtime_artifacts/plots/train_11_4_520734c7/metric_comparison.png"",
        ""/app/runtime_artifacts/plots/train_11_4_520734c7/loss_curve.png"",
        ""/app/runtime_artifacts/serving/train_11_4_520734c7_service.py""
      ],
      ""model_artifact_path"": null
    },
    ""framework"": ""pytorch"",
    ""deployment"": {
      ""status"": ""active"",
      ""model_id"": 11,
      ""dataset_id"": 4,
      ""model_name"": ""lightfm_recommendation"",
      ""started_at"": ""2026-04-22T21:20:41.811676"",
      ""dataset_name"": ""stock_data"",
      ""inference_id"": 12,
      ""artifact_path"": ""/models/lightfm_model.pkl"",
      ""artifact_metadata"": {
        ""error"": ""Unsupported file type: .pkl""
      }
    },
    ""monitoring"": {
      ""job_id"": ""train_11_4_520734c7"",
      ""summary"": {
        ""degraded_metrics"": 0,
        ""drifted_features"": 1
      },
      ""evaluated_at"": ""2026-04-22T18:46:25.876552"",
      ""drift_results"": {
        ""CCI"": false,
        ""DLR"": false,
        ""Low"": false,
        ""Data"": false,
        ""Date"": false,
        ""High"": false,
        ""MA20"": false,
        ""MA50"": false,
        ""Open"": false,
        ""Close"": false,
        ""Volume"": false,
        ""MACD_lib"": false,
        ""Momentum"": false,
        ""RSI_Over"": false,
        ""hl_range"": false,
        ""time_idx"": false,
        ""MACD_Hist"": false,
        ""MACD_Over"": false,
        ""RSI_Close"": false,
        ""RSI_Under"": false,
        ""RelVolume"": false,
        ""dayofweek"": false,
        ""hl_center"": false,
        ""KeltnerC_%"": false,
        ""MACD_Under"": false,
        ""Volatility"": false,
        ""Force_Index"": false,
        ""MACD_signal"": false,
        ""Williams_%R"": false,
        ""Bollinger_%B"": true,
        ""Close_Return"": false,
        ""Williams_Over"": false,
        ""series_id_AMD"": false,
        ""series_id_nan"": false,
        ""Williams_Under"": false,
        ""series_id_AAPL"": false,
        ""series_id_NVDA"": false,
        ""series_id_QCOM"": false,
        ""Volume_Price_Trend"": false
      },
      ""prediction_drift"": {
        ""p_value"": 1.0,
        ""detected"": false
      },
      ""degradation_results"": {},
      ""retrain_recommended"": true
    },
    ""last_job_id"": ""train_11_4_520734c7"",
    ""latest_metrics"": {
      ""eval_f1"": 0.33619267568459255,
      ""val_loss"": 0.6930630755802941,
      ""train_loss"": 0.6929945198316423,
      ""eval_recall"": 0.5,
      ""eval_accuracy"": 0.5064612326043738,
      ""eval_precision"": 0.2532306163021869
    },
    ""last_trained_at"": ""2026-04-22T18:46:26.239152"",
    ""simulation_defaults"": {
      ""steps"": 12,
      ""strategy"": ""carry-forward"",
      ""amplitude"": 0.05
    }
  }
}","{
  ""id"": 12,
  ""name"": ""lightfm_recommendation :: stock_data"",
  ""description"": ""Inference pair for lightfm_recommendation :: stock_data"",
  ""object_type"": ""inference_model"",
  ""path"": ""/models/lightfm_model.pkl"",
  ""version"": 1,
  ""date"": ""2026-04-22T21:20:41.840558"",
  ""size"": 16.2144,
  ""history"": [
    {
      ""when"": ""2026-04-22T18:46:26.239205"",
      ""job_id"": ""train_11_4_520734c7"",
      ""model_id"": 11,
      ""operation"": ""training_sync"",
      ""dataset_id"": 4
    },
    {
      ""when"": ""2026-04-22T18:48:02.006961"",
      ""model_id"": 11,
      ""operation"": ""production_start"",
      ""dataset_id"": 4
    },
    {
      ""when"": ""2026-04-22T21:20:41.811676"",
      ""model_id"": 11,
      ""operation"": ""production_start"",
      ""dataset_id"": 4
    }
  ],
  ""learning_model_id"": 11,
  ""dataset_id"": 4,
  ""input_features"": [
    ""Date"",
    ""Open"",
    ""High"",
    ""Low"",
    ""Close"",
    ""Volume"",
    ""Close_Return"",
    ""Volatility"",
    ""MA20"",
    ""MA50"",
    ""Momentum"",
    ""RelVolume"",
    ""RSI_Close"",
    ""Williams_%R"",
    ""CCI"",
    ""Bollinger_%B"",
    ""KeltnerC_%"",
    ""MACD_lib"",
    ""MACD_signal"",
    ""MACD_Hist"",
    ""Force_Index"",
    ""Volume_Price_Trend"",
    ""DLR"",
    ""RSI_Over"",
    ""RSI_Under"",
    ""Williams_Over"",
    ""Williams_Under"",
    ""MACD_Over"",
    ""MACD_Under"",
    ""Data"",
    ""time_idx"",
    ""series_id"",
    ""hl_center"",
    ""hl_range"",
    ""dayofweek""
  ],
  ""output_features"": [
    ""MACD_Over""
  ],
  ""inference_params"": {
    ""status"": ""active"",
    ""artifacts"": {
      ""model_uri"": ""runs:/e18fc8947f2d48a982abd58d1030e72f/model"",
      ""serving_file"": ""/app/runtime_artifacts/serving/train_11_4_520734c7_service.py"",
      ""summary_path"": ""/app/runtime_artifacts/training/train_11_4_520734c7/training_summary.json"",
      ""artifact_paths"": [
        ""/app/runtime_artifacts/training/train_11_4_520734c7/training_summary.json"",
        ""/app/runtime_artifacts/plots/train_11_4_520734c7/metric_comparison.png"",
        ""/app/runtime_artifacts/plots/train_11_4_520734c7/loss_curve.png"",
        ""/app/runtime_artifacts/serving/train_11_4_520734c7_service.py""
      ],
      ""model_artifact_path"": null
    },
    ""framework"": ""pytorch"",
    ""deployment"": {
      ""status"": ""active"",
      ""model_id"": 11,
      ""dataset_id"": 4,
      ""model_name"": ""lightfm_recommendation"",
      ""started_at"": ""2026-04-22T21:20:41.811676"",
      ""dataset_name"": ""stock_data"",
      ""inference_id"": 12,
      ""artifact_path"": ""/models/lightfm_model.pkl"",
      ""artifact_metadata"": {
        ""error"": ""Unsupported file type: .pkl""
      }
    },
    ""monitoring"": {
      ""job_id"": ""train_11_4_520734c7"",
      ""summary"": {
        ""degraded_metrics"": 0,
        ""drifted_features"": 1
      },
      ""evaluated_at"": ""2026-04-22T18:46:25.876552"",
      ""drift_results"": {
        ""CCI"": false,
        ""DLR"": false,
        ""Low"": false,
        ""Data"": false,
        ""Date"": false,
        ""High"": false,
        ""MA20"": false,
        ""MA50"": false,
        ""Open"": false,
        ""Close"": false,
        ""Volume"": false,
        ""MACD_lib"": false,
        ""Momentum"": false,
        ""RSI_Over"": false,
        ""hl_range"": false,
        ""time_idx"": false,
        ""MACD_Hist"": false,
        ""MACD_Over"": false,
        ""RSI_Close"": false,
        ""RSI_Under"": false,
        ""RelVolume"": false,
        ""dayofweek"": false,
        ""hl_center"": false,
        ""KeltnerC_%"": false,
        ""MACD_Under"": false,
        ""Volatility"": false,
        ""Force_Index"": false,
        ""MACD_signal"": false,
        ""Williams_%R"": false,
        ""Bollinger_%B"": true,
        ""Close_Return"": false,
        ""Williams_Over"": false,
        ""series_id_AMD"": false,
        ""series_id_nan"": false,
        ""Williams_Under"": false,
        ""series_id_AAPL"": false,
        ""series_id_NVDA"": false,
        ""series_id_QCOM"": false,
        ""Volume_Price_Trend"": false
      },
      ""prediction_drift"": {
        ""p_value"": 1.0,
        ""detected"": false
      },
      ""degradation_results"": {},
      ""retrain_recommended"": true
    },
    ""last_job_id"": ""train_11_4_520734c7"",
    ""latest_metrics"": {
      ""eval_f1"": 0.33619267568459255,
      ""val_loss"": 0.6930630755802941,
      ""train_loss"": 0.6929945198316423,
      ""eval_recall"": 0.5,
      ""eval_accuracy"": 0.5064612326043738,
      ""eval_precision"": 0.2532306163021869
    },
    ""last_trained_at"": ""2026-04-22T18:46:26.239152"",
    ""simulation_defaults"": {
      ""steps"": 12,
      ""strategy"": ""carry-forward"",
      ""amplitude"": 0.05
    }
  }
}",/models/lightfm_model.pkl,76b3b402d1e94ef4b1e4212523c64aa79aed04e1323dce930118b48a82ebf694,{},{},{},"{
  ""registry_source"": ""inference_models"",
  ""has_content"": true,
  ""has_metadata"": true
}",1,0.75
registry_inference_model,registry_asset,inference,,,"keys: dataset_id, date, description, history, id, inference_params, input_features, learning_model_id, ...","{
  ""id"": 8,
  ""name"": ""lstm_finance :: stock_data"",
  ""description"": ""Inference pair for lstm_finance :: stock_data"",
  ""object_type"": ""inference_model"",
  ""path"": ""/app/runtime_artifacts/training/training_f210647d8252/model_pytorch.pt"",
  ""version"": 1,
  ""date"": ""2026-05-21T22:29:31.207023"",
  ""size"": 2.0994,
  ""history"": [
    {
      ""when"": ""2026-04-20T21:51:28.057233"",
      ""model_id"": 5,
      ""operation"": ""production_start"",
      ""dataset_id"": 4
    },
    {
      ""when"": ""2026-04-21T18:40:14.403818"",
      ""model_id"": 5,
      ""operation"": ""production_start"",
      ""dataset_id"": 4
    },
    {
      ""when"": ""2026-04-21T18:50:43.950159"",
      ""job_id"": ""train_5_4_e2781b9a"",
      ""model_id"": 5,
      ""operation"": ""training_sync"",
      ""dataset_id"": 4
    },
    {
      ""when"": ""2026-04-22T00:24:04.429842"",
      ""model_id"": 5,
      ""operation"": ""production_start"",
      ""dataset_id"": 4
    },
    {
      ""when"": ""2026-04-22T18:49:08.208840"",
      ""model_id"": 5,
      ""operation"": ""production_start"",
      ""dataset_id"": 4
    },
    {
      ""when"": ""2026-04-22T20:04:58.671296"",
      ""model_id"": 5,
      ""operation"": ""production_start"",
      ""dataset_id"": 4
    },
    {
      ""when"": ""2026-04-24T02:39:31.901516"",
      ""model_id"": 5,
      ""operation"": ""production_start"",
      ""dataset_id"": 4
    },
    {
      ""when"": ""2026-04-24T03:28:33.901208"",
      ""job_id"": ""training_5c0e65e02802"",
      ""model_id"": 5,
      ""operation"": ""training_sync"",
      ""dataset_id"": 4
    },
    {
      ""when"": ""2026-04-24T04:46:24.380166"",
      ""model_id"": 5,
      ""operation"": ""production_start"",
      ""dataset_id"": 4
    },
    {
      ""when"": ""2026-04-24T04:46:28.873332"",
      ""steps"": 12,
      ""trend"": ""up"",
      ""amplitude"": 0.05,
      ""operation"": ""simulation""
    },
    {
      ""when"": ""2026-04-24T04:58:56.273771"",
      ""operation"": ""retraining"",
      ""tolerance"": 0.05
    },
    {
      ""when"": ""2026-04-24T04:59:24.329354"",
      ""operation"": ""monitoring_refresh"",
      ""tolerance"": 0.05
    },
    {
      ""when"": ""2026-04-24T05:04:10.440417"",
      ""operation"": ""retraining"",
      ""tolerance"": 0.05
    },
    {
      ""when"": ""2026-04-24T05:05:02.367622"",
      ""steps"": 20,
      ""trend"": ""up"",
      ""amplitude"": 0.05,
      ""operation"": ""simulation""
    },
    {
      ""when"": ""2026-04-24T20:56:45.352601"",
      ""model_id"": 5,
      ""operation"": ""production_start"",
      ""dataset_id"": 4
    },
    {
      ""when"": ""2026-04-24T20:56:57.706775"",
      ""steps"": 12,
      ""trend"": ""up"",
      ""amplitude"": 0.05,
      ""operation"": ""simulation""
    },
    {
      ""when"": ""2026-04-24T21:24:35.663851"",
      ""job_id"": ""training_9b751e60e831"",
      ""model_id"": 5,
      ""operation"": ""training_sync"",
      ""dataset_id"": 4
    },
    {
      ""when"": ""2026-04-24T21:25:25.457950"",
      ""model_id"": 5,
      ""operation"": ""production_start"",
      ""dataset_id"": 4
    },
    {
      ""when"": ""2026-04-24T21:25:30.214069"",
      ""operation"": ""retraining"",
      ""tolerance"": 0.05
    },
    {
      ""when"": ""2026-04-24T21:32:01.520218"",
      ""job_id"": ""training_4f59147fb253"",
      ""model_id"": 5,
      ""operation"": ""training_sync"",
      ""dataset_id"": 4
    },
    {
      ""when"": ""2026-04-24T22:16:17.759663"",
      ""operation"": ""monitoring_refresh"",
      ""tolerance"": 0.05
    },
    {
      ""when"": ""2026-04-25T17:55:16.807480"",
      ""steps"": 12,
      ""trend"": ""up"",
      ""amplitude"": 0.05,
      ""operation"": ""simulation""
    },
    {
      ""when"": ""2026-04-25T23:59:58.491176"",
      ""model_id"": 5,
      ""operation"": ""production_start"",
      ""dataset_id"": 4
    },
    {
      ""when"": ""2026-04-26T00:00:17.512208"",
      ""steps"": 12,
      ""trend"": ""up"",
      ""amplitude"": 0.05,
      ""operation"": ""simulation""
    },
    {
      ""when"": ""2026-04-26T00:03:37.986474"",
      ""operation"": ""retraining"",
      ""tolerance"": 0.05
    },
    {
      ""when"": ""2026-04-27T19:15:48.727396"",
      ""model_id"": 5,
      ""operation"": ""production_start"",
      ""dataset_id"": 4
    },
    {
      ""when"": ""2026-04-27T19:15:56.278835"",
      ""operation"": ""retraining"",
      ""tolerance"": 0.05
    },
    {
      ""when"": ""2026-04-27T19:16:16.484631"",
      ""steps"": 12,
      ""trend"": ""up"",
      ""amplitude"": 0.05,
      ""operation"": ""simulation""
    },
    {
      ""when"": ""2026-05-01T23:13:32.571289"",
      ""model_id"": 5,
      ""operation"": ""production_start"",
      ""dataset_id"": 4
    },
    {
      ""when"": ""2026-05-01T23:14:43.178987"",
      ""steps"": 12,
      ""trend"": ""up"",
      ""amplitude"": 0.05,
      ""operation"": ""simulation""
    },
    {
      ""when"": ""2026-05-01T23:25:31.035328"",
      ""operation"": ""retraining"",
      ""tolerance"": 0.05
    },
    {
      ""when"": ""2026-05-05T21:27:29.677875"",
      ""model_id"": 5,
      ""operation"": ""production_start"",
      ""dataset_id"": 4
    },
    {
      ""when"": ""2026-05-05T21:27:40.737712"",
      ""operation"": ""retraining"",
      ""tolerance"": 0.05
    },
    {
      ""when"": ""2026-05-05T21:31:22.292276"",
      ""steps"": 12,
      ""trend"": ""up"",
      ""amplitude"": 0.05,
      ""operation"": ""simulation""
    },
    {
      ""when"": ""2026-05-06T18:44:33.053268"",
      ""model_id"": 5,
      ""operation"": ""production_start"",
      ""dataset_id"": 4
    },
    {
      ""when"": ""2026-05-06T18:44:38.044956"",
      ""steps"": 12,
      ""trend"": ""up"",
      ""amplitude"": 0.05,
      ""operation"": ""simulation""
    },
    {
      ""when"": ""2026-05-07T22:24:23.257315"",
      ""model_id"": 5,
      ""operation"": ""production_start"",
      ""dataset_id"": 4
    },
    {
      ""when"": ""2026-05-07T22:24:34.754511"",
      ""steps"": 12,
      ""trend"": ""up"",
      ""amplitude"": 0.05,
      ""operation"": ""simulation""
    },
    {
      ""when"": ""2026-05-10T19:24:09.756735"",
      ""model_id"": 5,
      ""operation"": ""production_start"",
      ""dataset_id"": 4
    },
    {
      ""when"": ""2026-05-10T19:24:19.740389"",
      ""steps"": 12,
      ""trend"": ""up"",
      ""amplitude"": 0.05,
      ""operation"": ""simulation""
    },
    {
      ""when"": ""2026-05-10T21:03:26.890236"",
      ""model_id"": 5,
      ""operation"": ""production_start"",
      ""dataset_id"": 4
    },
    {
      ""when"": ""2026-05-11T01:06:17.547435"",
      ""model_id"": 5,
      ""operation"": ""production_start"",
      ""dataset_id"": 4
    },
    {
      ""when"": ""2026-05-11T01:07:50.752068"",
      ""steps"": 12,
      ""trend"": ""up"",
      ""amplitude"": 0.05,
      ""operation"": ""simulation"",
      ""scenario_count"": 1
    },
    {
      ""when"": ""2026-05-11T01:24:36.359138"",
      ""steps"": 12,
      ""trend"": ""up"",
      ""amplitude"": 0.05,
      ""operation"": ""simulation"",
      ""scenario_count"": 1
    },
    {
      ""when"": ""2026-05-11T17:47:50.413463"",
      ""job_id"": ""training_5ee2752ac427"",
      ""model_id"": 5,
      ""operation"": ""training_sync"",
      ""dataset_id"": 4
    },
    {
      ""when"": ""2026-05-12T22:19:31.521014"",
      ""model_id"": 5,
      ""operation"": ""production_start"",
      ""dataset_id"": 4
    },
    {
      ""when"": ""2026-05-14T19:14:56.453824"",
      ""model_id"": 5,
      ""operation"": ""production_start"",
      ""dataset_id"": 4
    },
    {
      ""when"": ""2026-05-14T19:25:51.826814"",
      ""steps"": 12,
      ""trend"": ""up"",
      ""amplitude"": 0.05,
      ""operation"": ""simulation"",
      ""scenario_count"": 1
    },
    {
      ""when"": ""2026-05-14T20:15:54.565044"",
      ""model_id"": 5,
      ""operation"": ""production_start"",
      ""dataset_id"": 4
    },
    {
      ""when"": ""2026-05-14T20:30:17.683633"",
      ""model_id"": 5,
      ""operation"": ""production_start"",
      ""dataset_id"": 4
    },
    {
      ""when"": ""2026-05-14T21:16:00.585712"",
      ""model_id"": 5,
      ""operation"": ""production_start"",
      ""dataset_id"": 4
    },
    {
      ""when"": ""2026-05-14T22:03:28.162059"",
      ""steps"": 12,
      ""trend"": ""up"",
      ""amplitude"": 0.05,
      ""operation"": ""simulation"",
      ""scenario_count"": 1
    },
    {
      ""when"": ""2026-05-14T22:05:12.501857"",
      ""steps"": 12,
      ""trend"": ""up"",
      ""amplitude"": 0.05,
      ""operation"": ""simulation"",
      ""scenario_count"": 1
    },
    {
      ""when"": ""2026-05-14T22:10:58.765899"",
      ""job_id"": ""training_a347e995c819"",
      ""model_id"": 5,
      ""operation"": ""training_sync"",
      ""dataset_id"": 4
    },
    {
      ""when"": ""2026-05-17T22:01:18.654561"",
      ""model_id"": 5,
      ""operation"": ""production_start"",
      ""dataset_id"": 4
    },
    {
      ""when"": ""2026-05-17T22:12:59.113283"",
      ""model_id"": 5,
      ""operation"": ""production_start"",
      ""dataset_id"": 4
    },
    {
      ""when"": ""2026-05-17T22:13:08.805590"",
      ""operation"": ""retraining"",
      ""tolerance"": 0.05
    },
    {
      ""when"": ""2026-05-18T19:19:05.844085"",
      ""model_id"": 5,
      ""operation"": ""production_start"",
      ""dataset_id"": 4
    },
    {
      ""when"": ""2026-05-18T19:19:17.403455"",
      ""steps"": 12,
      ""trend"": ""up"",
      ""amplitude"": 0.05,
      ""operation"": ""simulation"",
      ""scenario_count"": 1
    },
    {
      ""when"": ""2026-05-18T19:51:37.198247"",
      ""steps"": 12,
      ""trend"": ""up"",
      ""amplitude"": 0.5,
      ""operation"": ""simulation"",
      ""scenario_count"": 1
    },
    {
      ""when"": ""2026-05-18T19:54:33.817309"",
      ""steps"": 12,
      ""trend"": ""up"",
      ""amplitude"": 0.05,
      ""operation"": ""simulation"",
      ""scenario_count"": 1
    },
    {
      ""when"": ""2026-05-19T19:22:54.440498"",
      ""steps"": 12,
      ""trend"": ""up"",
      ""amplitude"": 0.05,
      ""operation"": ""simulation"",
      ""scenario_count"": 1
    },
    {
      ""when"": ""2026-05-19T19:23:20.988155"",
      ""steps"": 5,
      ""trend"": ""up"",
      ""amplitude"": 0.05,
      ""operation"": ""simulation"",
      ""scenario_count"": 1
    },
    {
      ""when"": ""2026-05-19T21:06:51.314612"",
      ""model_id"": 5,
      ""operation"": ""production_start"",
      ""dataset_id"": 4
    },
    {
      ""when"": ""2026-05-20T18:15:28.187768"",
      ""steps"": 12,
      ""trend"": ""up"",
      ""amplitude"": 0.05,
      ""operation"": ""simulation"",
      ""scenario_count"": 1
    },
    {
      ""when"": ""2026-05-20T18:58:52.812349"",
      ""model_id"": 5,
      ""operation"": ""production_start"",
      ""dataset_id"": 4
    },
    {
      ""when"": ""2026-05-21T22:29:31.125905"",
      ""job_id"": ""training_f210647d8252"",
      ""model_id"": 5,
      ""operation"": ""training_sync"",
      ""dataset_id"": 4
    }
  ],
  ""learning_model_id"": 5,
  ""dataset_id"": 4,
  ""input_features"": [
    ""Date"",
    ""Open"",
    ""High"",
    ""Low"",
    ""Close"",
    ""Volume"",
    ""Close_Return"",
    ""Volatility"",
    ""MA20"",
    ""MA50"",
    ""Momentum"",
    ""RelVolume"",
    ""RSI_Close"",
    ""Williams_%R"",
    ""CCI"",
    ""Bollinger_%B"",
    ""KeltnerC_%"",
    ""MACD_lib"",
    ""MACD_signal"",
    ""MACD_Hist"",
    ""Force_Index"",
    ""Volume_Price_Trend"",
    ""DLR"",
    ""RSI_Over"",
    ""RSI_Under"",
    ""Williams_Over"",
    ""Williams_Under"",
    ""MACD_Over"",
    ""MACD_Under"",
    ""Data"",
    ""time_idx"",
    ""series_id"",
    ""hl_center"",
    ""hl_range"",
    ""dayofweek""
  ],
  ""output_features"": [
    ""Close""
  ],
  ""inference_params"": {
    ""status"": ""trained"",
    ""artifacts"": {
      ""model_uri"": ""runs:/5635c4a97c504e099325ccde3559c1e3/model"",
      ""serving_file"": ""/app/runtime_artifacts/serving/training_f210647d8252_service.py"",
      ""summary_path"": ""/app/runtime_artifacts/training/training_f210647d8252/training_summary.json"",
      ""artifact_paths"": [
        ""/app/runtime_artifacts/training/training_f210647d8252/training_summary.json"",
        ""/app/runtime_artifacts/training/training_f210647d8252/model_spec.json"",
        ""/app/runtime_artifacts/training/training_f210647d8252/model_pytorch.pt"",
        ""/app/runtime_artifacts/plots/training_f210647d8252/metric_comparison.png"",
        ""/app/runtime_artifacts/plots/training_f210647d8252/loss_curve.png"",
        ""/app/runtime_artifacts/plots/training_f210647d8252/predictions_vs_actuals.png"",
        ""/app/runtime_artifacts/serving/training_f210647d8252_service.py""
      ],
      ""a

[TRUNCATED: original_length=113560]","{
  ""id"": 8,
  ""name"": ""lstm_finance :: stock_data"",
  ""description"": ""Inference pair for lstm_finance :: stock_data"",
  ""object_type"": ""inference_model"",
  ""path"": ""/app/runtime_artifacts/training/training_f210647d8252/model_pytorch.pt"",
  ""version"": 1,
  ""date"": ""2026-05-21T22:29:31.207023"",
  ""size"": 2.0994,
  ""history"": [
    {
      ""when"": ""2026-04-20T21:51:28.057233"",
      ""model_id"": 5,
      ""operation"": ""production_start"",
      ""dataset_id"": 4
    },
    {
      ""when"": ""2026-04-21T18:40:14.403818"",
      ""model_id"": 5,
      ""operation"": ""production_start"",
      ""dataset_id"": 4
    },
    {
      ""when"": ""2026-04-21T18:50:43.950159"",
      ""job_id"": ""train_5_4_e2781b9a"",
      ""model_id"": 5,
      ""operation"": ""training_sync"",
      ""dataset_id"": 4
    },
    {
      ""when"": ""2026-04-22T00:24:04.429842"",
      ""model_id"": 5,
      ""operation"": ""production_start"",
      ""dataset_id"": 4
    },
    {
      ""when"": ""2026-04-22T18:49:08.208840"",
      ""model_id"": 5,
      ""operation"": ""production_start"",
      ""dataset_id"": 4
    },
    {
      ""when"": ""2026-04-22T20:04:58.671296"",
      ""model_id"": 5,
      ""operation"": ""production_start"",
      ""dataset_id"": 4
    },
    {
      ""when"": ""2026-04-24T02:39:31.901516"",
      ""model_id"": 5,
      ""operation"": ""production_start"",
      ""dataset_id"": 4
    },
    {
      ""when"": ""2026-04-24T03:28:33.901208"",
      ""job_id"": ""training_5c0e65e02802"",
      ""model_id"": 5,
      ""operation"": ""training_sync"",
      ""dataset_id"": 4
    },
    {
      ""when"": ""2026-04-24T04:46:24.380166"",
      ""model_id"": 5,
      ""operation"": ""production_start"",
      ""dataset_id"": 4
    },
    {
      ""when"": ""2026-04-24T04:46:28.873332"",
      ""steps"": 12,
      ""trend"": ""up"",
      ""amplitude"": 0.05,
      ""operation"": ""simulation""
    },
    {
      ""when"": ""2026-04-24T04:58:56.273771"",
      ""operation"": ""retraining"",
      ""tolerance"": 0.05
    },
    {
      ""when"": ""2026-04-24T04:59:24.329354"",
      ""operation"": ""monitoring_refresh"",
      ""tolerance"": 0.05
    },
    {
      ""when"": ""2026-04-24T05:04:10.440417"",
      ""operation"": ""retraining"",
      ""tolerance"": 0.05
    },
    {
      ""when"": ""2026-04-24T05:05:02.367622"",
      ""steps"": 20,
      ""trend"": ""up"",
      ""amplitude"": 0.05,
      ""operation"": ""simulation""
    },
    {
      ""when"": ""2026-04-24T20:56:45.352601"",
      ""model_id"": 5,
      ""operation"": ""production_start"",
      ""dataset_id"": 4
    },
    {
      ""when"": ""2026-04-24T20:56:57.706775"",
      ""steps"": 12,
      ""trend"": ""up"",
      ""amplitude"": 0.05,
      ""operation"": ""simulation""
    },
    {
      ""when"": ""2026-04-24T21:24:35.663851"",
      ""job_id"": ""training_9b751e60e831"",
      ""model_id"": 5,
      ""operation"": ""training_sync"",
      ""dataset_id"": 4
    },
    {
      ""when"": ""2026-04-24T21:25:25.457950"",
      ""model_id"": 5,
      ""operation"": ""production_start"",
      ""dataset_id"": 4
    },
    {
      ""when"": ""2026-04-24T21:25:30.214069"",
      ""operation"": ""retraining"",
      ""tolerance"": 0.05
    },
    {
      ""when"": ""2026-04-24T21:32:01.520218"",
      ""job_id"": ""training_4f59147fb253"",
      ""model_id"": 5,
      ""operation"": ""training_sync"",
      ""dataset_id"": 4
    },
    {
      ""when"": ""2026-04-24T22:16:17.759663"",
      ""operation"": ""monitoring_refresh"",
      ""tolerance"": 0.05
    },
    {
      ""when"": ""2026-04-25T17:55:16.807480"",
      ""steps"": 12,
      ""trend"": ""up"",
      ""amplitude"": 0.05,
      ""operation"": ""simulation""
    },
    {
      ""when"": ""2026-04-25T23:59:58.491176"",
      ""model_id"": 5,
      ""operation"": ""production_start"",
      ""dataset_id"": 4
    },
    {
      ""when"": ""2026-04-26T00:00:17.512208"",
      ""steps"": 12,
      ""trend"": ""up"",
      ""amplitude"": 0.05,
      ""operation"": ""simulation""
    },
    {
      ""when"": ""2026-04-26T00:03:37.986474"",
      ""operation"": ""retraining"",
      ""tolerance"": 0.05
    },
    {
      ""when"": ""2026-04-27T19:15:48.727396"",
      ""model_id"": 5,
      ""operation"": ""production_start"",
      ""dataset_id"": 4
    },
    {
      ""when"": ""2026-04-27T19:15:56.278835"",
      ""operation"": ""retraining"",
      ""tolerance"": 0.05
    },
    {
      ""when"": ""2026-04-27T19:16:16.484631"",
      ""steps"": 12,
      ""trend"": ""up"",
      ""amplitude"": 0.05,
      ""operation"": ""simulation""
    },
    {
      ""when"": ""2026-05-01T23:13:32.571289"",
      ""model_id"": 5,
      ""operation"": ""production_start"",
      ""dataset_id"": 4
    },
    {
      ""when"": ""2026-05-01T23:14:43.178987"",
      ""steps"": 12,
      ""trend"": ""up"",
      ""amplitude"": 0.05,
      ""operation"": ""simulation""
    },
    {
      ""when"": ""2026-05-01T23:25:31.035328"",
      ""operation"": ""retraining"",
      ""tolerance"": 0.05
    },
    {
      ""when"": ""2026-05-05T21:27:29.677875"",
      ""model_id"": 5,
      ""operation"": ""production_start"",
      ""dataset_id"": 4
    },
    {
      ""when"": ""2026-05-05T21:27:40.737712"",
      ""operation"": ""retraining"",
      ""tolerance"": 0.05
    },
    {
      ""when"": ""2026-05-05T21:31:22.292276"",
      ""steps"": 12,
      ""trend"": ""up"",
      ""amplitude"": 0.05,
      ""operation"": ""simulation""
    },
    {
      ""when"": ""2026-05-06T18:44:33.053268"",
      ""model_id"": 5,
      ""operation"": ""production_start"",
      ""dataset_id"": 4
    },
    {
      ""when"": ""2026-05-06T18:44:38.044956"",
      ""steps"": 12,
      ""trend"": ""up"",
      ""amplitude"": 0.05,
      ""operation"": ""simulation""
    },
    {
      ""when"": ""2026-05-07T22:24:23.257315"",
      ""model_id"": 5,
      ""operation"": ""production_start"",
      ""dataset_id"": 4
    },
    {
      ""when"": ""2026-05-07T22:24:34.754511"",
      ""steps"": 12,
      ""trend"": ""up"",
      ""amplitude"": 0.05,
      ""operation"": ""simulation""
    },
    {
      ""when"": ""2026-05-10T19:24:09.756735"",
      ""model_id"": 5,
      ""operation"": ""production_start"",
      ""dataset_id"": 4
    },
    {
      ""when"": ""2026-05-10T19:24:19.740389"",
      ""steps"": 12,
      ""trend"": ""up"",
      ""amplitude"": 0.05,
      ""operation"": ""simulation""
    },
    {
      ""when"": ""2026-05-10T21:03:26.890236"",
      ""model_id"": 5,
      ""operation"": ""production_start"",
      ""dataset_id"": 4
    },
    {
      ""when"": ""2026-05-11T01:06:17.547435"",
      ""model_id"": 5,
      ""operation"": ""production_start"",
      ""dataset_id"": 4
    },
    {
      ""when"": ""2026-05-11T01:07:50.752068"",
      ""steps"": 12,
      ""trend"": ""up"",
      ""amplitude"": 0.05,
      ""operation"": ""simulation"",
      ""scenario_count"": 1
    },
    {
      ""when"": ""2026-05-11T01:24:36.359138"",
      ""steps"": 12,
      ""trend"": ""up"",
      ""amplitude"": 0.05,
      ""operation"": ""simulation"",
      ""scenario_count"": 1
    },
    {
      ""when"": ""2026-05-11T17:47:50.413463"",
      ""job_id"": ""training_5ee2752ac427"",
      ""model_id"": 5,
      ""operation"": ""training_sync"",
      ""dataset_id"": 4
    },
    {
      ""when"": ""2026-05-12T22:19:31.521014"",
      ""model_id"": 5,
      ""operation"": ""production_start"",
      ""dataset_id"": 4
    },
    {
      ""when"": ""2026-05-14T19:14:56.453824"",
      ""model_id"": 5,
      ""operation"": ""production_start"",
      ""dataset_id"": 4
    },
    {
      ""when"": ""2026-05-14T19:25:51.826814"",
      ""steps"": 12,
      ""trend"": ""up"",
      ""amplitude"": 0.05,
      ""operation"": ""simulation"",
      ""scenario_count"": 1
    },
    {
      ""when"": ""2026-05-14T20:15:54.565044"",
      ""model_id"": 5,
      ""operation"": ""production_start"",
      ""dataset_id"": 4
    },
    {
      ""when"": ""2026-05-14T20:30:17.683633"",
      ""model_id"": 5,
      ""operation"": ""production_start"",
      ""dataset_id"": 4
    },
    {
      ""when"": ""2026-05-14T21:16:00.585712"",
      ""model_id"": 5,
      ""operation"": ""production_start"",
      ""dataset_id"": 4
    },
    {
      ""when"": ""2026-05-14T22:03:28.162059"",
      ""steps"": 12,
      ""trend"": ""up"",
      ""amplitude"": 0.05,
      ""operation"": ""simulation"",
      ""scenario_count"": 1
    },
    {
      ""when"": ""2026-05-14T22:05:12.501857"",
      ""steps"": 12,
      ""trend"": ""up"",
      ""amplitude"": 0.05,
      ""operation"": ""simulation"",
      ""scenario_count"": 1
    },
    {
      ""when"": ""2026-05-14T22:10:58.765899"",
      ""job_id"": ""training_a347e995c819"",
      ""model_id"": 5,
      ""operation"": ""training_sync"",
      ""dataset_id"": 4
    },
    {
      ""when"": ""2026-05-17T22:01:18.654561"",
      ""model_id"": 5,
      ""operation"": ""production_start"",
      ""dataset_id"": 4
    },
    {
      ""when"": ""2026-05-17T22:12:59.113283"",
      ""model_id"": 5,
      ""operation"": ""production_start"",
      ""dataset_id"": 4
    },
    {
      ""when"": ""2026-05-17T22:13:08.805590"",
      ""operation"": ""retraining"",
      ""tolerance"": 0.05
    },
    {
      ""when"": ""2026-05-18T19:19:05.844085"",
      ""model_id"": 5,
      ""operation"": ""production_start"",
      ""dataset_id"": 4
    },
    {
      ""when"": ""2026-05-18T19:19:17.403455"",
      ""steps"": 12,
      ""trend"": ""up"",
      ""amplitude"": 0.05,
      ""operation"": ""simulation"",
      ""scenario_count"": 1
    },
    {
      ""when"": ""2026-05-18T19:51:37.198247"",
      ""steps"": 12,
      ""trend"": ""up"",
      ""amplitude"": 0.5,
      ""operation"": ""simulation"",
      ""scenario_count"": 1
    },
    {
      ""when"": ""2026-05-18T19:54:33.817309"",
      ""steps"": 12,
      ""trend"": ""up"",
      ""amplitude"": 0.05,
      ""operation"": ""simulation"",
      ""scenario_count"": 1
    },
    {
      ""when"": ""2026-05-19T19:22:54.440498"",
      ""steps"": 12,
      ""trend"": ""up"",
      ""amplitude"": 0.05,
      ""operation"": ""simulation"",
      ""scenario_count"": 1
    },
    {
      ""when"": ""2026-05-19T19:23:20.988155"",
      ""steps"": 5,
      ""trend"": ""up"",
      ""amplitude"": 0.05,
      ""operation"": ""simulation"",
      ""scenario_count"": 1
    },
    {
      ""when"": ""2026-05-19T21:06:51.314612"",
      ""model_id"": 5,
      ""operation"": ""production_start"",
      ""dataset_id"": 4
    },
    {
      ""when"": ""2026-05-20T18:15:28.187768"",
      ""steps"": 12,
      ""trend"": ""up"",
      ""amplitude"": 0.05,
      ""operation"": ""simulation"",
      ""scenario_count"": 1
    },
    {
      ""when"": ""2026-05-20T18:58:52.812349"",
      ""model_id"": 5,
      ""operation"": ""production_start"",
      ""dataset_id"": 4
    },
    {
      ""when"": ""2026-05-21T22:29:31.125905"",
      ""job_id"": ""training_f210647d8252"",
      ""model_id"": 5,
      ""operation"": ""training_sync"",
      ""dataset_id"": 4
    }
  ],
  ""learning_model_id"": 5,
  ""dataset_id"": 4,
  ""input_features"": [
    ""Date"",
    ""Open"",
    ""High"",
    ""Low"",
    ""Close"",
    ""Volume"",
    ""Close_Return"",
    ""Volatility"",
    ""MA20"",
    ""MA50"",
    ""Momentum"",
    ""RelVolume"",
    ""RSI_Close"",
    ""Williams_%R"",
    ""CCI"",
    ""Bollinger_%B"",
    ""KeltnerC_%"",
    ""MACD_lib"",
    ""MACD_signal"",
    ""MACD_Hist"",
    ""Force_Index"",
    ""Volume_Price_Trend"",
    ""DLR"",
    ""RSI_Over"",
    ""RSI_Under"",
    ""Williams_Over"",
    ""Williams_Under"",
    ""MACD_Over"",
    ""MACD_Under"",
    ""Data"",
    ""time_idx"",
    ""series_id"",
    ""hl_center"",
    ""hl_range"",
    ""dayofweek""
  ],
  ""output_features"": [
    ""Close""
  ],
  ""inference_params"": {
    ""status"": ""trained"",
    ""artifacts"": {
      ""model_uri"": ""runs:/5635c4a97c504e099325ccde3559c1e3/model"",
      ""serving_file"": ""/app/runtime_artifacts/serving/training_f210647d8252_service.py"",
      ""summary_path"": ""/app/runtime_artifacts/training/training_f210647d8252/training_summary.json"",
      ""artifact_paths"": [
        ""/app/runtime_artifacts/training/training_f210647d8252/training_summary.json"",
        ""/app/runtime_artifacts/training/training_f210647d8252/model_spec.json"",
        ""/app/runtime_artifacts/training/training_f210647d8252/model_pytorch.pt"",
        ""/app/runtime_artifacts/plots/training_f210647d8252/metric_comparison.png"",
        ""/app/runtime_artifacts/plots/training_f210647d8252/loss_curve.png"",
        ""/app/runtime_artifacts/plots/training_f210647d8252/predictions_vs_actuals.png"",
        ""/app/runtime_artifacts/serving/training_f210647d8252_service.py""
      ],
      ""a

[TRUNCATED: original_length=113560]",/app/runtime_artifacts/training/training_f210647d8252/model_pytorch.pt,5a42d381350be51201c04812dbf6c0b81719c34c77680517e9322029b795a673,{},{},{},"{
  ""registry_source"": ""inference_models"",
  ""has_content"": true,
  ""has_metadata"": true
}",1,0.75
registry_study_model,registry_asset,study,,,"keys: best_params, best_trial, dataset_id, date, description, history, id, learning_model_id, ...","{
  ""id"": 15,
  ""name"": ""github_predictor"",
  ""description"": ""StudyModel linking dataset ingestion from PostgreSQL to registered training models."",
  ""object_type"": ""study_model"",
  ""path"": ""studies/github_predictor.json"",
  ""version"": 1,
  ""date"": ""2026-04-22T21:03:34.890082"",
  ""size"": 0.0,
  ""history"": [
    {
      ""when"": ""2026-04-22T21:03:34.848Z"",
      ""action"": ""create""
    }
  ],
  ""learning_model_id"": 14,
  ""dataset_id"": 13,
  ""sampler"": ""RandomSampler"",
  ""objective"": ""maximize_accuracy"",
  ""best_trial"": null,
  ""best_params"": null,
  ""study_params"": {
    ""metric"": ""accuracy"",
    ""n_trials"": 25,
    ""direction"": ""maximize"",
    ""framework"": ""pytorch"",
    ""grad_mode"": ""with_grad"",
    ""nn_criterion"": ""CrossEntropyLoss"",
    ""nn_optimizer"": ""Adam"",
    ""search_space"": {
      ""framework"": {
        ""type"": ""categorical"",
        ""choices"": [
          ""sklearn""
        ]
      },
      ""cat_features"": {
        ""low"": 2,
        ""high"": 5,
        ""step"": 1,
        ""type"": ""int""
      },
      ""num_features"": {
        ""low"": 2,
        ""high"": 5,
        ""step"": 1,
        ""type"": ""int""
      }
    }
  }
}","{
  ""id"": 15,
  ""name"": ""github_predictor"",
  ""description"": ""StudyModel linking dataset ingestion from PostgreSQL to registered training models."",
  ""object_type"": ""study_model"",
  ""path"": ""studies/github_predictor.json"",
  ""version"": 1,
  ""date"": ""2026-04-22T21:03:34.890082"",
  ""size"": 0.0,
  ""history"": [
    {
      ""when"": ""2026-04-22T21:03:34.848Z"",
      ""action"": ""create""
    }
  ],
  ""learning_model_id"": 14,
  ""dataset_id"": 13,
  ""sampler"": ""RandomSampler"",
  ""objective"": ""maximize_accuracy"",
  ""best_trial"": null,
  ""best_params"": null,
  ""study_params"": {
    ""metric"": ""accuracy"",
    ""n_trials"": 25,
    ""direction"": ""maximize"",
    ""framework"": ""pytorch"",
    ""grad_mode"": ""with_grad"",
    ""nn_criterion"": ""CrossEntropyLoss"",
    ""nn_optimizer"": ""Adam"",
    ""search_space"": {
      ""framework"": {
        ""type"": ""categorical"",
        ""choices"": [
          ""sklearn""
        ]
      },
      ""cat_features"": {
        ""low"": 2,
        ""high"": 5,
        ""step"": 1,
        ""type"": ""int""
      },
      ""num_features"": {
        ""low"": 2,
        ""high"": 5,
        ""step"": 1,
        ""type"": ""int""
      }
    }
  }
}",studies/github_predictor.json,206b3bc31c19c958a253ee8c19c2a410b69f539edf03ee99a74e69ebd1f3e97f,{},{},{},"{
  ""registry_source"": ""study_models"",
  ""has_content"": true,
  ""has_metadata"": true
}",1,0.75
registry_study_model,registry_asset,study,,,"keys: best_params, best_trial, dataset_id, date, description, history, id, learning_model_id, ...","{
  ""id"": 19,
  ""name"": ""github_events"",
  ""description"": ""StudyModel linking dataset ingestion from PostgreSQL to registered training models."",
  ""object_type"": ""study_model"",
  ""path"": ""studies/github_events.json"",
  ""version"": 1,
  ""date"": ""2026-04-22T21:48:58.649658"",
  ""size"": 0.0,
  ""history"": [
    {
      ""when"": ""2026-04-22T21:48:58.622Z"",
      ""action"": ""create""
    }
  ],
  ""learning_model_id"": 18,
  ""dataset_id"": 13,
  ""sampler"": ""CmaEsSampler"",
  ""objective"": ""maximize_accuracy"",
  ""best_trial"": null,
  ""best_params"": null,
  ""study_params"": {
    ""metric"": ""accuracy"",
    ""n_trials"": 25,
    ""direction"": ""maximize"",
    ""framework"": ""sklearn"",
    ""search_space"": {
      ""framework"": {
        ""type"": ""categorical"",
        ""choices"": [
          ""sklearn""
        ]
      },
      ""model_type"": {
        ""type"": ""categorical"",
        ""choices"": [
          ""GradientBoosting""
        ]
      },
      ""features_count"": {
        ""low"": 14,
        ""high"": 41,
        ""step"": 1,
        ""type"": ""int""
      }
    }
  }
}","{
  ""id"": 19,
  ""name"": ""github_events"",
  ""description"": ""StudyModel linking dataset ingestion from PostgreSQL to registered training models."",
  ""object_type"": ""study_model"",
  ""path"": ""studies/github_events.json"",
  ""version"": 1,
  ""date"": ""2026-04-22T21:48:58.649658"",
  ""size"": 0.0,
  ""history"": [
    {
      ""when"": ""2026-04-22T21:48:58.622Z"",
      ""action"": ""create""
    }
  ],
  ""learning_model_id"": 18,
  ""dataset_id"": 13,
  ""sampler"": ""CmaEsSampler"",
  ""objective"": ""maximize_accuracy"",
  ""best_trial"": null,
  ""best_params"": null,
  ""study_params"": {
    ""metric"": ""accuracy"",
    ""n_trials"": 25,
    ""direction"": ""maximize"",
    ""framework"": ""sklearn"",
    ""search_space"": {
      ""framework"": {
        ""type"": ""categorical"",
        ""choices"": [
          ""sklearn""
        ]
      },
      ""model_type"": {
        ""type"": ""categorical"",
        ""choices"": [
          ""GradientBoosting""
        ]
      },
      ""features_count"": {
        ""low"": 14,
        ""high"": 41,
        ""step"": 1,
        ""type"": ""int""
      }
    }
  }
}",studies/github_events.json,0798b081a448a7375c5a36b7d2e60139b7a4c8fc24bb7b94394afc80c0b79c66,{},{},{},"{
  ""registry_source"": ""study_models"",
  ""has_content"": true,
  ""has_metadata"": true
}",1,0.75
registry_study_model,registry_asset,study,,,"keys: best_params, best_trial, dataset_id, date, description, history, id, learning_model_id, ...","{
  ""id"": 6,
  ""name"": ""nvidia-lstm-study"",
  ""description"": ""StudyModel to serve a NVIDIA financial data .csv to a trained LSTM ready to be used in day-trade simulations."",
  ""object_type"": ""study_model"",
  ""path"": ""/app/runtime_artifacts/optuna/study_6/study_summary.json"",
  ""version"": 1,
  ""date"": ""2026-04-08T21:35:19.303646"",
  ""size"": 0.0,
  ""history"": [
    {
      ""when"": ""2026-04-08T21:35:19.081Z"",
      ""action"": ""create""
    },
    {
      ""when"": ""2026-04-08T23:20:09.105337"",
      ""operation"": ""optimization"",
      ""best_value"": 0.10387673956262425
    },
    {
      ""when"": ""2026-04-21T18:50:44.037718"",
      ""job_id"": ""train_5_4_e2781b9a"",
      ""model_id"": 5,
      ""operation"": ""training_run"",
      ""dataset_id"": 4
    },
    {
      ""when"": ""2026-04-24T03:28:34.350201"",
      ""job_id"": ""training_5c0e65e02802"",
      ""model_id"": 5,
      ""operation"": ""training_run"",
      ""dataset_id"": 4
    },
    {
      ""when"": ""2026-04-24T21:24:36.166105"",
      ""job_id"": ""training_9b751e60e831"",
      ""model_id"": 5,
      ""operation"": ""training_run"",
      ""dataset_id"": 4
    },
    {
      ""when"": ""2026-04-26T01:01:10.861776"",
      ""operation"": ""optimization"",
      ""best_value"": 0.09045725646123261
    },
    {
      ""when"": ""2026-04-27T19:46:11.788272"",
      ""operation"": ""optimization"",
      ""best_value"": 0.08846918489065607
    },
    {
      ""when"": ""2026-05-11T17:47:51.125082"",
      ""job_id"": ""training_5ee2752ac427"",
      ""model_id"": 5,
      ""operation"": ""training_run"",
      ""dataset_id"": 4
    },
    {
      ""when"": ""2026-05-14T22:11:00.288891"",
      ""job_id"": ""training_a347e995c819"",
      ""model_id"": 5,
      ""operation"": ""training_run"",
      ""dataset_id"": 4
    },
    {
      ""when"": ""2026-05-21T22:29:32.406225"",
      ""job_id"": ""training_f210647d8252"",
      ""model_id"": 5,
      ""operation"": ""training_run"",
      ""dataset_id"": 4
    }
  ],
  ""learning_model_id"": 5,
  ""dataset_id"": 4,
  ""sampler"": ""TPESampler"",
  ""objective"": ""maximize_accuracy"",
  ""best_trial"": {
    ""value"": 0.08846918489065607
  },
  ""best_params"": {
    ""dropout"": 0.4,
    ""batch_size"": 16,
    ""hidden_dim"": 64,
    ""hidden_layers"": 4,
    ""learning_rate"": 0.001805847953162364
  },
  ""study_params"": {
    ""metric"": ""accuracy"",
    ""n_trials"": 25,
    ""direction"": ""maximize"",
    ""framework"": ""pytorch""
  }
}","{
  ""id"": 6,
  ""name"": ""nvidia-lstm-study"",
  ""description"": ""StudyModel to serve a NVIDIA financial data .csv to a trained LSTM ready to be used in day-trade simulations."",
  ""object_type"": ""study_model"",
  ""path"": ""/app/runtime_artifacts/optuna/study_6/study_summary.json"",
  ""version"": 1,
  ""date"": ""2026-04-08T21:35:19.303646"",
  ""size"": 0.0,
  ""history"": [
    {
      ""when"": ""2026-04-08T21:35:19.081Z"",
      ""action"": ""create""
    },
    {
      ""when"": ""2026-04-08T23:20:09.105337"",
      ""operation"": ""optimization"",
      ""best_value"": 0.10387673956262425
    },
    {
      ""when"": ""2026-04-21T18:50:44.037718"",
      ""job_id"": ""train_5_4_e2781b9a"",
      ""model_id"": 5,
      ""operation"": ""training_run"",
      ""dataset_id"": 4
    },
    {
      ""when"": ""2026-04-24T03:28:34.350201"",
      ""job_id"": ""training_5c0e65e02802"",
      ""model_id"": 5,
      ""operation"": ""training_run"",
      ""dataset_id"": 4
    },
    {
      ""when"": ""2026-04-24T21:24:36.166105"",
      ""job_id"": ""training_9b751e60e831"",
      ""model_id"": 5,
      ""operation"": ""training_run"",
      ""dataset_id"": 4
    },
    {
      ""when"": ""2026-04-26T01:01:10.861776"",
      ""operation"": ""optimization"",
      ""best_value"": 0.09045725646123261
    },
    {
      ""when"": ""2026-04-27T19:46:11.788272"",
      ""operation"": ""optimization"",
      ""best_value"": 0.08846918489065607
    },
    {
      ""when"": ""2026-05-11T17:47:51.125082"",
      ""job_id"": ""training_5ee2752ac427"",
      ""model_id"": 5,
      ""operation"": ""training_run"",
      ""dataset_id"": 4
    },
    {
      ""when"": ""2026-05-14T22:11:00.288891"",
      ""job_id"": ""training_a347e995c819"",
      ""model_id"": 5,
      ""operation"": ""training_run"",
      ""dataset_id"": 4
    },
    {
      ""when"": ""2026-05-21T22:29:32.406225"",
      ""job_id"": ""training_f210647d8252"",
      ""model_id"": 5,
      ""operation"": ""training_run"",
      ""dataset_id"": 4
    }
  ],
  ""learning_model_id"": 5,
  ""dataset_id"": 4,
  ""sampler"": ""TPESampler"",
  ""objective"": ""maximize_accuracy"",
  ""best_trial"": {
    ""value"": 0.08846918489065607
  },
  ""best_params"": {
    ""dropout"": 0.4,
    ""batch_size"": 16,
    ""hidden_dim"": 64,
    ""hidden_layers"": 4,
    ""learning_rate"": 0.001805847953162364
  },
  ""study_params"": {
    ""metric"": ""accuracy"",
    ""n_trials"": 25,
    ""direction"": ""maximize"",
    ""framework"": ""pytorch""
  }
}",/app/runtime_artifacts/optuna/study_6/study_summary.json,1de2284f8aaebe7b7086d730bf7e9ea210d550253a3ca58a7a9d541c5dc6c723,{},{},{},"{
  ""registry_source"": ""study_models"",
  ""has_content"": true,
  ""has_metadata"": true
}",1,0.75
