Date,Open,High,Low,Close,Volume,Close_Return,Volatility,MA20,MA50,Momentum,RelVolume,RSI_Close,Williams_%R,CCI,Bollinger_%B,KeltnerC_%,MACD_lib,MACD_signal,MACD_Hist,Force_Index,Volume_Price_Trend,DLR,RSI_Over,RSI_Under,Williams_Over,Williams_Under,MACD_Over,MACD_Under
2023-09-20 00:00:00-04:00,43.57431736743093,43.877140298495235,42.1981295407641,42.21411895751953,367108000,,,,,,1.102693383952402,100.0,,,,0.33650770583845346,,,,,,,True,False,False,False,False,False
2023-09-21 00:00:00-04:00,41.558504470242454,42.075198207915804,40.955859044978006,40.992835998535156,450736000,-0.028930675071375145,,,,,1.3538893325919616,0.0,,,,0.12142773198538609,,,,,-13040096.758971347,-0.02935741784425982,False,True,False,False,False,False
2023-09-22 00:00:00-04:00,41.547515361700206,42.09019865007004,41.206716585272034,41.58549499511719,479236000,0.014457623683397092,,,,,1.4394956431126897,34.32306924174742,,,,0.36753707872589236,,,,,-6111483.015434857,0.014354108769025101,False,False,False,False,False,False
2023-09-25 00:00:00-04:00,41.566499482257406,42.51094250359211,41.15274189436024,42.19712829589844,419091000,0.014707851880879863,,,,,1.2588362906120163,52.45856184360831,,,,0.6094250389618457,,,,,52445.33717496507,0.014600740403324493,False,False,False,False,False,False
2023-09-26 00:00:00-04:00,41.97626153603217,42.794779402172175,41.63046465348833,41.886314392089844,402282000,-0.007365759623002677,,,,,1.208346589785949,45.57191537874182,,,,0.4711667889326723,,,,,-2910667.1754857977,-0.0073930207789890835,False,False,False,False,False,False
2023-09-27 00:00:00-04:00,42.3050663366097,42.84674687562001,41.60447906383656,42.4429817199707,444935000,0.013289957255966822,,,,,1.3364646937382514,56.568871656127676,,,,0.6725929548547387,,,,,3002499.9561978006,0.013202420494339524,False,False,False,False,False,False
2023-09-28 00:00:00-04:00,42.43498662299495,43.42040584820638,42.09019244907844,43.06361770629883,424663000,0.014622817746946737,,,,,1.2755730752513672,65.04793989287559,,,,0.870283423531464,,,,,9212269.609069442,0.014516935299251937,False,False,False,False,False,False
2023-09-29 00:00:00-04:00,43.8011831331208,44.11799774453881,43.28148898443914,43.4733772277832,397830000,0.009515213614401885,,,,,1.1949739829635533,69.30828653232575,,,,0.979398248538075,,,,,12997707.041286945,0.009470229102369861,False,False,False,False,False,False
2023-10-02 00:00:00-04:00,44.004059360800305,45.14838526378596,43.835160204850645,44.755619049072266,433298000,0.029494874864923082,,,,,1.3015102854740508,78.24469339417143,,,,1.3992337015208396,,,,,25777777.33050839,0.02906826919737865,True,False,False,False,False,False
2023-10-03 00:00:00-04:00,44.78160339586175,45.103416123255286,43.22052325615126,43.491363525390625,470850000,-0.02824797311585503,,,,,1.4143063617082396,59.76683411156269,,,,0.805465596292064,,,,,12477219.188908048,-0.028654623443752407,False,False,False,False,False,False
2023-10-04 00:00:00-04:00,43.71624053668988,44.11700536030281,43.26650478309876,44.01506423950195,361821000,0.012041487588807964,,,,0.042662154901177196,1.0868126624182586,63.60138583887167,,,,0.9860280124610875,,,,,16834082.269778132,0.011969565666090061,False,False,False,False,False,False
2023-10-05 00:00:00-04:00,44.02405361077508,44.873555244834996,43.862150279908775,44.661678314208984,393483000,0.014690744768395048,,,,0.08949959733951873,1.1819167678114968,67.6953338296376,,,,1.2016009346649763,,,,,22614640.59348052,0.01458388111061239,False,False,False,False,False,False
2023-10-06 00:00:00-04:00,44.166973996163335,45.76203472717015,44.000072531277134,45.735050201416016,434436000,0.024033397931343403,,,,0.09978371561492905,1.3049285304344926,73.10342702106155,,,,1.5355992703040244,,,,,33055613.857181624,0.02374914125278058,True,False,False,False,False,False
2023-10-09 00:00:00-04:00,44.815591947191656,45.578143110380815,44.34187205811662,45.246337890625,409675000,-0.010685728093414948,,,,0.0722610688894425,1.2305531671080452,67.5579003443897,-10.72987902743369,,,1.2887646244868818,,,,19661197.760762066,28677938.200511854,-0.010743230489368866,False,False,True,False,False,False
2023-10-10 00:00:00-04:00,45.283311292435734,46.23174977831537,45.061441940637515,45.77102279663086,368582000,0.01159618502770754,,,,0.09274409699017672,1.1071208822579302,70.17386579903327,-8.732686194072627,,,1.436916806230511,,,,44479514.08428915,32952083.270394355,0.011529464580491892,True,False,True,False,False,False
2023-10-11 00:00:00-04:00,46.168793384796125,46.83140494362504,46.0228794586557,46.77843475341797,378137000,0.022009819646443773,,,,0.1021477016400878,1.135821524258827,74.43615101484133,-0.9327933308867083,,,1.788861822176557,,,,92545259.94419172,41274810.442041665,0.0217710999999757,True,False,True,False,False,False
2023-10-12 00:00:00-04:00,46.74945044702477,47.58096116077266,46.30271511701913,46.91735076904297,481325000,0.002969659338908359,,,,0.089489301364025,1.4457704354873495,74.96737998120531,-10.323393839364954,,,1.7628511492697678,,,,88876472.98369336,42704181.72334173,0.002965258610903115,True,False,True,False,False,False
2023-10-13 00:00:00-04:00,46.93233691107498,47.088247061466205,45.25332622388591,45.43421936035156,474115000,-0.03161157619474986,,,,0.04510443534888786,1.4241135407907022,60.5098640706483,-35.91982316021065,,,1.0964052433521116,,,,-24273715.704223692,27716659.275767904,-0.03212200792891204,False,False,False,False,False,False
2023-10-16 00:00:00-04:00,45.036458356873474,46.197772707429415,44.88554631741198,46.06785202026367,375099000,0.013946154876935069,,,,0.029319960243486154,1.1266961919303367,63.7282114750297,-25.31772229828475,,,1.308065570218544,,,,13147526.125004306,32947848.02395137,0.013849802059771193,False,False,False,False,False,False
2023-10-17 00:00:00-04:00,43.97408457640043,44.72764209675683,42.45497937899436,43.9121208190918,812333000,-0.04679469753058252,,44.03209915161133,,0.00967450223664601,2.440029159446829,49.07464869101272,-66.81833700019047,-14.52200172317289,0.48280787288725363,0.4651079001705203,,,,-238898062.44164667,-5065029.005159322,-0.04792497096414963,False,False,False,False,False,False
2023-10-18 00:00:00-04:00,42.565910351376075,43.19354257835518,41.80036274107,42.171142578125,627294000,-0.03964687217315788,0.023056408564105912,44.029950332641604,,-0.041892967629071354,1.884221928132969,40.89609107426835,-93.58578800784316,-74.93668183212122,0.23398975403850553,-0.196132855499753,,,,-360784797.0484151,-29935274.03814822,-0.040454220671054794,False,False,False,True,False,False
2023-10-19 00:00:00-04:00,42.78578713530396,43.27150096490334,41.85733341911429,42.07620620727539,501233000,-0.002251216472822226,0.022031003627691205,44.08411884307861,,-0.057890169033594785,1.5055686961837234,40.49972582863517,-95.22811573858513,-79.46810007987571,0.1988517902702642,-0.2444839069263647,,,,-316042003.4657933,-31063658.02447032,-0.0022537542700953833,False,False,False,True,False,False
2023-10-20 00:00:00-04:00,41.86532335952727,42.444983530451566,41.05380140770334,41.36262130737305,477266000,-0.016959345060414632,0.022180905359061292,44.072975158691406,,-0.09560345675334125,1.4335782946310816,37.55352601632776,-95.2686940207877,-117.35618178210578,0.09767997794594123,-0.4959200211626644,,,,-319545975.94736457,-39157776.80407417,-0.01710480166416224,False,False,False,True,False,False
2023-10-23 00:00:00-04:00,41.20471789682862,43.222529794895785,40.92088476471772,42.94968795776367,478530000,0.038369585877956025,0.02359448553968321,44.110603141784665,,-0.05075880258890941,1.4373750095959308,46.81960269263898,-69.53783902167093,-83.36323826291252,0.32409637691008764,0.10123550867469265,,,,-165402407.3532517,-20796778.873895872,0.03765177712999734,False,False,False,False,False,False
2023-10-24 00:00:00-04:00,43.05162238085588,43.67125606240389,42.66585200550872,43.63727569580078,401463000,0.01600914397127351,0.02372896608146206,44.198151206970216,,-0.04661785930174012,1.2058865347573007,50.262985614684354,-59.21381723650946,-40.76083870306672,0.41093282927015007,0.32555924192806696,,,,-102339058.29198831,-14369699.907756496,0.015882349087516543,False,False,False,False,False,False
2023-10-25 00:00:00-04:00,43.37243657677688,43.62429085852798,41.53052363272983,41.754390716552734,398379000,-0.04314854557772585,0.02563503874948892,44.16372165679932,,-0.10740085818066292,1.1966230308398997,42.204197436107066,-87.48503917569568,-93.19037930088236,0.12800660456709728,-0.3299961420435692,-0.12886441466979193,,,-194876597.84282678,-31559174.34646534,-0.04410711961648079,False,False,False,True,False,False
2023-10-26 00:00:00-04:00,41.82834703800738,42.231109527965074,39.85650966502812,40.30224609375,541001000,-0.03477824961356846,0.02646745070690341,44.02565307617188,,-0.140994846615631,1.625021038527173,37.24450819220421,-94.22953941820414,-154.17250672208377,-0.013367404547554718,-0.7572928889545157,-0.36133069158545084,,,-279267325.7339804,-50374242.165655494,-0.03539741089499101,False,False,False,True,False,False
2023-10-27 00:00:00-04:00,41.105772840082615,41.181728284669475,39.99142796964453,40.47614288330078,416784000,0.004314816329250348,0.026363655051773183,43.87579135894775,,-0.10912648102803046,1.251906685055128,38.181389205734526,-91.97828844398826,-143.5867039750054,0.06852444483655315,-0.6328322570104646,-0.5254725527764492,,,-229018079.26682138,-48575895.75668522,0.004305534200148979,False,False,False,True,False,False
2023-10-30 00:00:00-04:00,41.06280298137389,41.74140011545999,40.45715708839421,41.136756896972656,388028000,0.01632107129319449,0.025658064979240204,43.694848251342776,,-0.10703983161884767,1.16553141960481,41.73971884276722,-83.42604348477256,-105.1387872191637,0.18733770229261631,-0.35470284109560496,-0.5953868810773315,,,-159681677.30055118,-42242863.10492955,0.016189314286407446,False,False,False,True,False,False
2023-10-31 00:00:00-04:00,40.42617778091217,40.85492597583814,39.206895078542935,40.7559814453125,517969000,-0.009256331329516643,0.025053505110359055,43.558079147338866,,-0.07187399093707847,1.5558391247056498,40.299807504678405,-81.5013835386752,-120.23669497039705,0.17319318499315386,-0.42811878756226346,-0.6737532782423301,,,-165045706.2463238,-47037355.78734796,-0.009299437373108404,False,False,False,True,False,False
2023-11-01 00:00:00-04:00,40.85991856143589,42.35603848881298,40.844928006293706,42.300071716308594,437593000,0.03788622470220715,0.02649220460692464,43.4723295211792,,0.003057283495336627,1.3144113066560343,48.11620121314033,-60.75322299438314,-56.66854401987754,0.3641838227702028,0.13426521762644442,-0.6042980603492154,,,-44941591.93170704,-30458609.061235026,0.03718616862258882,False,False,False,False,False,False
2023-11-02 00:00:00-04:00,43.30247683018647,43.858149075327375,42.868734368129815,43.48037338256836,409172000,0.027903065370092683,0.027079335527447082,43.41326427459717,,0.03337200051677125,1.2290422908206093,53.164141378269434,-38.870646421168836,1.7674823687204149,0.5078378832454332,0.5414597743582145,-0.448839872835606,,,30470977.39951408,-19041455.997623462,0.027520868199908784,False,False,False,False,False,False
2023-11-03 00:00:00-04:00,43.99406856905828,45.28230687928524,43.69724264528921,44.97848892211914,424610000,0.034454983317861565,0.02767978179454595,43.37543621063232,,0.08741872493708591,1.2754138775511006,58.66172399556866,-5.000779652977191,49.97742412118754,0.6903346945318907,1.0480180982461016,-0.20241937094100138,,,116991529.0922488,-4411525.531026263,0.03387470185582767,False,False,True,False,False,False
2023-11-06 00:00:00-05:00,45.25832352062085,45.907942145910646,44.87254931814996,45.72404861450195,400733000,0.016575916849357997,0.027820994667621803,43.399321746826175,,0.064595595187247,1.2036938117158926,61.108370429778326,-2.744250705299539,80.07652425335195,0.7729532502484618,1.2936377710988227,0.0524267455589964,-0.2997715827550627,0.3521983283140591,142959935.25159064,2230991.3557675155,0.016440035851725276,False,False,True,False,True,False
2023-11-07 00:00:00-05:00,45.69207169045335,46.190774498668894,45.13140131544397,45.92793273925781,343165000,0.004459012946880447,0.02772211163524768,43.40716724395752,,0.052493126734707296,1.0307750719244093,61.7746492475182,-3.7635495059326343,89.0478054701311,0.7947257319563686,1.3640090799701343,0.2677593112240402,-0.18626540395924215,0.45402471518328236,132532215.31162691,3761168.5336837443,0.004449101002719018,False,False,True,False,True,False
2023-11-08 00:00:00-05:00,46.072846167662064,46.839396518994945,45.94092394446473,46.54656982421875,346719000,0.013469735040613884,0.027438302900253137,43.39557399749756,,0.11477066304708994,1.0414503290328536,63.80108413041965,-3.836575689645121,115.33208449110032,0.8714965142455677,1.5702000865973915,0.48276574054567334,-0.05245917505825906,0.5352249156039324,144240931.90433326,8431381.597230349,0.013379824639292544,False,False,True,False,True,False
2023-11-09 00:00:00-05:00,47.43903409699533,48.201585067164196,46.72245745962616,46.922340393066406,540496000,0.008073002377333882,0.02748996161326384,43.39582347869873,,0.16426117502029336,1.6235041547793496,65.01431391462344,-14.222220840474757,144.4517817415847,0.9156884741802047,1.682205947703205,0.6756924671240299,0.09317115337819872,0.5825213137458312,152649725.82941177,12794807.090169802,0.00804059002014529,False,False,True,False,True,False
2023-11-10 00:00:00-05:00,47.47202272481538,48.44345034341423,47.255151482276034,48.3065299987793,421245000,0.02949958578616485,0.02714254428751535,43.539439010620114,,0.19345685032427085,1.2653063254492671,69.11997125607347,-1.482374550993803,156.67530360578854,1.0093071527988087,2.143272562932224,0.9295653699744975,0.2604499966974585,0.669115373277039,214140186.4907139,25221360.104662813,0.029072845140958686,False,False,True,False,True,False
2023-11-13 00:00:00-05:00,48.29153187815876,49.0870643467763,48.07066140972394,48.59135437011719,384136000,0.005896187768922534,0.027037757066234826,43.66561412811279,,0.18121500175170913,1.1538409016908917,69.90265574685664,-5.017221498956668,157.7513349258117,0.9861573378710904,2.2085405798745836,1.1405963363603675,0.43647926463004033,0.7041170717303271,199178916.2360765,27486298.08946564,0.005878873280134404,False,False,True,False,True,False
2023-11-14 00:00:00-05:00,49.65073506752464,49.804643679009864,49.01111268540679,49.626747131347656,416954000,0.02130816839028493,0.024613687633765882,43.951345443725586,,0.21765555315943486,1.2524173191880585,72.61949046470603,-1.6786258512904302,151.96676638617225,0.9982826577888503,2.5697996122073823,1.3755311731840862,0.6242896463408496,0.7512415268432366,232397807.2546497,36370824.13246851,0.02108432360213122,True,False,True,False,True,False
2023-11-15 00:00:00-05:00,49.90558359837123,49.93056658286776,48.171605113904064,48.85919952392578,475497000,-0.015466409784836377,0.022755242986434675,44.28574829101562,,0.15506186021638224,1.4282646959184089,67.73800159073508,-9.990673982412659,119.22309593548935,0.8802301603221642,2.1510776186107514,1.4826924906369996,0.7959702152000796,0.68672227543692,147060036.97737414,29016592.679008164,-0.015587262424395761,False,False,True,False,True,False
2023-11-16 00:00:00-05:00,48.65033211773849,49.495834550251864,48.30153863182137,49.45085906982422,339756000,0.012109480950638796,0.02265324532344612,44.654480934143066,,0.13731449899759784,1.0205353556940526,69.4431378824851,-4.4733514342553145,107.16024787421563,0.8792615294903119,2.25680548620285,1.5969519197599666,0.9561665561120571,0.6407853636479095,154768586.07721633,33130861.4888734,0.012036747771489508,False,False,True,False,True,False
2023-11-17 00:00:00-05:00,49.49482766776376,49.68771478002095,48.97813389873992,49.26896286010742,325205000,-0.0036783225435974565,0.022059088929261495,45.049798011779785,,0.09538946373714996,0.9768280776453819,68.24887540070375,-6.169563497851618,100.55400714974783,0.8276657960571855,2.092071701862948,1.6537622942833394,1.0956857037463137,0.5580765905370257,124208279.9403353,31934652.60608279,-0.003685104207169755,False,False,True,False,True,False
2023-11-20 00:00:00-05:00,49.28295659470337,50.51822867897837,49.152033232319226,50.379310607910156,414120000,0.022536454663261596,0.021218293164626673,45.42127914428711,,0.10181211276054247,1.2439047478190852,71.47389913774036,-1.4360979335676622,104.88140581312521,0.866719702076146,2.4269142185245265,1.7680003021331174,1.2301486234236745,0.537851678709443,172152412.70886862,41267449.21123268,0.022286260781692543,True,False,True,False,True,False
2023-11-21 00:00:00-05:00,50.09647330080843,50.48724182772053,49.19300646271815,49.914581298828125,565747000,-0.009224606360712317,0.021479652928319975,45.735144424438474,,0.0868022643693398,1.6993513459007146,68.34489860457624,-7.891337069094183,91.79723151633137,0.7994350760624246,2.1067860403280623,1.80028243972815,1.3441753866845696,0.45610705304358046,109999323.40399712,36048655.83647877,-0.00926741651657417,False,False,True,False,True,False
2023-11-22 00:00:00-05:00,49.82263401876184,50.305347385214155,47.66190506313219,48.68730163574219,899420000,-0.02458759807556976,0.019511387960248233,46.08178997039795,,0.045991183015372084,2.7016150108264307,60.77777051653929,-26.842556694782076,64.2283111164789,0.6904366755526347,1.4980942049749708,1.7071560223871742,1.4167715138250905,0.29038450856208375,-63406276.30696729,13934078.375349816,-0.02489492108081319,False,False,False,False,True,False
2023-11-24 00:00:00-05:00,48.44145141892708,48.89218598438888,47.71687617098167,47.747859954833984,294645000,-0.019295414807267597,0.017976076533625363,46.45407066345215,,0.017593315995157788,0.8850340829256118,55.6944459465323,-49.0705997823064,42.29752897404087,0.6021326176888594,1.0388289649895945,1.539797743402147,1.4413767597405018,0.0984209836616452,-93891350.2732859,8248780.8794624545,-0.01948400116628971,False,False,False,False,True,False
2023-11-27 00:00:00-05:00,47.77184390637924,48.50141346161061,47.62393227136599,48.213584899902344,395662000,0.009753839135594689,0.01794792185449663,46.840942764282225,,-0.001924069041583043,1.1884618959035904,57.58824409269574,-42.78295225640767,36.8851050266275,0.6194889626754368,1.0797652065671566,1.4282808794916733,1.4387575836907363,-0.010476704199062992,-54154062.632011175,12108004.37953012,0.009706577519613851,False,False,False,False,False,True
2023-11-28 00:00:00-05:00,48.20758789085354,48.29453844522679,47.445036828306066,47.79283142089844,401491000,-0.00872686567235037,0.018276448561184027,47.173746490478514,,-0.016433436761948528,1.2059706392027245,55.28893865095952,-59.54152970262132,23.803053901376707,0.5604488530793535,0.7877537308390427,1.29106903189777,1.409219873332143,-0.11815084143437304,-70550444.40440348,8604246.353872498,-0.008765167765545272,False,False,False,False,False,True
2023-11-29 00:00:00-05:00,48.35050236578872,48.7332761674738,47.83180709342431,48.11164093017578,382005000,0.00667065540582179,0.017841252263723253,47.54152946472168,44.96190048217773,-0.03053003246740771,1.1474399526480963,56.69966356323582,-63.40181243097418,28.957729774317386,0.5679103821631685,0.7641760645934337,1.1942859323076007,1.3662330851272346,-0.1719471528196339,-43073691.40498988,11152470.072173452,0.006648505034482625,False,False,False,False,False,True
2023-11-30 00:00:00-05:00,47.99570985279465,48.08166154319405,46.3946561295748,46.74245071411133,526247000,-0.028458605642895263,0.01824924150390771,47.763648414611815,45.05246711730957,-0.043323444314266824,1.5807040032491793,49.47916882794034,-91.56569745361134,-31.306360155088548,0.35293958164066586,0.0965726196429509,0.9956254702952592,1.2921115621608397,-0.2964860918655805,-139853484.58045852,-3823785.7715832517,-0.028871402367164345,False,False,False,True,False,True
2023-12-01 00:00:00-05:00,46.49760075768486,47.172202455851924,46.15979857134605,46.737457275390625,369317000,-0.00010682877436707372,0.01747046931271805,47.92650260925293,45.16735954284668,-0.054870670509531316,1.1093286239503068,49.45443380436399,-86.74617488914187,-67.38200944190358,0.29596350269351235,0.02789483378522754,0.8282353129768794,1.1993363123240477,-0.37110099934716834,-120137867.04153787,-3863239.4540461763,-0.00010683448096701311,False,False,False,True,False,True
2023-12-04 00:00:00-05:00,46.04985981674189,46.04985981674189,44.98348694921652,45.483192443847656,437543000,-0.02683639428975515,0.01717653944161632,47.951737785339354,45.24531349182129,-0.07683884937884633,1.3142611201463488,43.56346703116422,-90.97147583338747,-142.05740468889076,0.062069838327506996,-0.5225288846583653,0.5875952850633013,1.0769881068718985,-0.4893928218085972,-181374571.34814748,-15605315.920768514,-0.02720306528843118,False,False,False,True,False,True
2023-12-05 00:00:00-05:00,45.44321631785002,46.57664693505586,45.24831433854384,46.542667388916016,371718000,0.02329376827223295,0.017564667398188412,47.99266872406006,45.33222427368164,-0.07615513536605922,1.116540580145404,49.08102747727322,-71.82921054264649,-111.47443543206202,0.23242263019703166,-0.08697893495057546,0.4768799279277687,0.9569664710830725,-0.48008654315530386,-99203074.3511378,-6946602.966150627,0.023026609257409174,False,False,False,False,False,True
2023-12-06 00:00:00-05:00,47.19133790635441,47.36325259148531,45.389240093841764,45.480194091796875,380590000,-0.022827941687161735,0.018327847754362026,47.970281791687015,45.404101867675784,-0.08883951526075129,1.1431896744239969,44.393750406884266,-91.02564912994183,-117.2655028326676,0.05274569319373294,-0.49355646391517827,0.2999468930465099,0.8255625554757601,-0.5256156624292502,-142797879.7510572,-15634689.292867512,-0.02309253362909439,False,False,False,True,False,True
2023-12-07 00:00:00-05:00,45.67709625491712,46.605631500937335,45.58114369836872,46.57264709472656,350823000,0.02402041206606742,0.01888919505948064,47.9715856552124,45.4866951751709,-0.043433389610222695,1.0537776377478385,49.71169048153989,-71.28754649987215,-104.79559356072421,0.2484922104949856,-0.053772959421517115,0.24505319480576304,0.7094606833417607,-0.46440748853599767,-67647091.23707737,-7207776.270613542,0.023736460076912283,False,False,False,False,False,True
2023-12-08 00:00:00-05:00,46.57164649877913,47.71707199991906,46.526667071393376,47.4821891784668,359224000,0.01952953376024058,0.019309624754261047,47.99957809448242,45.57506660461426,-0.005564035259768563,1.0790119751051943,53.68326310344084,-54.85422172792528,-44.42602077484311,0.4059082771870784,0.30371178419785705,0.2718087462282668,0.621930295919062,-0.35012154969079523,-11307600.276137471,-192299.03512487933,0.01934127948011097,False,False,False,False,False,True
2023-12-11 00:00:00-05:00,47.46719926720655,47.50717632201845,45.80703244000096,46.60363006591797,509728000,-0.0185029192577173,0.01851778451420092,47.91443309783936,45.637671661376956,-0.033392141184416135,1.5310853841792877,49.60778832783053,-70.56294925071548,-72.13368685294543,0.26683357667208724,-0.009386354996710892,0.21958904966105308,0.5414620466674602,-0.32187299700640715,-73667397.28258769,-9623755.062522603,-0.01867623955197754,False,False,False,False,False,True
2023-12-12 00:00:00-05:00,46.02292867052267,47.64211585216739,46.02292867052267,47.633121490478516,372387000,0.022090369851112346,0.019205464836571515,47.86652145385742,45.695221710205075,-0.0033417130910994297,1.1185500756449958,54.01340758733652,-50.21225052540681,-41.43071517270626,0.4582575351577418,0.424139188425952,0.25829841471253445,0.4848293202764751,-0.22653090556394062,-8376451.511099689,-1397588.5047764303,0.021849912384147598,False,False,False,False,False,True
2023-12-13 00:00:00-05:00,47.60513418472511,48.5696507647958,47.584144799570055,48.06390380859375,447792000,0.009043755786639851,0.018649489501264334,47.78837928771973,45.78667251586914,-0.0009922156189041687,1.3450463509016801,55.756470747723945,-21.190738103441788,18.6184632415282,0.5514134805986606,0.6148386961902829,0.3200470945915441,0.4518728751394889,-0.1318257805479448,20377452.38955127,2652132.9864346017,0.009003105928381277,False,False,False,False,False,True
2023-12-14 00:00:00-05:00,48.36574456801119,48.64560300177105,47.3982312593091,48.32576370239258,391232000,0.0054481611573133915,0.01840597177968376,47.76170749664307,45.87288650512696,0.03387312740543269,1.175155371145456,56.82770110480027,-10.867609920501367,25.104633708090276,0.6065563998637672,0.7351367066065264,0.3856675379383532,0.4386318076992618,-0.05296426976090862,32101812.044001535,4783627.972332634,0.005433373612950803,False,False,True,False,False,True
2023-12-15 00:00:00-05:00,48.169843491403206,49.379236076134234,48.0958792715529,48.86549377441406,479948000,0.01116857822145012,0.018373522683030052,47.73243923187256,45.95696281433106,0.04553171317139548,1.441634299010611,59.029591586264196,-11.687252545288128,67.6039486703607,0.7192800526217509,0.9482641014174863,0.47573988490479024,0.4460534231403675,0.029686461764422745,64521891.55293952,10143964.752561176,0.011106670175135237,False,False,True,False,True,False
2023-12-18 00:00:00-05:00,49.37524392106738,50.40772334929845,49.12536921258584,50.051902770996094,412587000,0.024279075170283715,0.019160400365691853,47.77158622741699,46.04329986572266,0.10044832127359671,1.2393000294321281,63.44326720497857,-6.559828002647196,130.69691672110423,0.922787150836274,1.375759953040203,0.6355301634815618,0.48394877120860635,0.15158139227295542,125232611.14148967,20161195.539843023,0.023989023832557476,False,False,True,False,True,False
2023-12-19 00:00:00-05:00,49.39922581544832,49.675088445454506,48.870491649793216,49.57913589477539,464444000,-0.009445532538168822,0.018591315019159265,47.731577491760255,46.129955825805666,0.06524053467942181,1.395064466087335,60.63986360323542,-15.275651601588462,105.61963324988,0.8606875752231543,1.2248740174144215,0.7157658712322927,0.5303121912133436,0.18545368001894913,75974561.11278427,15774274.625685744,-0.009490424489864722,False,False,True,False,True,False
2023-12-20 00:00:00-05:00,49.63010830567033,49.97393763852956,48.07388957337245,48.086883544921875,397894000,-0.030098393667461365,0.019654378083579865,47.64019260406494,46.176273040771484,0.057314826930238594,1.1951662216959507,52.72098767357973,-42.7864796663641,70.94425341661338,0.5943950854147901,0.6680596223054421,0.6514316557070075,0.5545360841120764,0.09689557159493101,-19701555.687987015,3798304.375764871,-0.03056064940034442,False,False,False,False,True,False
2023-12-21 00:00:00-05:00,48.78653913884223,49.07039720846896,48.39473348540278,48.965450286865234,300425000,0.018270403011719782,0.019359435546065604,47.654100036621095,46.22001335144043,0.051377865365303865,0.9023956434452541,56.3362785227175,-26.58942118399248,77.98522469001725,0.7739243500465873,1.0403881430099917,0.6636887294452833,0.5763666131787178,0.0873221162665655,20819154.18863023,9287190.200560786,0.01810550467607955,False,False,False,False,True,False
2023-12-22 00:00:00-05:00,49.17034164902082,49.358247143122306,48.442705904447216,48.80552673339844,252507000,-0.0032660488677196398,0.018822740295726944,47.706983375549314,46.25777687072754,0.02787018833436128,0.7584629000230699,55.50427788577659,-31.05387870122896,76.80640861792195,0.7245818949300347,0.9650020070736399,0.6529710111067359,0.5916874927643215,0.06128351834241441,12076158.34522013,8462489.999119503,-0.0032713940469069253,False,False,False,False,True,False
2023-12-26 00:00:00-05:00,48.94345422311468,49.575137414585996,48.93545881250647,49.25429916381836,244200000,0.009195114989155817,0.018809888445247502,47.75901908874512,46.33417846679688,0.05687688049517137,0.733510913303923,57.405309720961725,-22.983521649214477,93.33830050130477,0.795568049022111,1.1321974025194297,0.672932183369511,0.6079364308853594,0.06499575248415157,26006739.65426653,10707937.079471353,0.009153097294607964,False,False,False,False,True,False
2023-12-27 00:00:00-05:00,49.48619328583106,49.65510732450741,49.06040423894506,49.39223861694336,233648000,0.0028005566106263924,0.018664556668977653,47.838989448547366,46.40066619873047,0.03693054478523883,0.7018155522998977,57.99929370967638,-21.03942762364817,89.99229084235718,0.7955263295961676,1.1648383623075946,0.6919062526751603,0.6247303952433196,0.06717585743184062,26895673.609907027,11362281.53043099,0.002796642358315511,False,False,False,False,True,False
2023-12-28 00:00:00-05:00,49.61812249458572,49.85899903094536,49.38723545621996,49.4971809387207,246587000,0.0021246723111947308,0.018629939644674322,47.90826644897461,46.51236740112304,0.029820239650835134,0.7406808172763082,58.473742040572105,-19.791427603572348,93.37372310250376,0.7916169416586141,1.1929256962975976,0.7072584722139581,0.6412360106374474,0.0660224615765107,26750207.708507434,11886198.101631565,0.0021224183869820393,False,False,True,False,True,False
2023-12-29 00:00:00-05:00,49.78803546733378,49.97194517562977,48.726567424201626,49.4971809387207,389293000,0.0,0.017250104326668615,48.04600296020508,46.65888816833496,0.024240014985425384,1.169331138299853,58.473742040572105,-19.791427603572348,76.21391503761645,0.7635609657089747,1.1556104991020792,0.7112266388359387,0.6552341362771458,0.055992502558792956,22928749.464434944,11886198.101631565,0.0,False,False,True,False,True,False
2024-01-02 00:00:00-05:00,49.21931693922932,49.27029006493009,47.57114520519551,48.143856048583984,411254000,-0.027341453886276512,0.018536042046165463,48.116322898864745,46.78024116516113,-0.014767838613511053,1.2352960570839129,50.02253412417115,-51.629950010487796,14.664981256414414,0.5051238129956309,0.5296480968760308,0.5982729133142115,0.643841891684559,-0.04556897837034746,-59855396.79738235,641915.8250848036,-0.027722187354535948,False,False,False,False,False,True
2024-01-03 00:00:00-05:00,47.461200853543446,48.159848009515486,47.29628263742881,47.54515838623047,320896000,-0.012435598464513253,0.017628849994255513,48.219421195983884,46.90389190673828,-0.05008289887069439,0.9638850042406866,46.80002496770971,-92.00126977023093,-33.18787803055407,0.36067115460100985,0.22844600971711287,0.4551991220958982,0.6061133377668269,-0.15091421567092866,-78750295.12041256,-3348617.979783641,-0.012513567588582858,False,False,False,True,False,True
2024-01-04 00:00:00-05:00,47.74305858328899,48.47569292887805,47.48418951664503,47.97394561767578,306535000,0.009018525671154132,0.017015293466673312,48.290985107421875,47.00437705993652,-0.03237632621323605,0.9207484349288207,49.31827486764832,-78.22028304567085,-21.221490217855614,0.4310400558825701,0.3698968886045372,0.3721220662755229,0.5593150834685661,-0.18719301719304315,-48723353.8187695,-584124.2131764092,0.008978101630229678,False,False,False,False,False,True
2024-01-05 00:00:00-05:00,48.43771146509866,49.522166721608514,48.281787612444646,49.072391510009766,415039000,0.0228967177535897,0.016620016949544004,48.47059497833252,47.1130793762207,0.020494319707103692,1.2466651758671043,55.17230929142952,-42.916833806108244,43.047321758883996,0.6564910207134035,0.7921759868963081,0.390417810918386,0.5255356289585301,-0.1351178180401441,23365394.542255357,8918906.626555707,0.02263852171000024,False,False,False,False,False,True
2024-01-08 00:00:00-05:00,49.48719047480535,52.248806418013224,49.45420606560053,52.22681427001953,642510000,0.06428100736370945,0.02103263020848859,48.753303337097165,47.32252784729004,0.06660541185769797,1.9299266867604568,66.97082791274138,-0.4440594122921651,213.93204866415286,1.2419868411594905,1.9724937181990336,0.6519377420106522,0.5508160515689546,0.10112169044169761,309562933.54105806,50220096.66781266,0.06229946071509536,False,False,True,False,True,False
2024-01-09 00:00:00-05:00,52.37474467579261,54.2977804134657,51.66409858423947,53.113372802734375,773100000,0.016975160080245688,0.02095345437071788,49.03486251831055,47.578750381469725,0.08826553789425673,2.322183812757014,69.40787001012535,-16.91648913729636,285.51446176760675,1.1937451520366902,2.1229075856462942,0.9201254029746053,0.6246779218500849,0.29544748112452046,363253714.6983135,63343592.9258506,0.016832692068278313,False,False,True,False,True,False
2024-01-10 00:00:00-05:00,53.58913578901618,54.57264008297959,53.462196710132666,54.3227653503418,533796000,0.02277001974811821,0.020457918472552187,49.42081928253174,47.855682830810544,0.10290403624800071,1.6033791624814941,72.39961791255817,-3.434063465238111,280.71987811058824,1.194492723200705,2.495370199554147,1.2162339399723194,0.7429891254745318,0.47324481449778766,403584456.07607603,75498138.3873171,0.022514652065633606,True,False,True,False,True,False
2024-01-11 00:00:00-05:00,54.971434569987615,55.318260772566724,53.53315663291465,54.79452133178711,596759000,0.00868431454847407,0.020185929255220086,49.77888927459717,48.12883811950684,0.10937513395051024,1.7925030266680417,73.4887493779279,-6.5288066354298335,225.25597349386544,1.1068397722330714,2.5216718676285583,1.4720005479351386,0.8887914099666532,0.5832091379684854,386147337.74111134,80680581.25294994,0.008646822792657938,True,False,True,False,True,False
2024-01-12 00:00:00-05:00,54.59262018659447,54.942447033748536,54.30276844931097,54.68257522583008,352994000,-0.0020430164044902277,0.02028515180295196,50.109822845458986,48.407369995117186,0.10476140638249842,1.0602987359983824,72.75507264115409,-7.924299169455628,175.83161250783934,1.0005856012624386,2.372375240015213,1.646682382781968,1.0403696045297162,0.6063127782522519,325338246.1029245,79959408.72026332,-0.0020451062093268997,True,False,True,False,True,False
2024-01-16 00:00:00-05:00,54.990429652443055,56.80651660434578,54.87248875685251,56.35374450683594,449580000,0.03056127613054449,0.02097156310500346,50.51122188568115,48.688443450927736,0.1385243247813226,1.3504170204880332,76.52315032176767,-4.760893360614376,176.52976171530736,1.0583083428502333,2.8225638514287397,1.8980884081948304,1.211913365262739,0.6861750429320914,386193394.5674516,93699147.24303351,0.030103582104126333,True,False,True,False,True,False
2024-01-17 00:00:00-05:00,56.31875751678322,56.44269591374792,54.712564543260484,56.024906158447266,474394000,-0.005835252852608219,0.02117659093601163,50.86919250488281,48.939334106445315,0.16369794106043734,1.424951581514747,74.34429429525872,-8.218624784810606,137.81723033862622,0.952860145152488,2.522035593008548,2.0471961848354994,1.378969929177291,0.6682262556582084,308737346.85131633,90930938.30127329,-0.00585234446221041,True,False,True,False,True,False
2024-01-18 00:00:00-05:00,57.23130379027645,57.57113355960741,56.07888171171816,57.0783805847168,491650000,0.018803680336208606,0.0209768486793709,51.22051639556885,49.181331939697266,0.20050879042285907,1.4767839497374027,76.63912677603801,-4.795718970744291,141.37538332538747,0.9661044955826087,2.773792052805789,2.224726491879345,1.548121241717702,0.6766052501616429,338623540.39761615,100175767.73857024,0.018629076539302656,True,False,True,False,True,False
2024-01-19 00:00:00-05:00,57.95993551231964,59.470179816121735,57.19631847450879,59.461185455322266,543501000,0.04174618912092054,0.021989535610720735,51.714618873596194,49.45607467651367,0.2394474686154242,1.6325303640114475,80.81840200717042,-0.07388234570612251,153.3570450981555,1.039450532607098,3.3463373744115312,2.5285454800459917,1.74420608938336,0.7843393906626317,475256867.4806628,122864863.27197967,0.04089833316247055,True,False,True,False,True,False
2024-01-22 00:00:00-05:00,60.018906048230285,60.30076621768796,59.04039658553907,59.62410354614258,452955000,0.0027399065385724786,0.020026954845628372,52.291479873657224,49.729998092651364,0.21502339118688507,1.3605546098918035,81.06779180803645,-5.203302902181798,147.04825181473265,0.9729170920873526,3.271430833666603,2.750761281665973,1.9455171278398826,0.8052441538260904,417905109.8159274,124105917.63815877,0.0027361598368338285,True,False,True,False,True,False
2024-01-23 00:00:00-05:00,59.54014514062131,59.879974896146315,58.555638180668645,59.842994689941406,294654000,0.0036711854901001484,0.020013964611337618,52.835357093811034,49.99592658996582,0.1458289295714117,0.8850611164973552,81.41737024760792,-3.520105392277555,124.9322892116724,0.9245529771719493,3.093542999526504,2.910975675811841,2.1386088374342744,0.7723668383775664,367418258.5686378,125187647.12755874,0.003664463136297046,True,False,True,False,True,False
2024-01-24 00:00:00-05:00,60.27377702467032,62.81749966312902,59.90795933203634,61.33124542236328,560271000,0.02486925562687503,0.020001447221417168,53.461643028259275,50.28410469055176,0.15472323044048597,1.68290291935996,83.63052021447298,-9.692977097359142,140.86762577599896,0.9463000905458041,3.2106133941552573,3.1220471179619196,2.3352964935398037,0.7867506244221159,434047611.0737947,139121169.84688362,0.02456504896850306,True,False,True,False,True,False
2024-01-25 00:00:00-05:00,62.31875501062776,62.68757339968921,60.81950665772298,61.586124420166016,482777000,0.004155777304822195,0.020065957192145073,54.07823429107666,50.54969657897949,0.1337074617424372,1.450131851728616,83.98235990490414,-8.471378895435867,130.6946349159581,0.9051025213241559,2.983727266335446,3.2721698246795867,2.5226711597677607,0.749498664911826,389619340.6235685,141127483.54677376,0.004147165912094742,True,False,True,False,True,False
2024-01-26 00:00:00-05:00,60.92944842366768,61.75203783033358,60.54264514796327,61.00041198730469,390309000,-0.009510460974380464,0.020527868476877775,54.65864295959473,50.79787773132324,0.11325750284303426,1.172382928176662,79.74079990052681,-13.597603484221873,109.31124240984964,0.8347710783150311,2.5628386764535054,3.3057741464132633,2.6792917570968613,0.626482389316402,301301029.96910554,137415465.0343243,-0.009555974206097441,True,False,True,False,True,False
2024-01-29 00:00:00-05:00,61.20130919891072,62.45767916479008,60.8764751379027,62.433692932128906,348733000,0.023496250240449434,0.020608236268199392,55.30546855926514,51.05401664733887,0.1417474885608072,1.0474998416429853,82.1205108782102,-3.4411631778091314,109.82970729905618,0.8660487815648912,2.7430803428728914,3.408765480732889,2.825186501824067,0.5835789789088217,329662649.0780025,145609382.86942694,0.023224462449036663,True,False,True,False,True,False
2024-01-30 00:00:00-05:00,62.86848239210444,63.46118374572972,62.228799892784565,62.7425422668457,410735000,0.004946837520127811,0.020487540715402642,55.967736625671385,51.331683502197265,0.11336953410850592,1.2337371211133776,82.59494652087722,-7.187142820823806,112.31652516768922,0.8432951820594645,2.632914699690603,3.4752479205819853,2.955198785575651,0.5200491350063343,300690160.85184556,147641222.17825663,0.004934642121968488,True,False,True,False,True,False
2024-01-31 00:00:00-05:00,61.409211838884005,62.237798816895705,60.66958477846298,61.49617004394531,453795000,-0.01986486645057406,0.019785747016401612,56.635352325439456,51.57258972167969,0.09765770727084222,1.3630777432545198,74.05487282387486,-19.79259000257939,82.50442224407158,0.756972236305776,2.0548448354525357,3.3883056329323082,3.0418201550469828,0.34648547788532547,176934783.1742844,138626645.10731837,-0.020064825446696258,True,False,True,False,True,False
2024-02-01 00:00:00-05:00,62.068873584965374,63.15933018552209,61.61910217787421,62.99541091918945,369146000,0.02437941865603621,0.01904271962637317,57.4078649520874,51.84711868286133,0.1036650001954853,1.1088149860871825,77.11952701124576,-5.085736030363239,92.78442463395125,0.8150669736099505,2.2504465408774563,3.4011728490902655,3.1136906938556397,0.28748215523462584,230721067.3112257,147626209.98651952,0.024086984020783214,True,False,True,False,True,False
2024-02-02 00:00:00-05:00,63.94193723275367,66.56662061369005,63.658079168244704,66.12684631347656,476578000,0.04970894464525544,0.02055797092033106,58.315509986877444,52.162069396972655,0.11210104216914263,1.4315117282578091,81.92259282620876,-3.709905686295185,131.55268149778425,0.9579497400642097,2.7990866569448754,3.622295310876929,3.2154116172598974,0.40688369361703147,410957088.7437023,171316399.40766606,0.048512930167690003,True,False,True,False,True,False
2024-02-05 00:00:00-05:00,68.19080896214494,69.46217469854224,67.17132346877767,69.29725646972656,680078000,0.0479443725657287,0.02170722156258465,59.32675323486328,52.54972290039063,0.16223561191319247,2.042770822677745,85.28954106293007,-1.1181192389456007,175.11094163277036,1.0730583296757792,3.3379683176253616,4.00716989812144,3.373763273432206,0.6334066246892336,660266961.5292002,203922312.4134217,0.04683050487722362,True,False,True,False,True,False
2024-02-06 00:00:00-05:00,69.59510487406826,69.71904328530657,66.26677937017486,68.18881225585938,683111000,-0.01599549924969146,0.019978994763168754,60.12485313415527,52.93975311279297,0.13946189707181822,2.051881136355267,79.70041439278512,-11.218569671566035,150.53249664467432,0.9543332018337178,2.757610363443159,4.174621162826497,3.5339348513110647,0.6406863115154326,457773047.6851676,192995610.9254657,-0.01612480800710364,True,False,True,False,True,False
2024-02-07 00:00:00-05:00,68.28475901119934,70.1848072130282,67.56611760223609,70.0638656616211,495575000,0.027497962550309785,0.02020950201320615,60.97237777709961,53.38607322692871,0.14238452487178144,1.4885735907477136,81.86533599075129,-0.931144137257698,156.01659439371164,0.9907278031374429,3.047870257132335,4.407818053151033,3.7087114916790584,0.6991065614719743,525123982.5244814,206622913.71633548,0.027126684466880095,True,False,True,False,True,False
2024-02-08 00:00:00-05:00,70.03886831926252,70.75850859222243,69.42018296485597,69.60608673095703,414422000,-0.006533737845338727,0.0206089277574508,61.736543846130374,53.8139232635498,0.13022352658653302,1.2448118743375856,79.63242313763492,-9.44385888236814,152.3022898079539,0.9158321305310876,2.6944116583545332,4.503772647361998,3.8677237228156467,0.6360489245463516,423004319.30617523,203915189.01099452,-0.006555176142954281,True,False,True,False,True,False
2024-02-09 00:00:00-05:00,70.49765833259872,72.14883106624032,70.17682001570536,72.09686279296875,436637000,0.035783882976198944,0.021214959536473586,62.601660919189456,54.30000389099121,0.18190780101572823,1.3115397405908478,82.43904231116458,-0.3823110119089862,154.16425972159666,0.9786718004825059,3.12610150626714,4.726320090538337,4.039442996360185,0.6868770941781523,517941557.60366607,219539756.3220731,0.03515851490995891,True,False,True,False,True,False
2024-02-12 00:00:00-05:00,72.56361295434608,74.57360667156944,71.21429106971823,72.2117919921875,613710000,0.001594094316541561,0.021085156228714343,63.478121757507324,54.782006912231445,0.15661574064965644,1.843419257181616,82.55847110782582,-16.10440115394953,146.81708032706263,0.934026539900285,2.749703466862306,4.855987566576708,4.20275191040349,0.6532356561732184,454026077.78207654,220518067.94507784,0.0015928250968547766,True,False,True,False,True,False
2024-02-13 00:00:00-05:00,70.36472691376362,73.41319410596859,69.58511896051495,72.09185791015625,602580000,-0.0016608656110379538,0.021000711593358604,64.26502742767335,55.288995056152345,0.14901078766537168,1.8099877401256261,81.93227152549235,-17.687659945740766,113.69682912616747,0.8847808757255139,2.431123270513923,4.89267261315041,4.340736050952874,0.5519365621975361,378840941.0774384,219517263.5451786,-0.0016622463773835997,True,False,True,False,True,False
2024-02-14 00:00:00-05:00,73.1653277390137,74.19880626705748,71.9019610905451,73.86297607421875,504917000,0.02456752004185736,0.020694400118578832,65.15693092346191,55.83150543212891,0.20109880048523499,1.51663443821735,83.87711036125523,-5.064731993991269,121.0357035523046,0.9246065747275072,2.6158738311176237,5.006943285369545,4.4739774978362075,0.5329657875333371,452473330.9297966,231921822.06215307,0.024270591885679045,True,False,True,False,True,False
2024-02-15 00:00:00-05:00,73.8319812576461,73.93792331267274,72.36371572931519,72.62158203125,420122000,-0.016806715745130263,0.02177373042350435,65.93409099578858,56.374273223876955,0.15280749774628832,1.2619331364417312,77.57415918174432,-14.039280542899899,103.83077052045824,0.8330829043701674,2.129634445744099,4.940383822451196,4.567258762759206,0.37312505969198995,313329005.35123754,224860951.02987745,-0.016949551251128004,True,False,True,False,True,False
2024-02-16 00:00:00-05:00,74.06286100719595,74.36471160286108,72.46466337072968,72.57660675048828,495327000,-0.000619310121092731,0.020801050703638087,66.58986206054688,56.8949520111084,0.09753618683758791,1.4878286656596735,77.34738426102358,-14.362750119598546,95.38775907536404,0.8000856299831492,1.9618225183155626,4.828347653067496,4.619476540820864,0.2088711122466318,265385223.03050935,224554190.00552696,-0.000619501972820342,True,False,True,False,True,False
2024-02-20 00:00:00-05:00,71.91094295214619,71.91994112607156,67.70005682448759,69.41719818115234,704833000,-0.04353205131507032,0.024003399119361675,67.07951679229737,57.37369209289551,0.0017308291487438954,2.11712816362303,63.3395891503743,-37.08573339469219,41.05841806700553,0.6229084615853245,1.0520613998757524,4.433513530178061,4.582283938692304,-0.14877040851424272,-90649154.56681433,193871363.680972,-0.04450799961786226,False,False,False,False,False,True
2024-02-21 00:00:00-05:00,67.97191561607241,68.85347738557593,66.21480102707116,67.43818664550781,673755000,-0.02850895149182009,0.025343271786562174,67.45927639007569,57.79100288391113,-0.011008046415811545,2.0237782366629182,56.44403151932298,-55.0806094477356,2.7294320699854397,0.49881669525295463,0.5218216438433374,3.9157763195986917,4.448982414873582,-0.53320609527489,-268180549.22843817,174663315.06860077,-0.02892322430057669,False,False,False,False,False,True
2024-02-22 00:00:00-05:00,74.98740205219113,78.53561836150196,74.1828051803666,78.49864196777344,865100000,0.16400878897301108,0.043385558996050025,68.3176462173462,58.41133193969726,0.1203869673261928,2.598526990578312,73.68608484706496,-0.24853837216090885,147.28040743715013,1.0269305883928472,2.672877499833087,4.347833045626373,4.42875254102414,-0.080919495397767,1137045229.1316233,316547318.4091526,0.15186989994483882,True,False,True,False,False,True
2024-02-23 00:00:00-05:00,80.74951481547919,82.35270728551444,77.53112722629109,78.77750396728516,829388000,0.003552443615855161,0.043392426256447535,69.17721519470214,59.05480941772461,0.13176171319295227,2.491257777900549,73.96590870965375,-22.154071668118377,168.88328628255866,0.97253209771216,2.425221769773403,4.659036474291426,4.4748093276775975,0.18422714661382855,1007650881.5486808,319493672.5148195,0.0035461485921060806,True,False,False,False,True,False
2024-02-26 00:00:00-05:00,79.66004987669284,80.60558249598952,78.46564913720285,79.05236053466797,503973000,0.003489023560545368,0.04313055866017857,70.0798126220703,59.6831941986084,0.09647434676419175,1.513798916914488,74.25649056529517,-20.450898016090196,150.27015881610447,0.9356120402438636,2.2667796615584126,4.8716882716488215,4.554185116471842,0.31750315517697913,883489368.3036718,321252046.1856982,0.0034829510385247656,True,False,False,False,True,False
2024-02-27 00:00:00-05:00,79.34121192660028,79.44016895851776,77.12332991849851,78.66155242919922,391705000,-0.004943661426749735,0.04326517966582147,70.89120559692383,60.29514717102051,0.08931727435471348,1.176576135527081,73.00869685084444,-22.87257589183248,121.10181895148004,0.8765308884948569,2.0099394182141848,4.9516024147643805,4.633668576130351,0.3179338386340298,735407817.2670563,319315589.2865332,-0.004955921744832633,True,False,False,False,True,False
2024-02-28 00:00:00-05:00,77.5810991271791,78.89343695625473,77.08634447899664,77.62407684326172,393110000,-0.013189106417284324,0.04361933070046693,71.63528232574463,60.88111343383789,0.0767384707992953,1.180796376449243,69.66209599886227,-29.30138746950971,103.42607622824718,0.7993803185771544,1.6553962768168242,4.875023107902479,4.681939482484776,0.1930836254177022,572086410.8592068,314130819.6628345,-0.013276855086372644,False,False,False,False,True,False
2024-02-29 00:00:00-05:00,79.05436082688792,79.94990785839042,78.31073041631178,79.07234954833984,507289000,0.018657519212788465,0.04300562557144367,72.51409130096435,61.485250549316405,0.07052753288584834,1.5237592862368297,71.61792384531545,-20.327034279668894,113.17837885514298,0.8506495512912718,1.7606329430695498,4.875000982328558,4.720551782453533,0.15444919987502548,595315896.777374,323595573.92677075,0.018485602765467634,True,False,False,False,True,False
2024-03-01 00:00:00-05:00,79.95989790136245,82.25874801625466,79.39517868225165,82.23775482177734,479135000,0.04003175941423587,0.04335560664472957,73.47620849609375,62.12896759033203,0.13241480730052646,1.4391922663631251,75.35728390616228,-0.7123133688854756,134.8544099142757,0.9764572226837912,2.1403405321473445,5.071939042710639,4.790829234504954,0.2811098082056853,726935976.6218172,342776190.97371066,0.03925125058531289,True,False,True,False,True,False
2024-03-04 00:00:00-05:00,84.08783505356324,87.6510508748539,83.67704554275812,85.19428253173828,615616000,0.03595097794642155,0.04286985162189184,74.42958030700683,62.84127052307129,0.17385320623528755,1.8491443669308265,78.24086439602887,-11.460812224903833,171.0498316712586,1.0449167218451139,2.461418718560502,5.4042837330614475,4.913520134216252,0.49076359884519505,883100231.7751737,364908188.2131749,0.03531982413319659,True,False,True,False,True,False
2024-03-05 00:00:00-05:00,85.23126463609206,86.05789246708638,83.37910949267872,85.9249496459961,520639000,0.008576480633962769,0.04210517309098474,75.2609649658203,63.59803184509278,0.2378049229495669,1.5638590843228548,78.89805050460988,-8.05225373428058,141.55177935440892,0.9951517583675928,2.431078272784991,5.661367306034222,5.063089568579847,0.5982777374543753,811287883.7644451,369373438.5139606,0.00853991156445032,True,False,True,False,True,False
2024-03-06 00:00:00-05:00,87.98201274018054,89.68323533367624,86.99045903620946,88.65969848632812,582520000,0.03182718001696805,0.041812692074215514,76.28450927734374,64.39191680908203,0.3146809381511435,1.7497329124398084,81.18818037400445,-4.361334181803693,163.4777050360934,1.0273539098411923,2.7694409126064925,6.016425656098818,5.253756786083642,0.762668870015176,922967599.579555,387913407.4174448,0.03133119181230649,True,False,True,False,True,False
2024-03-07 00:00:00-05:00,90.11703886606277,92.7248547713437,89.56129169773,92.62689971923828,608119000,0.04474638759934346,0.0422812861320215,77.41266098022462,65.26834426879883,0.1799809193802997,1.8266254016685846,83.91528805370359,-0.3695015221407553,179.01669096766395,1.06977040688131,3.259790441948847,6.542513912978748,5.5115082114626635,1.0310057015160847,1135762292.0047746,415124535.89796996,0.04377416466998268,True,False,True,False,True,False
2024-03-08 00:00:00-05:00,95.09478711569938,97.3557607121787,86.46670414122495,87.48824310302734,1142269000,-0.05547693630885564,0.04491819291976005,78.30676879882813,66.03302314758301,0.11057394176083046,3.431067884638652,69.80034581273318,-31.686620158563287,144.96354613460505,0.8391978638135926,1.9086271565171087,6.470211433594571,5.703248855889045,0.7669625777055256,134977942.52657104,351754951.3373897,-0.057075173396259976,False,False,False,False,True,False
2024-03-11 00:00:00-04:00,86.38974768743492,88.7566684384213,84.12777497843307,85.73504638671875,678364000,-0.020039226462051696,0.045122753053531243,78.98867797851562,66.75987930297852,0.08453493111214727,2.0376224291257263,65.73761812150026,-37.31649391337574,84.91034801032755,0.7482463905450941,1.4861055146953208,6.1999734403704565,5.802593772785328,0.39737966758512844,-54205411.72893378,338161061.5176865,-0.020242735120714842,False,False,False,False,True,False
2024-03-12 00:00:00-04:00,88.00901063110172,91.9182296909345,86.11087110664366,91.87125396728516,668075000,0.07157175319983233,0.04713651903143142,79.97165107727051,67.6073607635498,0.16793085224164073,2.006717049162647,71.90200105618734,-23.667704956169032,113.01224853796947,0.9157783052393356,2.202261863111965,6.407091589537828,5.923493336135828,0.4835982534019996,539173487.0018998,385976360.5366645,0.06912649887825742,True,False,False,False,True,False
2024-03-13 00:00:00-04:00,91.0136265107917,91.46241999176601,88.39481424748416,90.8467025756836,635713000,-0.01115203447605495,0.04734039317288229,80.90939331054688,68.43435119628906,0.17034180978565394,1.9095103326338116,69.64877920223309,-32.112706461863674,102.19488906404683,0.840851117937321,1.9400012257861348,6.414617759617698,6.021718220832203,0.3928995387854952,369102897.6003136,378886867.2437882,-0.01121468463246566,False,False,False,False,True,False
2024-03-14 00:00:00-04:00,89.5363141970595,90.60482886063097,86.56066146107706,87.904052734375,602318000,-0.03239137753907029,0.048288597853487165,81.61144714355468,69.22955513000488,0.11169142230478446,1.8092007628148743,63.49435256302078,-46.630390678596704,73.22822978893542,0.7169204462177994,1.385939715548821,6.112671976645771,6.039908971994917,0.07276300465085406,63172345.49779603,359376957.50721043,-0.03292758910270164,False,False,False,False,True,False
2024-03-15 00:00:00-04:00,86.89051059382359,89.5053195385714,86.2178197951128,87.7970962524414,642086000,-0.0012167411923178495,0.04796142585471332,82.37022285461425,70.0345938873291,0.06760084151995716,1.928653105158324,63.275494352556684,-47.158064888367484,60.758154234052306,0.6920785134967432,1.2485501968333876,5.797912547249737,5.991509687045881,-0.193597139796144,44336973.332566105,358595705.02199984,-0.0012174820228760667,False,False,False,False,False,True
2024-03-18 00:00:00-04:00,90.34693053361582,92.3630123531095,87.04542992766956,88.41481018066406,668976000,0.007035698839589877,0.047897958088929084,83.16213302612304,70.84341117858887,0.03780215706055157,2.0094234100671793,64.04628508270528,-44.11054777629877,69.93262371915412,0.6929985087838654,1.1902587525797232,5.534509403994264,5.9001096304355585,-0.36560022644129475,97036804.6917252,363302418.6889133,0.007011063792860869,False,False,False,False,False,True
2024-03-19 00:00:00-04:00,86.66061131736247,90.50286685393166,84.97138422754449,89.35739135742188,672171000,0.010660896911182327,0.04615479134245923,84.15914268493653,71.64911117553712,0.03994697379011769,2.019020328036082,65.2449945561983,-41.99714692232649,53.46013065120804,0.7114470620855228,1.1802332539565412,5.340259748546941,5.788139654057835,-0.4478799055108933,173685222.9018324,370468364.4265996,0.01060447023475257,False,False,False,False,False,True
2024-03-20 00:00:00-04:00,89.7562045087411,90.36893262675873,88.18292203943432,90.33094787597656,479063000,0.010895086615281269,0.045088717713744286,85.30378074645996,72.41119384765625,0.018850158732562683,1.438975997789178,66.48779185741815,-39.11238970149715,67.93056265361498,0.7544892261582677,1.1670323448260336,5.204874814864112,5.67148668621909,-0.46661187135497784,215500891.97990838,375687797.3057761,0.010836162759772876,False,False,False,False,False,True
2024-03-21 00:00:00-04:00,92.25807569846366,92.60591719212168,90.36393223327248,91.39346313476562,480372000,0.011762472151270797,0.028531169557062516,85.94852180480957,73.17679565429688,-0.013316181241208924,1.442907880612744,67.83944472234545,-42.65898521596202,90.40942444901951,0.7807316492313504,1.231508630721398,5.124248237154305,5.562038996406134,-0.4377907592518291,257629704.53920996,381338159.57802635,0.011693832003289268,False,False,False,False,False,True
2024-03-22 00:00:00-04:00,91.0995900463856,94.73493865721083,90.7927303211633,94.24616241455078,586719000,0.031213384217410267,0.028970388609783626,86.72195472717286,73.97526359558105,0.0772437423799357,1.7623455755231958,71.19826159558389,-22.248521829674456,111.80837921309738,0.8857008377848412,1.5322133196173424,5.230249029220317,5.495681002968971,-0.2654319737486537,459930156.567361,399651645.1526811,0.030736151822972825,True,False,False,False,False,True
2024-03-25 00:00:00-04:00,93.89833196321345,96.7220457399285,93.4675279762788,94.95884704589844,552136000,0.00756194855142045,0.02894094747880955,87.51727905273438,74.77855010986327,0.1075849497715855,1.658467574234131,71.9854391305146,-18.120020043305168,134.52478266394692,0.8829272837275718,1.5075085424307424,5.310546440556507,5.458654090486479,-0.1481076499299716,450439968.71684796,403826869.1780682,0.007533500344379368,True,False,True,False,False,True
2024-03-26 00:00:00-04:00,95.80744995656973,96.33121396198779,92.45997248331167,92.5189437866211,513648000,-0.025694322700632766,0.029847686255675448,88.21014862060547,75.5352774810791,0.007049972557973128,1.54286000653863,65.39577088970975,-36.565029800557625,110.42754486262207,0.7381862401648368,1.0699148932928355,5.118302312623342,5.390583734913852,-0.27228142229050967,207055483.28282842,390629031.7115336,-0.026030187513146404,False,False,False,False,False,True
2024-03-27 00:00:00-04:00,93.06969894575073,93.1976391484463,89.08251272541551,90.20899963378906,586067000,-0.024967255983374792,0.030410416654801983,88.83939476013184,76.21238258361817,-0.007019549678902948,1.760387143436897,59.81325596782593,-54.027583807848266,47.159860962790844,0.5894463401937515,0.6798008917421198,4.725086413160653,5.2574842705632125,-0.5323978574025592,-15921305.731548458,375996546.8991251,-0.025284224941411488,False,False,False,False,False,True
2024-03-28 00:00:00-04:00,89.95911557929476,91.25852807692272,89.15248296936366,90.31495666503906,435212000,0.0011745727330991773,0.030338455796141625,89.40152511596679,76.89818359375,0.027426539000986017,1.3072594250648113,59.98200780472633,-50.87304534120296,25.274697191702266,0.5734093187321282,0.622185160410521,4.3716165523917425,5.080310726928919,-0.7086941745371762,-7059151.843559394,376507735.0474427,0.0011738834622262262,False,False,False,False,False,True
2024-04-01 00:00:00-04:00,90.25797890351257,92.18309875741171,89.16347516442184,90.32194519042969,452441000,7.737949115727005e-05,0.029355621171434105,89.80573463439941,77.56305488586426,0.028757772702739937,1.3590106925722367,59.99394031772027,-54.465874476545466,25.58432462979446,0.5488130784243967,0.5648225694444452,4.045419973445661,4.873332576232268,-0.8279126027866068,-5599002.2350138,376542744.70180136,7.737649751887398e-05,False,False,False,False,False,True
2024-04-02 00:00:00-04:00,88.40781242384669,90.0530682986896,87.5801933164325,89.41136169433594,433064000,-0.010081531062843374,0.028604912453904254,90.0165885925293,78.16205841064453,0.011271318816785891,1.3008074126087228,57.584580096809894,-62.21508497958044,-36.40947667538969,0.4376540305271914,0.42740613939463407,3.6711120617801924,4.632888473341852,-0.9617764115616598,-61133563.50891807,372176796.5336022,-0.010132693853761143,False,False,False,False,False,True
2024-04-03 00:00:00-04:00,88.44381388856061,90.3329548866708,88.35985240535257,88.92359161376953,370067000,-0.005455347858742021,0.02862795408864299,90.16652069091796,78.74804817199707,-0.004854659889490076,1.1115814215955893,56.280711004763305,-66.36608601090404,-41.75019190845134,0.3622698757170435,0.33758405078211134,3.297104408757434,4.365731660424968,-1.0686272516675341,-78186998.77978238,370157952.3175611,-0.005470282609811708,False,False,False,False,False,True
2024-04-04 00:00:00-04:00,90.36492116364104,90.59282202260623,85.84097663074387,85.865966796875,434965000,-0.03438485514817047,0.028837308901487904,90.0268341064453,79.26850761413574,-0.04942914011299793,1.306517503706965,48.81852365752925,-92.38695993082848,-111.58515018017475,0.07108255648051169,-0.03564990902695483,2.722591539557044,4.037103636251383,-1.3145120966943393,-257011681.59417486,355201743.7980371,-0.034989924926795986,False,False,False,True,False,True
2024-04-05 00:00:00-04:00,86.82653051798945,88.44080224771263,85.88696278429457,87.968017578125,399678000,0.024480604594165012,0.02746076701798865,89.79388999938965,79.80124305725097,-0.03748020305992328,1.2005248763615288,53.39357580753239,-74.49817316733734,-100.26563277698743,0.3088287163016674,0.2526904735260435,2.4091328976387274,3.7115094885288524,-1.302376590890125,-100275233.91665882,364986102.8810238,0.02418575693553856,False,False,False,False,False,True
2024-04-08 00:00:00-04:00,88.65969605555898,88.78964187058105,86.69259552509367,87.09341430664062,283220000,-0.009942286930674893,0.024545940426863637,89.7741485595703,80.31138885498046,-0.075894316804626,0.8507164654624778,51.33735701754363,-81.94118623143277,-86.49249419916576,0.22171567021405256,0.11800240993924759,2.0663222146767453,3.382472033758431,-1.3161498190816858,-121336648.86425109,362170248.3765181,-0.00999204152302762,False,False,False,True,False,True
2024-04-09 00:00:00-04:00,87.40226463843116,87.59517772557601,82.98427507127602,85.3152084350586,501700000,-0.020417225409504303,0.02456236734541423,89.7531566619873,80.79768478393555,-0.10155597830898877,1.5069714381841859,47.34516368673185,-83.03266650751847,-166.3459728045499,0.04621009228108117,-0.12874895311257895,1.6323393341139223,3.0324454938295293,-1.400106159715607,-231449396.99403024,351926926.3885698,-0.020628538184394855,False,False,False,True,False,True
2024-04-10 00:00:00-04:00,83.88787363370758,87.36029436616496,83.67096935278308,86.99945831298828,431929000,0.019741496373553602,0.01863721207283371,89.50956687927246,81.28900009155274,-0.05965789542909772,1.2973981788388622,51.21484265042834,-70.77267237489772,-122.29418290279015,0.24536169268994595,0.1279371531462572,1.408078214714493,2.7075720380065222,-1.2994938232920292,-94460002.34855564,360453851.1757024,0.01954916024823274,False,False,False,False,False,True
2024-04-11 00:00:00-04:00,87.3802819466206,90.69777431894295,86.88651070979101,90.5748291015625,431637000,0.041096471839071835,0.020893982434064585,89.4959732055664,81.84564582824707,0.004055354446436121,1.296521089622299,58.23225427885899,-44.74682819093072,-3.737660271737829,0.6097418132288619,0.6572018868913018,1.501543346869397,2.4663662997790974,-0.9648229529097003,139500329.56806803,378192608.99090385,0.040274457614787214,False,False,False,False,False,True
2024-04-12 00:00:00-04:00,89.65824820701377,90.13403751700548,87.49023484155897,88.14593505859375,426805000,-0.026816435284081064,0.020471208024295293,89.50806732177735,82.37864112854004,-0.024016194953066283,1.2820070653262934,52.687653693249615,-62.4272372001677,-32.472987161875125,0.3610315744345421,0.2987766290782399,1.3639014800659908,2.245873335836476,-0.8819718557704852,-28523163.51440987,366747220.32948166,-0.02718255609461617,False,False,False,False,False,True
2024-04-15 00:00:00-04:00,89.05751457655467,90.5718255697764,85.88995581094821,85.96192169189453,443077000,-0.02477724429660233,0.021229145084791,89.41630859375,82.83797134399414,-0.04827202834640831,1.3308837630383386,48.23986493768544,-77.6904154203427,-70.91713355260134,0.16071044387990266,-0.011609200741011296,1.0662960853116203,2.009957885731505,-0.9436618004198847,-162689295.93763554,355768993.258276,-0.025089366690888962,False,False,False,False,False,True
2024-04-16 00:00:00-04:00,86.39373376393459,88.07796585968008,86.02490572525448,87.37528991699219,370453000,0.01644179419538183,0.021515110713853237,89.36433258056641,83.26294021606445,-0.022771958046051477,1.112740861450361,51.1158590719528,-57.00716421603618,-74.92344460781081,0.30693868143772574,0.1944816438007814,0.9337252659499029,1.7947113617751846,-0.8609860958252817,-64649896.647673056,361859905.24333775,0.016308091448642016,False,False,False,False,False,True
2024-04-17 00:00:00-04:00,88.29986306960333,88.73467063272588,83.91185807695048,83.996826171875,495400000,-0.03866612343520437,0.022962445872947376,89.09630432128907,83.55693161010743,-0.055404480998624384,1.4880479379638143,44.71943143491528,-88.99260236800622,-117.4020225164038,0.04934155170883567,-0.30840259708143286,0.5497114162303802,1.545711372666224,-0.9959999564358437,-294512902.745299,342704707.69353753,-0.039433504164295245,False,False,False,True,False,True
2024-04-18 00:00:00-04:00,84.93140562762866,86.15085269192379,82.3645712871811,84.63253784179688,447260000,0.007568282027955231,0.02286959024822791,88.81138381958007,83.88580612182618,-0.014364584725353735,1.3434483664386265,46.0865450093477,-76.9011538492696,-133.53720083999582,0.1486565414059152,-0.15391473814241677,0.29329338893700196,1.2952277759203796,-1.0019343869833777,-211821287.85464805,346089697.5133608,0.007539786267183456,False,False,False,False,False,True
2024-04-19 00:00:00-04:00,83.11222985815499,84.28569253115833,75.57165807203599,76.1653823852539,875198000,-0.1000461013277254,0.031213492928028837,88.04997978210449,84.00783645629883,-0.1341696166153692,2.628858658074393,34.019066799359024,-96.07483967777038,-243.37595581507844,-0.24454521457707878,-1.1686941490190776,-0.5863889012186547,0.9189044404925729,-1.5052933417112278,-1240195035.4833403,258529549.7235382,-0.10541174066727736,False,False,False,True,False,True
2024-04-22 00:00:00-04:00,78.06850598367505,80.03661304339266,76.3652855243631,79.48186492919922,596341000,0.043543174603524415,0.03214885804792686,87.31176490783692,84.20535202026367,-0.08739523462293575,1.791247467447071,40.581826942751746,-74.1493004989777,-212.7318850945253,0.02705537009638399,-0.6181047266426527,-1.0043534680490467,0.534252858784249,-1.5386063268332957,-780487956.5944501,284496130.00977856,0.04262182147894087,False,False,False,False,False,True
2024-04-23 00:00:00-04:00,80.73230354195947,82.7313949346547,80.22753571063816,82.38555145263672,438559000,0.036532692407557965,0.03350976891764089,86.68310012817383,84.41112579345703,-0.03433921145081553,1.317312910023158,45.67645923361177,-54.952789801585325,-121.65625990921995,0.2228238111830322,-0.1339923341213364,-1.0887398479632964,0.20965431743473995,-1.2983941653980362,-487069983.07635355,300517871.05934477,0.035881193551671804,False,False,False,False,False,True
2024-04-24 00:00:00-04:00,83.91186206206669,84.04380588258387,79.14702921409854,79.64080810546875,512208000,-0.033315833890435465,0.033781417193564686,86.03919334411621,84.55970611572266,-0.08458271292961539,1.538534635059688,42.00971994899427,-73.09851407320213,-122.5026084873218,0.09221378398788214,-0.41332390357072535,-1.3614011266107866,-0.10455677137436536,-1.2568443552364212,-618328485.5463332,283453234.4139926,-0.033883448967573046,False,False,False,False,False,True
2024-04-25 00:00:00-04:00,78.83216944223621,83.28514753299602,78.18746579696108,82.59446716308594,424641000,0.03708725624312659,0.03486797671753628,85.65846672058106,84.76975830078125,-0.08810794364876029,1.2755069931871055,46.94547227680947,-53.5716308375853,-99.32713963817397,0.3019954897754018,0.062233723665710415,-1.3238905668054741,-0.34842353046058716,-0.975467036344887,-350818025.3417685,299202003.9923301,0.036416068661405204,False,False,False,False,False,True
2024-04-26 00:00:00-04:00,83.77993152652552,88.29088225677599,83.34912752628662,87.69515228271484,551011000,0.061755772448503166,0.0378292659358225,85.52747650146485,85.04640182495118,-0.00511405064316639,1.6550883777662078,54.195780571661366,-19.850581518848834,18.7625750492222,0.6444621454193719,0.7673323307725601,-0.8725226193317184,-0.45324334823481344,-0.41927927109690494,100803636.6287474,333230113.92495227,0.059923926926865434,False,False,True,False,False,True
2024-04-29 00:00:00-04:00,87.55520360857133,87.9520187834122,85.22725937914602,87.71713256835938,388971000,0.0002506442496805761,0.037829492191889635,85.39723587036133,85.34831283569336,0.020418469502762937,1.1683639371774783,54.224811015000476,-19.70526804058553,36.86712128826995,0.6599627589383991,0.7947052680562032,-0.5071900722358151,-0.4640326930350138,-0.043157379200801316,87624501.92284621,333327607.26939476,0.00025061284365834343,False,False,True,False,False,True
2024-04-30 00:00:00-04:00,87.20036391885291,88.77864894371163,86.26079615525377,86.36274719238281,363709000,-0.015440374489226083,0.037917789157517486,85.24480514526367,85.62403564453125,-0.011588433361094497,1.0924837050239826,52.03630260693784,-28.659221281910856,44.38542437144151,0.5794863022740983,0.6298741124055083,-0.32322306308205384,-0.43587076704442185,0.112647703962368,4734980.118002534,327711804.1042928,-0.015560818480143774,False,False,False,False,True,False
2024-05-01 00:00:00-04:00,85.0383433055248,85.96092040406639,81.21807385271738,83.00326538085938,559863000,-0.03889966357878605,0.03884887743467508,84.94878883361817,85.89575698852539,-0.01182855158101559,1.6816773974409265,46.97216527716746,-50.45650450274726,-42.54670939266564,0.3587093666678539,0.2384014791571088,-0.4433987638029748,-0.4373763663961325,-0.00602239740684235,-264634240.67670444,305933321.7540829,-0.03967646711527995,False,False,False,False,False,True
2024-05-02 00:00:00-04:00,84.41063276835533,86.19782250273573,83.16219963332766,85.77801513671875,377898000,0.03342940477254075,0.03889821106826933,84.94439125061035,86.26255355834961,0.013534715183220802,1.1351036327425303,51.19674977690816,-31.958379356629006,2.277645199945374,0.5605603228574387,0.6055839813000798,-0.3111529788427987,-0.4121316888854657,0.10097871004266701,-77033294.40292582,318566226.9588165,0.032882790861852126,False,False,False,False,True,False
2024-05-03 00:00:00-04:00,87.74911915331617,89.24043810826264,87.00045887297132,88.74866485595703,398341000,0.034631830947632114,0.039289375112097534,84.98342361450196,86.46755401611328,0.16520999536318648,1.1965088890925388,55.30235386548253,-3.5977845206539953,85.73226618338524,0.7705238514058318,0.9845900487699628,0.032979200411006104,-0.32310951102617136,0.35608871143717746,103018830.48479159,332361505.1303272,0.03404564454318318,False,False,True,False,True,False
2024-05-06 00:00:00-04:00,89.34938632493116,92.17810238522513,89.01453944248995,92.09813690185547,376203000,0.03774109786704716,0.04001842807436393,85.2336597442627,86.73396667480469,0.15873145382150455,1.1300123100641923,59.44503881403149,-0.48153284268175384,144.69422800652188,0.9529732395716691,1.3827048040240364,0.5694169490671612,-0.1446042190075048,0.714021168074666,268313487.85598278,346559819.37120396,0.037046329612166806,False,False,True,False,True,False
2024-05-07 00:00:00-04:00,91.05660706952696,91.73929539036573,88.97055735995299,90.51285552978516,437342000,-0.01721295810532708,0.039923634348964565,85.49354209899903,86.96317657470703,0.09864962889543571,1.3136573703774133,56.76351760470582,-10.027714687348242,113.0987657433005,0.8169035248541526,1.1633607660189946,0.856752660366908,0.05566715686737775,0.8010855034995302,130938685.90170318,339031869.847504,-0.017362823307389558,False,False,True,False,True,False
2024-05-08 00:00:00-04:00,89.44235467047578,91.15257599630715,89.37937974936176,90.37093353271484,325721000,-0.0015679761315630092,0.03975790365039981,85.66211585998535,87.19736419677734,0.13473149861859923,0.9783780024253362,56.517719634172444,-10.882334703492187,99.60043888615861,0.7878387892359338,1.132613169202925,1.0607882559452264,0.2566913766829475,0.8040968792622789,105629305.80035427,338521147.09395516,-0.0015692066926327269,False,False,True,False,True,False
2024-05-09 00:00:00-04:00,90.48786834493905,91.0306209060013,88.19091589664993,88.70668029785156,378013000,-0.018415802181138363,0.03894914115018402,85.5687084197998,87.41901626586915,0.07400269466835874,1.135449061714807,53.58732922656056,-21.953217557117306,78.5260146007035,0.6962796649370366,0.9154231102522971,1.0757955071819367,0.42051220278274537,0.6552833043991914,666639.5331074595,331559734.4640565,-0.018587484106558617,False,False,False,False,True,False
2024-05-10 00:00:00-04:00,90.26398912545034,91.35949205828037,89.18647576081177,89.8371810913086,335325000,0.012744257700334716,0.038534436904235546,85.65327072143555,87.63431289672852,0.024425851975126367,1.0072258272057246,55.28340678308621,-16.73205703792065,92.37252104660766,0.7571417820369447,1.06213459497192,1.1654759467208748,0.5695049515703713,0.5959709951505036,54726430.82351767,335833202.6774212,0.012663733077513258,False,False,True,False,True,False
2024-05-13 00:00:00-04:00,90.43689190742707,90.95665993755156,88.48877985590597,90.3579330444336,289680000,0.005796619470903819,0.038033251686920296,85.8730712890625,87.79671646118165,0.0301058687026301,0.8701205625138428,56.07960302496481,-13.009910802188754,82.85049384075003,0.7672602893780441,1.1357534477373483,1.2639980885266482,0.7084035789616268,0.5555945095650214,68458572.96033658,337512367.40575266,0.005779883714986399,False,False,True,False,True,False
2024-05-14 00:00:00-04:00,89.55830082348145,91.60937070385219,88.89360196869727,91.31450653076172,296507000,0.01058649145789703,0.03794838098055693,86.07003211975098,87.9191209411621,0.057336751080281134,0.8906270285462994,57.57396555602286,-6.17267019277617,88.7813114473174,0.8013572365610583,1.2394051182354828,1.4030911206054668,0.8473410872903948,0.555750033315072,99197453.21038756,340651336.22845936,0.010530846932877638,False,False,True,False,True,False
2024-05-15 00:00:00-04:00,92.42999634545237,94.81891011999194,91.55739179218557,94.5870132446289,417735000,0.03583775281931523,0.03730412650956438,86.59954147338867,88.09236221313476,0.13955773680249406,1.2547632324693458,62.299816961486094,-1.7050192415080347,129.54008704531452,0.9251508877559905,1.6652732470129132,1.7571321671226485,1.0292993032568456,0.7278328638658029,280317901.6256621,355622019.902436,0.03521052232501734,False,False,True,False,True,False
2024-05-16 00:00:00-04:00,94.86688376052464,95.77546736350578,94.06024356723809,94.31613159179688,323952000,-0.002863835568329587,0.03736320817401748,87.08372116088867,88.20549087524414,0.0995373516333935,0.9730644037126637,61.687287442245385,-10.024705113778797,131.97787516990445,0.8644763852351373,1.5848969718310189,1.9928816624059493,1.2220157750866665,0.7708658873192828,227736393.79367578,354694274.6424045,-0.002867944191566636,False,False,True,False,True,False
2024-05-17 00:00:00-04:00,94.32612955185614,94.69695556940256,91.76429043608688,92.43698120117188,359691000,-0.01992395530764579,0.028665083249322976,87.89730110168458,88.20169250488281,0.041559119240848874,1.0804147171056566,57.466245136719785,-22.933268650461187,95.08675964951121,0.7575362093255139,1.2686530306947303,2.004971045926709,1.3786068292546751,0.6263642166720338,98643554.22967969,347527807.2338421,-0.020125113703130575,False,False,False,False,True,False
2024-05-20 00:00:00-04:00,93.70742273768889,95.1567611589933,93.3975659668004,94.73695373535156,318764000,0.02488151932584448,0.02781067664158435,88.6600555419922,88.3466667175293,0.028652228180339412,0.9574810514676975,60.98509234108105,-7.133925639810339,115.1799479917011,0.8617562292348082,1.543545980788928,2.175067704734488,1.5378990043506378,0.6371687003838502,189287110.03761888,355459139.86022556,0.024577015007613234,False,False,True,False,True,False
2024-05-21 00:00:00-04:00,93.55647591838027,95.35666020460762,93.13766755607001,95.34266662597656,328946000,0.006393628533983398,0.027056979061454017,89.30791130065919,88.53881912231445,0.05336049854931435,0.9880650323000502,61.87953745711284,-3.4313133344003655,111.25825755003805,0.8608399283448918,1.5425287819501372,2.3318661984401956,1.6966924431685495,0.6351737552716461,190709927.53503492,357562298.39196527,0.006373275996048766,False,False,True,False,True,False
2024-05-22 00:00:00-04:00,95.4156317928307,95.97637393636285,93.20663672986655,94.9068603515625,548648000,-0.00457094698351268,0.025482641546689278,90.07121391296387,88.59953125,0.05019232004730401,1.6479905633184715,60.799510630431726,-11.915371048489341,108.49504556277195,0.825507170243006,1.3866874163628156,2.3933748744849623,1.8360289294318322,0.5573459450531302,129307903.48078328,355054457.471355,-0.0045814257056575915,False,False,True,False,True,False
2024-05-23 00:00:00-04:00,101.98164718121453,106.27169708469262,101.47387473907386,103.75184631347656,835065000,0.09319648684141146,0.031177002976596587,91.1290828704834,88.85763412475586,0.1696057835228153,2.5083099542102394,71.62435352096857,-13.936625552896473,262.81788863694413,1.2194897254380845,2.7327188651380148,3.119873431031877,2.092797829751841,1.027075601280036,1165997946.1672094,432879581.7555783,0.08910596141989739,True,False,True,False,True,False
2024-05-24 00:00:00-04:00,104.40155233715765,106.4266330182304,102.95321303565972,106.42063903808594,429494000,0.02572284561130478,0.029118560125737953,92.06535720825195,89.22796585083007,0.1845945937453477,1.2900840958171789,73.96082119801784,-0.032869451223136566,226.90506129533944,1.1611759370301353,3.099181122908157,3.8664084897650355,2.4475199617544803,1.4188885280105552,1163174019.9238052,443927389.60856,0.025397579273498137,True,False,True,False,True,False
2024-05-28 00:00:00-04:00,110.19392203047549,114.88678889703833,109.83308596330244,113.84925842285156,652728000,0.06980431100500217,0.031899038369483025,93.37196350097656,89.74900909423827,0.25998077409391485,1.9606188018797832,79.11563738292843,-3.886482656595165,268.42030458347824,1.2201261697006756,4.045551742795079,4.999835412745071,2.9579830519525987,2.0418523607924723,1689701713.3317327,489490617.9222331,0.06747574483675141,True,False,True,False,True,False
2024-05-29 00:00:00-04:00,112.99863970593697,115.43952391941134,110.85061401228768,114.7728271484375,557442000,0.008112206775697128,0.03119781124544535,94.7924674987793,90.27616943359375,0.25689588115742845,1.6744053666419552,79.65488936467517,-2.44671863757934,219.36213328424463,1.1015021076471594,3.8573575711879307,5.904544775950029,3.547295396752085,2.357249379197944,1521863753.9312105,494012702.6916913,0.008079479699714617,True,False,True,False,True,False
2024-05-30 00:00:00-04:00,114.59791471662285,115.76638234537347,109.61318085591911,110.44979858398438,484553000,-0.0376659586755852,0.03108712976152153,96.16479415893555,90.698017578125,0.1677057430530109,1.4554664765526446,70.48113730471191,-19.49065634870935,157.0702964671142,0.9197481170072477,2.8518971521344856,6.201217414049381,4.078079800211545,2.1231376138378364,1005206580.5136871,475761549.41756046,-0.03839365228503832,True,False,True,False,True,False
2024-05-31 00:00:00-04:00,112.46887260592086,112.66578932071855,106.891413703224,109.58319091796875,613263000,-0.007846167916337743,0.03115758380425341,97.35505294799805,91.08306243896484,0.16187113560009192,1.8420765897850275,68.77127652799047,-22.667649877925278,112.57296317291711,0.8539905350586743,2.4273796999009143,6.293853001435949,4.521234440456426,1.7726185609795229,785683009.4283404,470949784.9426834,-0.007877111054804964,False,False,False,False,True,False
2024-06-03 00:00:00-04:00,113.5693901392368,114.94776153564453,111.95212126824974,114.94776153564453,438392000,0.04895432020857626,0.031843565660338725,98.66500778198242,91.55414840698242,0.2435256976369895,1.3168112870808084,73.11872836583109,-3.046282514329815,125.7418761499515,0.9424796396593538,3.0295482747543505,6.722648875568382,4.961517327478817,1.7611315480895646,1009411842.6848806,492410967.28756154,0.047793782430328356,True,False,True,False,True,False
2024-06-04 00:00:00-04:00,115.66342877373349,116.54702219377492,113.99318273263192,116.38409423828125,403324000,0.012495525649634631,0.031327644235682295,99.87930564880371,91.99690704345703,0.2284973249551716,1.2114764766477946,74.15612065979428,-0.6519822537403726,118.80893838221802,0.9195959526258115,3.0856308825455043,7.096567922742096,5.388527446531473,1.7080404762106234,947968358.1525052,497450712.67467475,0.012418100877320882,True,False,True,False,True,False
2024-06-05 00:00:00-04:00,118.31723225166974,122.39337512542777,117.41464256080789,122.38438415527344,528402000,0.05155592743375559,0.0316985483568918,101.47288208007812,92.54541778564453,0.28362661215864526,1.5871770418166238,77.97931145629147,-0.029354354677983772,134.19408843006843,0.9872893490918796,3.669646886412364,7.787307478176814,5.868283452860542,1.919024025316272,1265482191.661934,524692967.8425261,0.05027090298559836,True,False,True,False,True,False
2024-06-06 00:00:00-04:00,123.99164893221229,125.5299513206976,118.26625399255828,120.94303894042969,664696000,-0.011777198739792327,0.03207062478896463,103.00148735046386,93.1138996887207,0.2743339995909846,1.9965674448381014,75.10510357511592,-13.584547910799168,123.22497251685976,0.9002969730024086,3.0149672158211342,8.124761842325569,6.319579130753548,1.8051827115720211,947833821.5779746,516864710.9489811,-0.011847099308841022,True,False,True,False,True,False
2024-06-07 00:00:00-04:00,119.71559570112827,121.63672740368239,117.96839619109423,120.83309173583984,412386000,-0.0009090825363169408,0.03133675305349109,104.60780792236328,93.72638153076171,0.1646355802744357,1.2386962796631924,74.87838031068294,-14.499933437810698,102.88873814705345,0.857615777047579,2.76124556688304,8.287788568944052,6.713221018391648,1.5745675505524037,805951748.7936943,516489818.0381595,-0.0009094960024480777,True,False,True,False,True,False
2024-06-10 00:00:00-04:00,120.31532701339275,123.04408269345652,116.95685261798424,121.73468017578125,313434100,0.0074614364905303265,0.03138809593341087,106.20268287658692,94.35477600097656,0.1439010447232394,0.9414714699082438,75.53069491024245,-11.716590199363454,95.75083447233041,0.840731116563705,2.5662365313878825,8.392989913282136,7.049174797369746,1.3438151159123901,731185579.1436578,518828486.669276,0.007433737669941331,True,False,True,False,True,False
2024-06-11 00:00:00-04:00,121.7246784169854,122.8242751394822,118.6958072896019,120.86500549316406,222551200,-0.007144017476050424,0.03173578842792752,107.72803649902343,94.96563720703125,0.06162312488900956,0.6684837590863392,73.54685446016754,-14.43213942191689,88.85541109911192,0.7928855054353833,2.216914248746889,8.310390252104241,7.301417888316645,1.0089723637875965,599080904.3765533,517238577.00716,-0.007169658160209545,True,False,True,False,True,False
2024-06-12 00:00:00-04:00,123.01420873797917,126.8327870669311,122.52439319522972,125.15341186523438,299595000,0.03548095955957131,0.03203560524018417,109.41998176574707,95.68047821044922,0.0904446198172979,0.8999025473844751,76.78486503204292,-6.622425993609765,107.43295748519158,0.8523890906958521,2.5031127787267495,8.493065211037703,7.539747352860857,0.9533178581768453,697038647.6142465,527868495.08640975,0.03486601400658188,True,False,True,False,True,False
2024-06-13 00:00:00-04:00,129.34184822861945,129.75169931207168,127.11268237111577,129.561767578125,260704500,0.03522361593815404,0.03201624101968829,111.16871948242188,96.49324172973633,0.17303760839009752,0.7830859782860057,79.55529496938205,-0.7087405310420725,125.02941433756145,0.9020355576598693,2.850635337351074,8.891063253269834,7.810010532942653,1.0810527203271816,761644293.9481105,537051450.2677583,0.03461745742754374,True,False,True,False,True,False
2024-06-14 00:00:00-04:00,129.9116488754234,132.7905668615139,128.27225972601377,131.8309326171875,309320400,0.01751415623203978,0.03169594637925402,113.04445953369141,97.41254104614258,0.2030214808754096,0.9291150250103799,80.82385603110376,-3.7052726722813016,131.13470038420832,0.9050573942209379,2.826186520640795,9.282578437584675,8.104524113871058,1.1780543237136172,753109257.3196416,542468936.0791153,0.017362550996592924,True,False,True,False,True,False
2024-06-17 00:00:00-04:00,132.94052101290185,133.68023590303568,129.53178618492996,130.93125915527344,288504400,-0.006824448891115331,0.03101320313781041,114.96917343139648,98.27180587768555,0.13905009898494214,0.8665893772981176,78.73784050403123,-10.261655877433713,124.54972029633515,0.8562089610455297,2.456222479962829,9.411767910526706,8.365972873202189,1.0457950373245168,608442255.9417729,540500052.5464534,-0.006847841932942933,True,False,True,False,True,False
2024-06-18 00:00:00-04:00,131.09119107562512,136.2792618770274,130.64136160940566,135.529541015625,294335100,0.035119816994186204,0.031216550746810564,117.00880279541016,99.24052841186523,0.1645022621230865,0.8841032269385811,81.38263293738589,-2.5511254072379375,132.31559049507837,0.9191784645111697,2.6674323861176017,9.77254262707028,8.647286823975808,1.125255803094472,714869898.1207716,550837047.3934189,0.03451718522883148,True,False,True,False,True,False
2024-06-20 00:00:00-04:00,139.74798663394793,140.70762089792785,129.47181280958608,130.73133850097656,517768400,-0.03540337020764539,0.03339389363843172,118.77823638916016,100.14885101318359,0.06820277279095555,1.5552365764287917,71.40191563999892,-29.501482349900357,119.66877811728878,0.7918700684323238,1.768050589096578,9.561070279865291,8.830043515153704,0.7310267647115865,257837392.8341617,532506301.0463987,-0.03604526524477019,True,False,False,False,True,False
2024-06-21 00:00:00-04:00,127.07268651484108,130.5813821684496,124.25373647196925,126.52288818359375,649445800,-0.0321915951113082,0.034847404333859494,120.35903778076172,100.9393196105957,0.04613617527762304,1.950759958637989,63.989388569290966,-49.32876457376612,63.618291575187136,0.6758005721434014,1.1420597961047168,8.950711916652878,8.85417719545354,0.09653472119933859,-169448003.7325663,511599604.80605906,-0.03272114013005283,False,False,False,False,True,False
2024-06-24 00:00:00-04:00,123.19412790624048,124.41367504218907,117.99606639814192,118.0660400390625,476060900,-0.06684046077307182,0.034327485519679714,121.07474746704102,101.4891438293457,-0.022899783966684795,1.429958499374642,52.25070061440535,-84.75409708701444,-7.540928228252152,0.4050785338187765,0.22230425329380976,7.695888140023527,8.622519384367537,-0.9266312443440103,-720380394.4634678,479779474.8940158,-0.06917909679695654,False,False,False,True,False,True
2024-06-25 00:00:00-04:00,121.15489584492173,126.45292665252727,119.27559817857062,126.04307556152344,414192600,0.06756418289138622,0.03671767316333258,122.0558692932129,102.2470866394043,0.03539168443635776,1.2441228186311484,59.75108399911153,-61.74345673183096,23.194448548287426,0.6377983286679959,0.8987447602568324,7.261406383601141,8.350296784214258,-1.088890400613117,-145464754.77719337,507764059.47267455,0.06537958880165597,False,False,False,False,False,True
2024-06-26 00:00:00-04:00,126.08305489542055,128.0723121328984,122.55436989135586,126.35295867919922,362975900,0.0024585493197086805,0.033835899154013284,122.68105430603028,103.0549073791504,0.04540564213473308,1.090281670418974,60.013848769454036,-60.43872791622686,36.505650763340725,0.6304854397977133,0.8658762540933405,6.862969399966843,8.052831307364775,-1.1898619073979315,-108615489.30428395,508656453.6246902,0.002455532031752239,False,False,False,False,False,True
2024-06-27 00:00:00-04:00,124.05381495953473,126.36296048467365,122.87425378862146,123.94385528564453,252571700,-0.019066458108600526,0.034279620813268546,123.13960571289063,103.78627868652343,-0.009664591332853911,0.758657241366603,56.90360155251516,-70.58199303152446,16.881323052539464,0.5295696377725372,0.5893447299758714,6.280414006465904,7.698347847185001,-1.4179338407190976,-180023467.91594002,503840805.8872222,-0.019250566980294266,False,False,False,False,False,True
2024-06-28 00:00:00-04:00,124.53364006899224,127.66247251115811,122.70431926304767,123.49402618408203,315516700,-0.0036292973179332666,0.03289793786840469,123.79181709289551,104.57622268676758,-0.046832808068816734,0.9477270384096638,56.31671048119423,-72.47594903438083,13.220491591302746,0.48788534056855454,0.4859974021062364,5.716540490561698,7.301986375860341,-1.5854458852986433,-174581343.02637216,502695701.974149,-0.0036358991957362546,False,False,False,False,False,True
2024-07-01 00:00:00-04:00,123.42405307864779,124.79353836567705,118.78578041896601,124.25374603271484,284885500,0.006151875293954445,0.0327338927220376,124.52534484863281,105.36864685058593,-0.05747654540589042,0.8557191781001013,57.1210737984883,-72.44715400422325,-26.10690375933933,0.48696705962200904,0.4970650505926373,5.270217917700776,6.8956326842284295,-1.625414766527653,-118722127.03150713,504448282.04320484,0.006133029759894676,False,False,False,False,False,True
2024-07-02 00:00:00-04:00,121.0849085676254,123.36406628074265,120.9849473163218,122.62433624267578,218374000,-0.013113566729892057,0.03144485235143547,124.90917358398437,106.29782592773438,-0.06344491732678093,0.6559365773211748,54.79080441144123,-79.62151888556336,-40.729707282616175,0.3798171071830758,0.29904646508334926,4.730494119043669,6.462604971191478,-1.7321108521478088,-152593356.52557617,501584620.0221314,-0.013200308711808106,False,False,False,False,False,True
2024-07-03 00:00:00-04:00,121.61472281837746,128.2322540283203,121.31483142526585,128.2322540283203,215749000,0.04573250267831308,0.032783589133386776,125.50158157348633,107.27283370971679,-0.05384277798493686,0.6480517855626866,60.72880081250616,-54.92960365053448,13.165766913214863,0.6559726271570039,0.7796647904991372,4.701080093092557,6.110299995571695,-1.4092199024791379,42048930.74022354,511451361.74247473,0.044717599360185344,False,False,False,False,False,True
2024-07-05 00:00:00-04:00,127.33259117942191,128.80205294716893,125.63322690650442,125.78317260742188,214176700,-0.019098794133007746,0.03131859244576979,125.67152099609375,108.1407861328125,-0.03784988320545435,0.6433290205791168,57.19564813362624,-65.71301973471982,23.45444002679857,0.506464158028198,0.5250423512873033,4.429093035274676,5.774058603512291,-1.3449655682376154,-38891798.902571015,507360845.04108775,-0.019283532065092663,False,False,False,False,False,True
2024-07-08 00:00:00-04:00,127.44253270774867,130.72131795385047,126.99270329559334,128.1522674560547,237677300,0.01883475189504824,0.03136629812378561,126.031982421875,109.11101531982422,0.012878138460581168,0.7139184823694124,59.641693683209446,-55.28178814000383,53.15254903114185,0.6259724892174553,0.7227594845157564,4.35451139060433,5.490149160930699,-1.135637770326369,47104181.9502185,511837438.0176727,0.018659574156888344,False,False,False,False,False,True
2024-07-09 00:00:00-04:00,130.30150022676182,133.77021018974597,128.60212062869667,131.33111572265625,285366600,0.02480524402497708,0.031707005769052096,126.55688362121582,110.08574829101562,0.11235301598330016,0.8571642726962951,62.72008327348416,-41.2851756816557,92.04824345399126,0.7854539582729436,0.9719899144326721,4.500037754188597,5.292126879582279,-0.7920891253936819,169966030.49389893,518916026.16725075,0.024502588707686394,False,False,False,False,False,True
2024-07-10 00:00:00-04:00,133.98010966299657,135.0497187053357,132.3707083327198,134.8597869873047,248978600,0.02686850899904214,0.032092143849900605,127.213138961792,111.02904098510743,0.06994998643521422,0.7478645384075845,65.83533997214093,-25.74827676669285,129.11070111049716,0.9347323900666581,1.2717129864209955,4.844261099997908,5.202553723665405,-0.3582926236674968,271194259.185113,525605709.92191964,0.026513888668581696,False,False,False,False,False,True
2024-07-11 00:00:00-04:00,135.6994755480004,136.09932057175976,127.00271662980028,127.35258483886719,374782700,-0.05566672108969151,0.034825755887896485,127.53751792907715,111.82175003051758,0.007911379124931672,1.1257461120700663,55.25617649813268,-48.315820178006064,49.308666630353876,0.4888577786926801,0.4796006495743063,4.459881372195412,5.054019253371407,-0.5941378811759952,-169486276.5037898,504742785.8917781,-0.05727612545089123,False,False,False,False,False,True
2024-07-12 00:00:00-04:00,128.21226350748265,131.87090512655513,127.17265724708656,129.19190979003906,252680500,0.01444277674849781,0.03410963141706439,127.73944282531738,112.6783332824707,0.04234219189244781,0.7589840472116786,57.076113353998885,-38.155630559432666,31.22238539042311,0.5879931941859576,0.6317452743241193,4.254631081592393,4.894141619015604,-0.6395105374232113,-78879444.38545059,508392193.9419769,0.01433947331930427,False,False,False,False,False,True
2024-07-15 00:00:00-04:00,130.51140270339172,131.34109560506872,127.13266349593106,128.39219665527344,208326200,-0.006190117756330937,0.03324179286756546,127.6809642791748,113.58611190795898,0.039663217910558046,0.6257556970808179,56.00940755529415,-44.515008764644165,22.20927643464789,0.5432764715495046,0.5547337610918911,3.9815418450806135,4.711621664228606,-0.7300798191479929,-91411123.53835915,507102630.23224795,-0.006209355967533888,False,False,False,False,False,True
2024-07-16 00:00:00-04:00,128.3922007361648,128.9919682814133,124.53363670793642,126.31297302246094,214769500,-0.0161943146622463,0.03316542509448029,127.40506629943847,114.39681106567383,0.01657275579606199,0.645109631837948,53.22423961838639,-56.52424323929892,-19.454034771275868,0.43182377249338644,0.381459786703486,3.5563453518047936,4.480566401743844,-0.9242210499390504,-142145794.46249703,503624585.36939466,-0.01632687568074098,False,False,False,False,False,True
2024-07-17 00:00:00-04:00,121.30483311779221,121.80464702237855,116.67655910688254,117.94608306884766,390086200,-0.06623935573209483,0.036180815197774566,126.75580749511718,114.98075942993164,-0.03815109885341017,1.1717136970895035,43.788105566742665,-93.46373086926471,-156.30448996444764,0.0008348086634878449,-0.3313357219783308,2.515241831123191,4.087501487619713,-1.5722596564965219,-588097582.085452,477785526.8014136,-0.0685351431163833,False,False,False,True,False,True
2024-07-18 00:00:00-04:00,121.80464878579994,122.35444713942657,116.51661668353269,121.04492950439453,320979500,0.026273415402341183,0.035721047761150315,126.03157691955566,115.55969528198243,-0.05604927230194712,0.9641358157118614,47.50055087439092,-76.87595723906024,-122.75388381528171,0.19516482507393265,0.02081763378046836,1.9181001350644493,3.6536212171086606,-1.7355210820442113,-361988473.293442,486218754.5405494,0.025934197994212822,False,False,False,False,False,True
2024-07-19 00:00:00-04:00,120.30519809175082,121.55473277825956,117.32631166998449,117.88610076904297,217223800,-0.02609633256250421,0.03536330132449682,125.38931503295899,116.10716018676757,-0.0627832139599962,0.6524816868523698,44.289526599267646,-93.00666499719888,-129.67777729346028,0.0641858618628292,-0.2507468943845333,1.1764090480380673,3.158178783294542,-1.9817697352564747,-408300517.31470186,480550010.0152585,-0.02644288429921131,False,False,False,True,False,True
2024-07-22 00:00:00-04:00,120.30521088452835,124.02382772725001,119.81539537076715,123.49402618408203,258068900,0.047570709171438796,0.03656045089955353,125.2378719329834,116.76962203979492,-0.0363492692282642,0.7751693469874643,50.665630130577256,-64.36952966058946,-54.60137900677864,0.3989627750128744,0.32052108666151413,1.0292615451796223,2.7323953356715585,-1.7031337904919361,-143224565.82100528,492826530.6033516,0.04647387332490806,False,False,False,False,False,True
2024-07-23 00:00:00-04:00,122.73430428762777,124.64359711208203,122.05455705517221,122.54437255859375,173911000,-0.007689875007174107,0.03315104071453514,125.46178855895997,117.44637588500977,-0.06690526548649944,0.5223817217182578,49.629752847953995,-69.2189806399264,-47.14809262420787,0.3196725611391557,0.19877001695949328,0.8264897190244653,2.35121421234214,-1.5247244933176747,-146357515.22690347,491489176.75097895,-0.0077195945537574555,False,False,False,False,False,True
2024-07-24 00:00:00-04:00,119.12564059736765,119.90534904476712,113.39777769436101,114.20747375488281,327776900,-0.06803167399404408,0.03298480396614263,124.87000846862793,117.93378173828125,-0.15313915062290606,0.9845533713305841,41.59054193825091,-96.43329942420822,-164.60935931918357,-0.06416640169786972,-0.6385823339064733,-0.006847539017329041,1.8796018620702462,-1.8864494010875752,-515826848.1222143,469189965.54740053,-0.07045644984619842,False,False,False,True,False,True
2024-07-25 00:00:00-04:00,112.99792419777776,116.5865842364698,106.26043515376628,112.23820495605469,460067000,-0.017242906563669003,0.03306348101429578,124.16427078247071,118.37138717651368,-0.11868137503401255,1.3819171390294673,39.94459989438614,-79.96651108595469,-194.82950697579997,-0.04713775188820892,-0.7110972605268377,-0.8167617332412931,1.3403291430079383,-2.1570908762492316,-571565239.600535,461257073.253373,-0.017393296760318862,False,False,False,False,False,True
2024-07-26 00:00:00-04:00,116.14675363558489,116.15674442221705,111.53846898200278,113.01791381835938,293399100,0.006946911371310538,0.03300831442865882,123.61797370910645,118.80545532226563,-0.12519356667120596,0.8812917354772688,40.941190528837055,-77.35344812672463,-140.20799018279905,0.0558941461490066,-0.5666509134955297,-1.379803067526467,0.7963027009010573,-2.176105768427524,-457232222.73442733,463295290.7974953,0.00692289275515011,False,False,False,False,False,True
2024-07-29 00:00:00-04:00,113.64769415647501,116.23672666024935,111.25858417462841,111.54846954345703,248152100,-0.013001870458023257,0.033068082570817406,123.0206958770752,119.14468444824219,-0.13118964820767853,0.7453819554024833,39.607225358712626,-82.2780431788449,-128.2957534268664,0.06022664537078937,-0.6545342997536053,-1.9224286924711436,0.2525564222266171,-2.1749851146977606,-444005574.15093684,460068849.3394089,-0.01308713464469965,False,False,False,True,False,True
2024-07-30 00:00:00-04:00,111.4784845370564,111.94831080491622,102.50183151527264,103.69139099121094,486833300,-0.0704364531795314,0.036062911444472025,121.992578125,119.33218963623047,-0.1790915176007094,1.4623158825133609,33.350112559129414,-96.45937982466994,-177.9408234518311,-0.09027375489790992,-1.2899470198915979,-2.952430206866566,-0.38844090359201955,-2.5639893032745467,-927017274.9792585,425778038.3977221,-0.07304010748677571,False,False,False,True,False,True
2024-07-31 00:00:00-04:00,112.85797146215744,118.29594108970943,110.83871919064549,116.97643280029297,473174200,0.1281209720699772,0.04719604036671878,121.71018295288086,119.8229786682129,-0.008221131582544228,1.42128763142446,48.239705295558224,-50.71481832692288,-68.26740685678665,0.3487718409130187,0.038678095688421454,-2.665990107085875,-0.8439507442907908,-1.8220393627950844,103433625.72905588,486401576.86015594,0.12055339206844842,False,False,False,False,False,True
2024-08-01 00:00:00-04:00,117.4862607613273,120.11528690507727,106.77024891874801,109.16935729980469,523462300,-0.06674058452284015,0.04798929217637702,120.75703811645508,120.11162673950196,-0.09810879524828586,1.5723395157787556,42.264301824417615,-76.88038861265134,-91.2327932455666,0.14359428832926435,-0.5494590814286057,-3.033976221460918,-1.2819558397248163,-1.7520203817361018,-495158277.62641585,451465396.98248565,-0.06907207232629815,False,False,False,False,False,True
2024-08-02 00:00:00-04:00,103.721391272762,108.67954465712373,101.33228124257988,107.2300796508789,482027500,-0.017763937581862566,0.047972414655049714,119.82938346862792,120.349375,-0.0903925148821475,1.4478805559484305,40.90875311550499,-78.67727715061027,-134.4143119407578,0.13157324448249874,-0.5870383214163546,-3.442409414444441,-1.7140465546687413,-1.7283628597756997,-557962117.5251524,442902690.5597444,-0.01792361008874151,False,False,False,False,False,True
2024-08-05 00:00:00-04:00,92.02573599453234,103.37151801623692,90.65625074239716,100.41261291503906,552842400,-0.06357793221861108,0.04917257863296736,118.44240074157715,120.45949005126953,-0.18690307525189498,1.6605894092429678,36.479249665322406,-71.29413380344363,-177.6029511604982,0.015511612179565424,-0.9215666298069155,-4.267020693692885,-2.2246413824735702,-2.0423793112193147,-1016679625.3303971,407754113.92497015,-0.06568897702475607,False,False,False,False,False,True
2024-08-06 00:00:00-04:00,103.80134584558614,107.66990813072123,100.51257713442128,104.21119689941406,409012100,0.037829749411949276,0.049754423529970886,117.08640480041504,120.46867706298828,-0.1496043863655494,1.2285619943626351,40.354500934067964,-60.11766847114819,-112.78957710650963,0.15398656562403407,-0.5066630340951692,-4.561435700690183,-2.692000246116893,-1.8694354545732899,-649487277.0723996,423226939.1744253,0.037131753383725596,False,False,False,False,False,True
2024-08-07 00:00:00-04:00,107.76987337493198,108.75951041282163,98.65327249174283,98.8731918334961,411440400,-0.0512229513213468,0.049744838763426946,115.28707504272461,120.31772811889648,-0.13426688654630292,1.2358559523920205,36.94362669565622,-75.82352855170812,-119.94746754584882,0.05251685635891208,-0.7226433890555246,-5.165944321679348,-3.186789061229384,-1.9791552604499638,-870456371.7082448,402151747.59358984,-0.05258144087247209,False,False,False,False,False,True
2024-08-08 00:00:00-04:00,101.9620353134048,105.46073260357065,97.48369942630838,104.9309310913086,391910000,0.06126776273202372,0.05146244827345069,114.16599235534667,120.13936157226563,-0.06510504927985217,1.1771919002167914,42.84735470002502,-58.0000150831317,-104.66524860232974,0.24334025280929922,-0.19131685452978728,-5.0974525674530184,-3.568921762474111,-1.5285308049789075,-406949948.2457389,426163196.48589724,0.059464196060025926,False,False,False,False,False,True
2024-08-09 00:00:00-04:00,105.60068194063821,106.5603237294343,103.39150538103131,104.71101379394531,290844200,-0.0020958290856288864,0.05120834717586104,112.94194755554199,119.93812530517579,-0.07350073757125608,0.8736175052053597,42.69108741530086,-58.647071475740916,-77.40695510140584,0.2584986799837744,-0.12500619260916887,-5.0032435692881165,-3.8557861238369124,-1.147457445451204,-357951622.8417456,425553636.7521508,-0.002098028408881361,False,False,False,False,False,True
2024-08-12 00:00:00-04:00,106.28043141146973,111.02866364109283,106.22045618169847,108.97942352294922,325559900,0.040763713141040325,0.052416900664047895,111.97130889892578,119.90871780395508,-0.02303075991111614,0.9778941014911295,46.75039392679105,-37.80118032590425,-34.9381510010621,0.4038434110319491,0.26474174194446265,-4.531916158505737,-3.991012130770678,-0.5409040277350594,-108298098.93099076,438824667.12597656,0.03995478321660619,False,False,False,False,False,True
2024-08-13 00:00:00-04:00,112.3981514576694,116.18674170739067,111.53847094577725,116.09677124023438,312646700,0.06530909677446006,0.05476992419675071,111.46049880981445,120.03898941040039,0.11963751407361234,0.9391063327537167,52.75914475385147,-13.641028995828831,33.38750724746488,0.6625991852445311,0.8300523260226488,-3.5432311480123957,-3.9014559342190216,0.3582247862066259,225060954.71082747,459243340.71249217,0.06326498876542022,False,False,True,False,True,False
2024-08-14 00:00:00-04:00,118.48588599342114,118.55585963676825,114.02754676709954,118.03605651855469,339246400,0.016704041444076223,0.05281920435148609,111.46499748229981,120.10075531005859,0.009058437609144265,1.0190046547873381,54.27321715475939,-7.058039424781435,60.29016564483648,0.7303212043262243,0.9812205626751771,-2.573540862340934,-3.6358729198434045,1.0623320575024704,286894468.215447,464910126.6378458,0.01656606335164255,False,False,True,False,True,False
2024-08-15 00:00:00-04:00,118.71580500966671,123.1941334844724,117.42628417440801,122.81427764892578,318086700,0.04048102987598523,0.05326578273535739,111.55346488952637,120.22935897827148,0.12498855619025884,0.9554466250074978,57.85716641142823,-1.167426407420861,106.6482101413549,0.887737378697088,1.3286763032220024,-1.4033152678696865,-3.189361389448661,1.7860461215789747,463036485.78895617,477786603.84369934,0.039683134946750485,False,False,True,False,True,False
2024-08-16 00:00:00-04:00,121.89461364819915,124.95347220733727,121.13489440174322,124.53363037109375,302589900,0.013999615965522239,0.052903808524696186,111.8858413696289,120.27234390258789,0.16136844042783483,0.9088984189416164,59.09940287437899,-1.2241278398388582,126.6293912366041,0.9115637935178259,1.441014457714219,-0.33332331410395,-2.6181537743797194,2.2848304602757694,471211097.57132435,482022746.2387451,0.013902526436693112,False,False,True,False,True,False
2024-08-19 00:00:00-04:00,124.23374212691918,129.9516143798828,123.37406160628171,129.9516143798828,318333600,0.04350619180252102,0.05273540514484052,112.20872077941894,120.45251541137695,0.294176205631032,0.9561882459923248,62.81871290060259,-0.0,162.82773385761166,1.035937002543114,1.798499479316416,0.9409918790245086,-1.9063246436988739,2.8473165227233825,650284705.6697428,495872228.8975321,0.04258638120464497,False,False,True,False,True,False
2024-08-20 00:00:00-04:00,128.35221027833737,129.8316704836438,125.84314985736411,127.20264434814453,300087400,-0.021153796702381267,0.052975943810252266,112.44163436889649,120.57990646362305,0.22062358108142743,0.9013815841318578,59.84514000469801,-6.995659989556408,153.6634471152006,0.9279806810484182,1.571779392154706,1.7093723625161203,-1.183185242455875,2.892557604971995,439539566.359457,489524241.04498595,-0.02138074450479098,False,False,True,False,True,False
2024-08-21 00:00:00-04:00,127.27261778490315,129.30186873034427,126.61286736853016,128.45217895507812,257883600,0.009823181061501485,0.05025830445838358,113.15386962890625,120.71425643920898,0.29916083999182996,0.7746127557825698,60.754513392614236,-3.8158074795732575,139.6086043246452,0.9112193092539703,1.6488837419917155,2.3915778112462363,-0.4682326317154529,2.859810442961689,422781697.2739089,492057478.3405778,0.009775247270993055,False,False,True,False,True,False
2024-08-22 00:00:00-04:00,129.9716080659365,130.70133207356452,123.05417804069894,123.69393920898438,376189100,-0.03704288852708204,0.050952766262224544,113.72665634155274,120.7708351135254,0.17881293840182,1.1299705582144997,55.59158723333181,-17.498760476049377,103.78288759455658,0.7602355943171274,1.260563596213471,2.5192401310900294,0.12926192084564364,2.3899782102443856,106670322.28231674,478122347.44417447,-0.037746404548663744,False,False,True,False,True,False
2024-08-23 00:00:00-04:00,125.81315043381734,129.5517637458536,125.1733892777955,129.32183837890625,323230300,0.045498584699557254,0.051710641188212995,114.54185256958007,120.85420364379883,0.2350356824296549,0.9708966116318634,59.92901320419523,-4.152895871019318,106.55389281080446,0.863803023851265,1.6320377411219134,3.0395003994390066,0.7113096165643162,2.3281907828746906,351304210.10821414,492828868.62618774,0.04449388617885088,False,False,True,False,True,False
2024-08-26 00:00:00-04:00,129.52177629309574,131.21113439629798,124.32370736081246,126.41292572021484,331964700,-0.02249359191885625,0.051956635696657906,115.28507537841797,120.79122680664062,0.15997058558118016,0.9971323926358018,56.838851707306404,-14.226426291689664,89.73058348034259,0.7662171893416997,1.346442093734292,3.1804235269457166,1.2051323986405964,1.9752911283051202,163166991.79722714,485361790.13292223,-0.02275043156237121,False,False,True,False,True,False
2024-08-27 00:00:00-04:00,125.00346773520825,129.15191727923408,123.83389733541988,128.25225830078125,303134600,0.01455019389897938,0.048611364879734345,116.51311874389648,120.7196533203125,0.10470133605519494,0.9105345507781302,58.30292854410708,-8.772905790640506,79.28480709958257,0.7806119608846774,1.4336945187885632,3.401316627266013,1.6443692443656799,1.756947382900333,219509613.83718973,489772457.3404118,0.014445355549687402,False,False,True,False,True,False
2024-08-28 00:00:00-04:00,128.0723157316594,128.28224429229948,122.59435936439931,125.5632553100586,448101100,-0.020966515727281143,0.04060490905554197,116.94245986938476,120.6122932434082,0.06377033436660651,1.3459748039045558,55.34708568454031,-20.30177714857369,61.55398748391749,0.7024926588484643,1.1980668028678558,3.3211122179748003,1.9797178390875039,1.3413943788872964,16016069.282432348,480377338.5798498,-0.021189434510759903,False,False,False,False,True,False
2024-08-29 00:00:00-04:00,121.31483536128766,124.38369252727087,116.66656437657561,117.54623413085938,453023300,-0.06384846553557766,0.04034277433516825,117.3613037109375,120.25262710571289,-0.04289438995949246,1.360759764664034,47.59898749174605,-54.67998966692946,18.052594767018576,0.5044060536840765,0.5473246456873108,2.5808921198421473,2.0999526952384326,0.48093942460371464,-505114425.01087534,451452496.0229861,-0.065977919812932,False,False,False,False,True,False
2024-08-30 00:00:00-04:00,119.48551326917712,121.70468827145996,117.17637542296369,119.32557678222656,333751600,0.015137385425604721,0.040057865629427876,117.96607856750488,120.0245118713379,-0.04182045904666776,1.0024997581189419,49.29557952320107,-60.41661640766192,13.136123051237314,0.5332003782948164,0.6397306770937593,2.113477586430264,2.102657673476799,0.01081991295346496,-348118299.03188735,456504622.6285984,0.015023958433193709,False,False,False,False,True,False
2024-09-03 00:00:00-04:00,115.96682140906611,116.1667439153335,107.25006590844444,107.95980072021484,477155100,-0.09525012464640892,0.0434415400256614,118.34343795776367,119.65325012207032,-0.16923078458556196,1.4332451809525992,40.31628122275418,-97.03796676625592,-63.694442184691184,0.23261518073528722,-0.38577147928267846,0.8165128093068716,1.8454287006428136,-1.028915891335942,-1073135401.0911617,411055539.8779287,-0.10009675430719102,False,False,False,True,False,True
2024-09-04 00:00:00-04:00,105.37077350121302,113.2278412494732,104.08125268189775,106.17047119140625,372470300,-0.016574035121144415,0.042947806384595055,118.44140167236328,119.41533874511718,-0.1653438359282432,1.1188002863701318,39.10851827439971,-92.29919786786404,-89.105995540119,0.17958932240353448,-0.5377411373255928,-0.3516712127809001,1.4060087179580711,-1.7576799307389712,-1015040644.7058809,404882204.04414546,-0.016712921181353122,False,False,False,True,False,True
2024-09-05 00:00:00-04:00,104.95092237696757,109.60919166518133,104.72101224991617,107.17009735107422,306850700,0.009415293616487963,0.041107110562727624,118.85624694824219,119.0378791809082,-0.16568096996973958,0.921696712550975,40.18655125444498,-88.61460325668526,-100.62146081786072,0.17068168442977835,-0.519653024566512,-1.183165197830192,0.8881739348004186,-2.0713391326306105,-826215411.6289797,407771293.48107034,0.009371246004499343,False,False,False,True,False,True
2024-09-06 00:00:00-04:00,107.99978491199205,108.10974457653745,100.91242007486422,102.7917251586914,413638100,-0.04085442022171426,0.04005975423518426,118.74928665161133,118.56665451049804,-0.16898333244103492,1.2424572502387363,37.089250951778496,-93.79740980462084,-130.70822183498743,0.05917464559045097,-0.9224302225675969,-2.170409090946876,0.27645732965095965,-2.4468664205978357,-966907717.7891341,390872348.72395885,-0.04171241188845159,False,False,False,True,False,True
2024-09-09 00:00:00-04:00,104.840969477339,106.51035383580418,103.6514174842849,106.43038177490234,273912000,0.035398341749722784,0.040838799463885,118.83525505065919,118.2163850402832,-0.17701153100633427,0.8227577448194273,41.148740421599335,-81.78813252107322,-117.55208259773188,0.15245987655127993,-0.6043519253222123,-2.62889356100213,-0.3046128484796582,-2.3242807125224716,-686396370.8107479,400568379.3093089,0.03478622392915909,False,False,False,True,False,True
2024-09-10 00:00:00-04:00,107.7698680771714,109.3592802066297,104.910932028029,108.05976104736328,268283700,0.01530934349091262,0.03994148489562332,118.78927192687988,117.90769973754882,-0.14518424099662053,0.8058518501701707,42.92480901418054,-76.41041498766523,-99.0054471957586,0.20116850889902557,-0.4561400475393432,-2.8281671661083436,-0.8093237120053953,-2.0188434541029485,-525891760.70647985,404675626.62562186,0.015193337972454778,False,False,False,False,False,True
2024-09-11 00:00:00-04:00,109.34928767526075,117.14638779715078,107.38001963060195,116.86649322509766,441422400,0.08149871971190392,0.0414624311873225,118.82775802612305,117.75995468139648,-0.08877633210154734,1.3259137910598264,51.45277847635712,-47.34405895583731,-42.658120094515546,0.44531529081851323,0.3435221161905761,-2.2495320429266172,-1.0973653781896398,-1.1521666647369775,104591184.25912207,440650987.0777778,0.07834778260251234,False,False,False,False,False,True
2024-09-12 00:00:00-04:00,116.80649893712271,120.75537106961634,115.346918426563,119.10584259033203,366052700,0.01916160315447435,0.04151454058944355,118.88124732971191,117.68958480834961,-0.051427566956439685,1.0995235474789802,53.36104411634335,-39.95315338315357,-3.2386747028940572,0.5062634297382955,0.5285531628941228,-1.5919121874472921,-1.1962747400411702,-0.39563744740612194,206752426.7060088,447665143.6488017,0.018980331612041414,False,False,False,False,False,True
2024-09-13 00:00:00-04:00,119.04586602282129,119.92561101375162,117.56628692781244,119.06585693359375,238358300,-0.0003357153257024237,0.04047628039230655,118.6938262939453,117.50625686645508,0.012927873138348644,0.7159640226313287,53.32074108697804,-40.085124846741365,1.7608708795864423,0.510427532307162,0.5359385956320564,-1.0617312455158725,-1.1693660411361106,0.10763479562023814,175854806.72450465,447585123.1144833,-0.0003357716907077965,False,False,False,False,True,False
2024-09-16 00:00:00-04:00,116.75652026497235,118.14612117800917,114.32721657757573,116.74652099609375,248772300,-0.019479437659391752,0.04052595939111451,118.30447082519531,117.32552383422852,-0.021613604188477353,0.7472448688686221,50.91841289520325,-43.929239226046434,-17.086590691997095,0.45586784356362026,0.36412200520284244,-0.8192660667033067,-1.09934604624955,0.2800799795462432,68306043.5289281,442739178.6052498,-0.019671662285050764,False,False,False,False,True,False
2024-09-17 00:00:00-04:00,118.13612413784692,118.76594842655497,114.7970852268969,115.5568618774414,231925900,-0.010190103383827198,0.03907489260174265,117.58473320007325,117.07361572265626,0.07036935143030565,0.69664282853331,49.68195758378702,-46.49420585884394,-12.800910317241648,0.4398194673782193,0.305367589965915,-0.714865687449759,-1.0224499744895919,0.30758428703983287,19131928.483845294,440375829.7068626,-0.010242377912424746,False,False,False,False,True,False
2024-09-18 00:00:00-04:00,115.85676793047314,117.66624647223807,113.18753538354541,113.33749389648438,310318900,-0.019205851949414043,0.03903523076523545,116.89147567749023,116.71374328613281,0.06750485916330984,0.9321142496087992,47.37092081804432,-47.06263221640486,-23.363835547876597,0.39125959799460425,0.16576740020153696,-0.8019675006186162,-0.9783534797153968,0.17638597909678055,-81988608.52039073,434415890.85635763,-0.019392680324325458,False,False,False,False,True,False
2024-09-19 00:00:00-04:00,117.31635695887289,119.62569992209964,117.21638715198857,117.83621215820312,293506400,0.039693115729448,0.040187529160260395,116.36067733764648,116.37327178955078,0.09952510141134052,0.8816140357270539,52.2224251087703,-18.605358860704804,17.53123614220648,0.5476854035988192,0.6114588392505849,-0.5021983191110166,-0.8831224475945209,0.3809241284835042,118352992.92699766,446066074.3588913,0.03892558857893102,False,False,True,False,True,False
2024-09-20 00:00:00-04:00,117.02644483175867,118.58600287786223,115.35692533181683,115.96675109863281,382462400,-0.01586491134881729,0.0395316516206795,115.97431793212891,116.14555511474609,0.12817204808657112,1.1488138588386991,50.15341108047528,-24.13259989529773,5.798304445004072,0.49974946328461994,0.48473009559733987,-0.41074416377465184,-0.7886467908305471,0.3779026270558953,-697229.4268312305,439998342.28863543,-0.015992106138019737,False,False,False,False,True,False
2024-09-23 00:00:00-04:00,116.51659472951452,116.9564634197924,114.82707671663402,116.22667694091797,206228500,0.002241382463703534,0.03791953273129219,115.31955986022949,115.88625045776367,0.0920441607240925,0.6194547722534729,50.44737281711355,-22.82268463947767,5.913886272885675,0.5328429171098875,0.5662324016054571,-0.3136763775735574,-0.6936527081791493,0.3799763306055919,7060105.714959566,440460579.2320513,0.0022388743131464967,False,False,False,False,True,False
2024-09-24 00:00:00-04:00,116.48659840876869,121.76509140434464,115.34692577819862,120.83535766601562,354966800,0.039652520801574775,0.03891219144592053,115.04068145751953,115.73511367797852,0.11822714111918797,1.066224494924533,55.4626151089674,-4.458583380703892,55.64278569210087,0.7209999864976052,1.0449414837150124,0.13359258829061105,-0.5282036488851972,0.6617962371758083,239755611.92847887,454535907.65291977,0.03888654271068748,False,False,True,False,True,False
2024-09-25 00:00:00-04:00,121.98501577990396,124.90418446690079,121.57513728542474,123.47459411621094,284692900,0.02184159091488813,0.03910441503200993,114.80179824829102,115.67834609985351,0.0565440162424089,0.8551406596647929,58.07923588715758,-5.95867118120068,114.79073372194706,0.8529328775657707,1.3307789080494754,0.6930319497292317,-0.28395652916231146,0.976988478891543,312843650.05181175,460754053.5110929,0.0216064806631039,False,False,True,False,True,False
2024-09-26 00:00:00-04:00,126.76365118817954,127.63339688941237,121.76508462125145,124.00444030761719,302582900,0.004291135315719785,0.0388380719488317,114.72385749816894,115.79951324462891,0.04112810598329775,0.9088773928302605,58.60503493219052,-15.132014420041122,132.3421452601365,0.8857333610369839,1.3857402696526762,1.1657082743904255,0.005976431548235933,1.1597318428421894,291054899.6372184,462052477.6792158,0.004281954648856436,False,False,True,False,True,False
2024-09-27 00:00:00-04:00,123.93446689659378,123.99444725769884,119.22581786965418,121.36520385742188,271009200,-0.021283402784998406,0.036227799887921096,114.91480598449706,115.80591873168946,0.019311555663774627,0.8140385168131267,54.910504854755295,-27.58588502712675,88.87266257583667,0.7617718818283366,1.137794639282993,1.3122169227630707,0.26722452979120287,1.0449923929718679,147296005.5492913,456284479.7171756,-0.02151316026460474,False,False,False,False,True,False
2024-09-30 00:00:00-04:00,118.27607446992181,121.46516224022741,118.11612431295472,121.40518188476562,226553700,0.00032940271241765906,0.03610122294314989,115.01878623962402,115.8763003540039,0.039904066082001366,0.6805061891866625,54.956826183085795,-30.75148862858123,71.39384619394998,0.7554238612768341,1.144767373533516,1.4152379922133633,0.496827222275635,0.9184107699377283,127547600.47273938,456359107.12046385,0.0003293484712553154,False,False,False,False,True,False
2024-10-01 00:00:00-04:00,121.7350904738439,122.4049042106216,115.7568089513518,116.96646118164062,302094500,-0.03656121290883707,0.02962904329030414,115.46911926269532,115.74574905395508,0.012198317618682175,0.9074103710036526,48.94464627425382,-73.84077234465758,41.21190069726115,0.561903079484507,0.6588771575767348,1.1257384550124385,0.6226094688229957,0.5031289861894428,-82232501.23053698,445314165.78737515,-0.037246324966224736,False,False,False,False,True,False
2024-10-02 00:00:00-04:00,116.4066204825267,119.34577243311742,115.10699012612709,118.81592559814453,221845900,0.015811920766174214,0.02930424596041552,116.10139198303223,115.6711801147461,0.048337328745453156,0.6663652281807156,51.33362439495922,-61.038043924806836,28.332174266217397,0.6192150351769695,0.8151266867740469,1.0336292729947871,0.704813429657354,0.3288158433374331,-11871272.769419715,448821975.58047575,0.015688214663829782,False,False,False,False,True,False
2024-10-03 00:00:00-04:00,120.88533415502995,124.3243504544059,120.30549859251518,122.81478118896484,277118000,0.033655888894432495,0.029945331031391687,116.88362617492676,115.84332626342774,0.04224990721933297,0.8323877038204608,56.11508486861836,-33.35637475473871,97.89606646624972,0.7704580027025059,1.174562490459926,1.2686817356618434,0.817587090858252,0.4510946448035914,148132461.0000607,458148628.1991231,0.03310192465714538,False,False,False,False,True,False
2024-10-04 00:00:00-04:00,124.90418432860164,125.00415413490973,121.79507530101387,124.88418579101562,243678100,0.016849800830298856,0.027766632765894316,117.98824920654297,116.09624588012696,0.0768964777222938,0.7319432665158259,58.39327254072311,-19.031132876915603,119.38852132302472,0.8666467463867656,1.329146703089133,1.6034624454858175,0.9747621617837652,0.6287002837020523,199009049.65133637,462254555.6508287,0.016709417693624693,False,False,True,False,True,False
2024-10-07 00:00:00-04:00,124.95416700886946,130.60254885006705,124.91417756039569,127.68338775634766,346250200,0.022414382954910606,0.02729275771056298,119.05089950561523,116.38955535888672,0.09857212747511945,1.0400421803180426,61.31844619225082,-16.762324642074763,182.1212567066419,0.9951014920334129,1.4915606536829333,2.0707801105825183,1.1939657515435158,0.8768143590390025,309039791.1778039,470015540.2318431,0.022166872377579933,False,False,True,False,True,False
2024-10-08 00:00:00-04:00,130.2226473652744,133.44172537204778,129.38289186465897,132.85189819335938,285722500,0.04047911422020345,0.02814222008587376,120.29050636291504,116.81562393188477,0.09944556592911336,0.8582333002722364,66.06282760655964,-3.168618380110377,223.24132630240828,1.1861476242105167,1.938457204584419,2.825616377521527,1.5202958767391181,1.305320500782409,475856924.3437006,481581333.9446252,0.03968129381991563,False,False,True,False,True,False
2024-10-09 00:00:00-04:00,134.0715571884807,134.48144332062452,131.34234403030248,132.61196899414062,246191600,-0.001805989996993107,0.0227723213953079,121.0777801513672,117.39403549194336,0.07400206450024727,0.7394931423577153,65.66022144393384,-9.511750564906682,195.71980310266127,1.0515596272987693,1.909701482907892,3.365671905498786,1.889371082491052,1.4763008230077341,399438998.94568866,481136714.3776815,-0.0018076227630633294,False,False,True,False,True,False
2024-10-10 00:00:00-04:00,131.87218458812737,134.9612950129192,130.96244182735123,134.77134704589844,242311300,0.016283432544864862,0.022697631333181343,121.86105537414551,117.74993377685547,0.08682678387622111,0.7278377680870634,67.57547860981859,-0.9434086996852369,170.39610054864283,1.0386804881184144,2.1069205100746973,3.922695176213793,2.2960359012356,1.6266592749781927,417125099.5124336,485082374.08609,0.016152279291884057,False,False,True,False,True,False
2024-10-11 00:00:00-04:00,133.97158567859756,135.74108264717918,133.62169514533127,134.76136779785156,170209500,-7.404576911651528e-05,0.022693594619907678,122.6458309173584,118.26177398681641,0.11037895141812903,0.5112634144062411,67.55672641869049,-4.748039431964644,155.65235741712996,0.9607555343567687,2.0124432267353,4.313610275349006,2.6995507760582815,1.614059499290725,357293147.75059533,485069770.7927516,-7.404851063981028e-05,False,False,True,False,True,False
2024-10-14 00:00:00-04:00,136.43089368651033,139.56000161928338,136.26094423310064,138.0304412841797,232347700,0.024258239135950932,0.02216420723754012,123.7100269317627,118.87778121948242,0.13694027834161382,0.6979098019290169,70.44965064923844,-6.2551000539617645,164.37021058637166,0.9956344981407873,2.2949605015535304,4.8315056279928115,3.1259417464451875,1.705563881547624,414760084.59755623,490706116.8620398,0.02396868147980853,True,False,True,False,True,False
2024-10-15 00:00:00-04:00,137.8304782609884,138.53028982768672,128.70310551155586,131.56228637695312,377831000,-0.04686035085485096,0.02512320225432475,124.51029815673829,119.5007746887207,0.12478641353991393,1.1349023828195517,59.20140447407395,-32.70646335143053,93.50228707639747,0.7461594054836286,1.3268417968160728,4.666226032729952,3.4339986037021406,1.2322274290278115,6384438.690431178,473000823.63820064,-0.04799384970956116,False,False,False,False,True,False
2024-10-16 00:00:00-04:00,133.94156959886413,136.58081182356645,131.5422640325576,135.6810760498047,264879700,0.0313067656870174,0.024908562509663966,125.62747726440429,120.13017227172851,0.14194351781343628,0.7956271525907826,63.227658228629934,-15.862772446511535,97.42517433022209,0.8552917856494902,1.6816206326812084,4.812121525640592,3.709623188089831,1.1024983375507609,161327200.7215153,481293350.3413481,0.03082670266648848,False,False,True,False,True,False
2024-10-17 00:00:00-04:00,139.30005999950754,140.84961880375567,136.83076670766295,136.8907470703125,306435900,0.008915547073519603,0.02386294659738964,126.58020401000977,120.89052337646484,0.11461133379124888,0.9204507652666242,64.34069906805897,-15.378661530722379,117.84045818006147,0.8559364942803025,1.684026959690425,4.9680860926550565,3.9613157690028764,1.00677032365218,191235690.3146174,484025394.03281444,0.008876038238650333,False,False,True,False,True,False
2024-10-18 00:00:00-04:00,138.63024003343975,138.86016981880368,137.24063917112105,137.96043395996094,176090200,0.007814165037020482,0.023205696563183595,127.67988815307618,121.55111343383788,0.10470699781658044,0.5289274505563901,65.3397677830691,-11.223348166869838,104.01716568003724,0.8561461754808195,1.7060432787044562,5.118995336155109,4.192851682433323,0.9261436537217858,190825074.3176108,485401391.9170164,0.007783792570446941,False,False,True,False,True,False
2024-10-21 00:00:00-04:00,138.090405825162,143.66880798339844,137.96043821210023,143.66880798339844,264554500,0.04137689234214936,0.02423493388286135,129.0519947052002,122.33026931762696,0.12519577141511173,0.7946503395317883,70.14657905478961,-0.0,126.14753327709475,0.9864969241181557,2.14743572462446,5.634261812719615,4.481133708490582,1.1531281042290331,379303783.0698801,496347834.9821475,0.040543772468552654,True,False,True,False,True,False
2024-10-22 00:00:00-04:00,142.86904559419827,144.37860733596548,141.73936457126644,143.54884338378906,226311600,-0.0008350079693236756,0.023385967965393568,130.18766899108886,123.02165771484376,0.08051781973683814,0.6797789861067653,69.92709828190024,-3.4468500143429925,126.30481243690474,0.9233259203564326,2.067429483586513,5.964182681709104,4.777743503134286,1.186439178574818,321239045.4197606,496158862.9925971,-0.000835356782666224,False,False,True,False,True,False
2024-10-23 00:00:00-04:00,141.9892821435429,142.3891613712536,137.42060018656866,139.51998901367188,285930000,-0.028066087299259745,0.024566423267948716,130.9899387359619,123.4901220703125,0.05209197987126246,0.8588565742874312,62.8184012097137,-21.51398778000767,85.69216178946095,0.767150774119389,1.4883661999820985,5.83330970701391,4.988856743910211,0.8444529631036994,110780563.21013662,488133926.65111977,-0.028467467881815235,False,False,False,False,True,False
2024-10-24 00:00:00-04:00,140.77963709898057,141.30948393843238,138.42031305269128,140.3697509765625,172354900,0.006090610878756175,0.024561529939867648,131.80820426940917,123.93679595947266,0.04154001613382574,0.5177076171638261,63.65758801995854,-20.595806841639824,81.7475137533234,0.7654642677915858,1.531293153952207,5.732084715822168,5.137502338292602,0.5945823775295658,115877716.77123389,489183673.2800667,0.006072138077467549,False,False,False,False,True,False
2024-10-25 00:00:00-04:00,140.88959441527413,144.0886893234089,140.7596420534019,141.49942016601562,205122100,0.008047810739806316,0.023674631154739317,132.81491508483887,124.31049880981445,0.04999988111037479,0.6161314451671525,64.79514162383941,-18.367432202179568,96.34514919740207,0.7730198317990906,1.5609761199829146,5.677570544493591,5.2455159795328,0.432054564960791,132426631.01047516,490834457.1194184,0.008015599813839223,False,False,True,False,True,False
2024-10-28 00:00:00-04:00,142.95902137870084,143.09898064959424,140.00986979275078,140.479736328125,173586700,-0.007206275733810608,0.02386188318390534,133.76864280700684,124.62942092895508,0.017744600547227485,0.5214076120164377,62.881844875580775,-24.87238400093341,81.89813915916871,0.7188781216514016,1.3173409785104886,5.488816052316196,5.294175994089479,0.19464005822671648,88222319.08572607,489583543.4954961,-0.007232366358506241,False,False,False,False,True,False
2024-10-29 00:00:00-04:00,140.2497716969522,142.2192081120129,138.86017082456863,141.20950317382812,157593600,0.005194819301187925,0.021505482410510347,134.9807949066162,124.85457870483398,0.07332813272364191,0.47336865465541816,63.70780001864345,-20.216923181384114,72.2034977789179,0.7297414877391744,1.302295544128492,5.3365958874206,5.302659972755704,0.033935914664896316,92048642.6984795,490402213.7705198,0.005181372775479012,False,False,False,False,True,False
2024-10-30 00:00:00-04:00,139.49998843906093,140.28977049571748,136.77077537646986,139.300048828125,179418100,-0.013522137694603975,0.02205864856336834,136.00500106811523,125.0965267944336,0.026672642078633624,0.5389235642680368,59.94889709033375,-32.398060136947194,41.368695195046534,0.6439243962827358,0.9372791062650931,5.004198022532648,5.242967582711094,-0.23876956017844542,29957312.206868462,487976097.5174156,-0.013614394414550385,False,False,False,False,False,True
2024-10-31 00:00:00-04:00,137.56056330274592,137.57055494467397,132.07213151004177,132.72193908691406,270039600,-0.04722259465484702,0.024434939726341535,136.5003589630127,125.18192199707032,-0.030453541036321252,0.8111261000173057,49.182800431777515,-74.36232906368495,-36.77616532445934,0.30858881948873107,0.04551192944352948,4.161994952195812,5.026773056608038,-0.8647781044122258,-228086607.1473563,475224126.94585854,-0.04837397517567679,False,False,False,False,False,True
2024-11-01 00:00:00-04:00,134.6613944536623,137.2706470867555,134.53144208222884,135.36119079589844,207127800,0.019885572250839756,0.024527094050600714,137.02420921325682,125.4152670288086,-0.018840497158894576,0.6221560268166761,52.842083972132095,-57.52553660531161,-24.361305909744672,0.4003231365157878,0.29711266309541495,3.665257697780305,4.754469984842491,-1.0892122870621863,-117408177.53656629,479342981.777916,0.019690436935272355,False,False,False,False,False,True
2024-11-04 00:00:00-05:00,137.17067271068436,138.9201710380497,135.53114345978716,136.01100158691406,187528200,0.004800569403939692,0.0241567603054971,137.44058990478516,125.54905029296874,-0.05330180227686765,0.5632841165120424,53.72560496839083,-65.18683359637107,-14.036379588469696,0.4005419553491788,0.3161279564528603,3.2861435279599505,4.460804693465983,-1.1746611655060324,-83227316.74852306,480243223.9172119,0.00478908341549379,False,False,False,False,False,True
2024-11-05 00:00:00-05:00,137.41058693125512,140.32974787080795,137.29062621937655,139.86988830566406,160537400,0.02837187193481605,0.02331690058387403,137.7914894104004,125.81818954467774,-0.02562859436135634,0.48221103559966094,58.67686083087126,-36.63696328727807,33.06055160858682,0.6497959797870768,0.7662992021116655,3.2594992467991517,4.220543604132617,-0.9610443573334653,17161677.175931126,484797970.4707602,0.027976844746956,False,False,False,False,False,True
2024-11-06 00:00:00-05:00,142.91901845044762,146.44800513885863,141.91930516184587,145.56825256347656,242043900,0.0407404647765186,0.02476672822030999,138.43930358886718,126.16450942993164,0.04335051624188413,0.7270345706332654,64.68578871670482,-6.119645999242653,151.7257786677567,0.9887915077748717,1.4111557100179308,3.6560491753243127,4.107644718370956,-0.4515955430466434,211746338.80530426,494658951.4530814,0.03993244517398362,False,False,True,False,False,True
2024-11-07 00:00:00-05:00,146.3480493601011,148.88731477688594,146.12811118371621,148.83734130859375,207323300,0.02245742933330641,0.024953006151252264,139.14260330200196,126.62999114990234,0.06032346907450936,0.6227432560695464,67.59685464728544,-0.29719252831891874,200.21947744151558,1.0788177907605678,1.7552784718896874,4.185854071353958,4.123286588967557,0.06256748238640153,278319471.35176855,499314899.8119793,0.022208974164247917,False,False,True,False,True,False
2024-11-08 00:00:00-05:00,148.7273495355645,149.72706281958904,146.21805942983792,147.58767700195312,175665800,-0.008396174613530705,0.025115734441372294,139.78391876220704,127.23082000732421,0.04302672639078242,0.5276526674621796,65.37821421739187,-12.117780466690318,170.6106187537291,0.9392358528156393,1.4910941896851393,4.453553015903253,4.189339874354696,0.2642131415485576,207199078.27902013,497839979.08155376,-0.008431621036621439,False,False,True,False,True,False
2024-11-11 00:00:00-05:00,148.6373710400852,148.80733573059373,143.52885055228916,145.21835327148438,182325600,-0.016053669104348023,0.025094397166402514,140.14331436157227,127.74867553710938,0.03373167594998305,0.5476569098062479,61.2720300320053,-25.537961428750986,112.03975723168315,0.7773806025560934,1.1244474020419752,4.423530033664832,4.2361779062167235,0.1873521274481087,115886585.5603097,494912984.229902,-0.016183925190051605,False,False,False,False,True,False
2024-11-12 00:00:00-05:00,146.73792067016035,149.60709303241688,145.9681371384276,148.2474822998047,198634700,0.020859133574234745,0.02246616416260989,140.97757415771486,128.55442916870118,0.049840690376998564,0.5966450459084798,64.35442997736673,-8.380550985119017,136.75570999974687,0.9081555005706821,1.4818979362744251,4.591237077946147,4.307189740562609,0.28404733738353816,185287092.7376507,499056331.9696801,0.020644560588733783,False,False,True,False,True,False
2024-11-13 00:00:00-05:00,149.02725794545245,149.2871778926647,145.85815359464874,146.22805786132812,191903300,-0.013621981345980805,0.022069255159711313,141.50492324829102,129.3555809020996,0.049734433630753694,0.5764257364825419,60.87583621763553,-19.818853423512067,107.70737590950985,0.7672168505177589,1.1409011712115933,4.5092160083969475,4.3475949941294765,0.161621014267471,103455477.51165786,496442228.79684794,-0.013715611794315111,False,False,True,False,True,False
2024-11-14 00:00:00-05:00,147.59766330614426,148.9572739334313,145.50826627914395,146.71791076660156,194463300,0.0033499241693955017,0.022038834427688028,141.99628143310548,130.14653717041017,0.10545333933466816,0.5841152857784389,61.42059415198849,-17.044258061543484,94.34404666771324,0.76677125822617,1.1523458453036886,4.43264399468768,4.364604794241117,0.06803920044656309,102284468.22057247,497093666.10557836,0.0033443256729666915,False,False,True,False,True,False
2024-11-15 00:00:00-05:00,144.8284560077565,145.19836028928967,140.03983617411208,141.9392852783203,250132900,-0.03257015768090554,0.023447378257838065,142.19522399902343,130.92948837280272,0.04859660618929196,0.7513317441701837,53.58261047639151,-44.111061123513544,3.472373763155053,0.4852134964704448,0.46369765919676326,3.9409363211244965,4.279871099617793,-0.33893477849329656,-83083520.2963243,488946798.1113962,-0.03311237110636509,False,False,False,False,False,True
2024-11-18 00:00:00-05:00,139.45999475223928,141.50940991238423,137.1106625740026,140.10980224609375,221205300,-0.01288919433854574,0.021686072141678413,142.01727371215821,131.60307678222657,0.0301358023347873,0.6644410386186252,50.90433535718026,-54.47350887337951,-48.03717564516714,0.39002499157281156,0.23252219973432375,3.3648426447235806,4.096865408638951,-0.7320227639153707,-129027494.96664746,486095640.0109799,-0.012972980742054694,False,False,False,False,False,True
2024-11-19 00:00:00-05:00,141.2794937524248,147.08782570288798,140.94958652618317,146.9678497314453,227834900,0.048947663728094115,0.02439711760180713,142.188224029541,132.3812385559082,0.050746887065997726,0.6843545683108434,59.14770166452153,-15.628568810412892,51.89718916081882,0.7679871353615687,1.1111389490858214,3.422222126207089,3.961936752152579,-0.5397146259454901,112619656.17434855,497247626.08170384,0.04778743658525729,False,False,True,False,False,True
2024-11-20 00:00:00-05:00,147.36774356025674,147.5176944558783,142.68907730947365,145.84817504882812,309871700,-0.007618500812682338,0.02350688215762257,142.50463333129883,132.96087219238282,0.0019229638360156454,0.9307709814661721,57.45164644360069,-25.526352873655334,52.55597426807274,0.6864684888217336,0.9328758509618166,3.3388590999673227,3.837321221715528,-0.49846212174820526,46966062.813791856,494886868.2834266,-0.007647669833913866,False,False,False,False,False,True
2024-11-21 00:00:00-05:00,149.30720000657334,152.84617867409492,140.65967008206871,146.62796020507812,400946600,0.0053465540860482275,0.02350145904654719,142.81754379272462,133.51131454467773,-0.014844266123611893,1.204335408485269,58.347447406122676,-35.91224847107763,69.57053119346394,0.7097868223547514,0.9378516736757934,3.2977015950077657,3.7293972963739757,-0.43169570136620994,84921226.28737962,497030550.96594375,0.005332312007227071,False,False,False,False,False,True
2024-11-22 00:00:00-05:00,145.888140786496,147.11779901269117,141.05953942682146,141.90928649902344,236406200,-0.03218126815277944,0.024688294181964467,142.838037109375,133.96818313598632,-0.03847469259140479,0.7101004409201879,51.30792945134752,-69.50450246120181,8.812860107326392,0.44880938494717143,0.39331797583306405,2.8514566263085044,3.5538091623608814,-0.702352536052377,-86570908.8805754,489422699.65076417,-0.032710469729402974,False,False,False,False,False,True
2024-11-25 00:00:00-05:00,141.9492922301626,142.0092725854583,135.78106320516017,135.9810028076172,344941900,-0.041775163822327044,0.02640194104815101,142.61310043334962,134.35287277221678,-0.06361007583248135,1.0361124001056121,44.10794443062788,-98.82837240204445,-81.57117589572819,0.1511954153940483,-0.22205532603262124,1.9964277480836756,3.2423328795054402,-1.2459051314217646,-366334127.6480197,475012695.2690794,-0.04267283525133028,False,False,False,True,False,True
2024-11-26 00:00:00-05:00,137.66052777043362,139.26007526155422,135.63111085304342,136.88075256347656,190287700,0.006616731288063171,0.02642224294977931,142.39666290283202,134.7793505859375,-0.07667401536938678,0.5715729099815844,45.361160664444014,-92.74100036419833,-85.72082974185251,0.21906063375065984,-0.10487281899958789,1.3755569237529528,2.868977688354943,-1.4934207646019901,-289541922.0385823,476271777.847403,0.006594936807583766,False,False,False,True,False,True
2024-11-27 00:00:00-05:00,134.97128602051475,137.18065910710888,131.76221489663718,135.3011932373047,226370900,-0.01153967447278148,0.026377357677539345,142.19672012329102,135.2186245727539,-0.07472481535920872,0.6799571073072523,43.516449924961435,-83.21483389925348,-116.72471641906806,0.16250754711534587,-0.23736907203428112,0.747439073272119,2.444669965338378,-1.6972308920662589,-299259685.50005925,473659531.35129243,-0.011606773214147133,False,False,False,True,False,True
2024-11-29 00:00:00-05:00,136.74079305563075,139.31006372977,136.0110065692894,138.2103729248047,141863200,0.021501507990381086,0.02446297276359705,142.47114181518555,135.62610778808593,-0.05798568012143146,0.4261187772162862,47.732404537037866,-69.41676576459658,-75.60828618396704,0.2745413161569143,0.037690076879679874,0.4788774381572125,2.051511459902145,-1.5726340217449324,-197550367.59380078,476709804.0796335,0.02127361152543495,False,False,False,False,False,True
2024-12-02 00:00:00-05:00,138.79019534076207,140.40972595950504,137.78049042793322,138.5902557373047,171682800,0.0027485839482299657,0.024112636682737762,142.63259506225586,136.07857788085937,-0.023594803471418846,0.5156888101006337,48.27532411303974,-67.61500393029596,-63.385423545862615,0.27691261139588985,0.06075756624970104,0.29331264995428796,1.6998716979125736,-1.4065590479582857,-160011837.23441854,477181688.6679006,0.0027448134987208984,False,False,False,False,False,True
2024-12-03 00:00:00-05:00,138.22037595856943,140.4997214017946,137.91046723010535,140.2198028564453,164414000,0.011758020868576802,0.024213424428166177,142.84303512573243,136.5584403991699,0.0007851028877934318,0.49385529606859624,50.643683900803545,-59.88615779708982,-57.443544153126716,0.34783739066264946,0.2189345273284027,0.2745769006104979,1.4148127384521587,-1.1402358378416608,-98878666.19430353,479114871.9109868,0.011689432460305288,False,False,False,False,False,True
2024-12-04 00:00:00-05:00,141.95930442882306,145.74821154635353,140.2497877832653,145.09840393066406,231224300,0.034792525555134235,0.024623326767088487,143.1044609069824,137.0437013244629,-0.012720100377036858,0.6945354114294033,56.992683673049974,-36.74723987011641,12.209859461828604,0.616465497120403,0.7176996278399433,0.6459449672946391,1.261039184220655,-0.6150942169260158,76397017.31423676,487159749.27770483,0.034200948222025226,False,False,False,False,False,True
2024-12-05 00:00:00-05:00,145.0784040292141,146.50808533514203,143.91865294893697,145.02841186523438,172621200,-0.0004823765357414578,0.02288463291445685,143.0774688720703,137.47477767944335,-0.005620661234323365,0.5185075105144109,56.87963705434748,-37.07920811939087,38.36515659099522,0.6143263183288533,0.7119722330850556,0.9239582454625008,1.1936229964690241,-0.2696647510065233,63757141.36578135,487076480.8612533,-0.0004824929167303851,False,False,False,False,False,True
2024-12-06 00:00:00-05:00,144.56853006182772,145.66828146425675,141.27923767487087,142.40899658203125,188505600,-0.018061393967667372,0.022589326333411746,142.75605163574218,137.84286880493164,-0.02877325454944679,0.5662199624033742,52.669125999400656,-49.50294072892853,5.768353158674697,0.478614593496695,0.45627249925305446,0.9222892727691203,1.1393562517290434,-0.2170669789599231,-15890228.77352669,483671806.9545418,-0.018226491897428573,False,False,False,False,False,True
2024-12-09 00:00:00-05:00,138.93972344033872,139.91950565348523,137.1001279875636,138.77975463867188,189308600,-0.025484639527453168,0.023161380518963257,142.31565551757814,138.19115982055663,-0.022053044853925785,0.5686319577489232,47.430341925350966,-66.71622178777591,-72.74255378048791,0.27824132942004315,0.11778825188190667,0.6209590761998527,1.0356768166232053,-0.41471774042335263,-111769726.2856861,478847345.524095,-0.025814997744640546,False,False,False,False,False,True
2024-12-10 00:00:00-05:00,138.97971741196267,141.78911819403848,133.76085313448985,135.04058837890625,210020900,-0.026943168111955185,0.02361250338126934,141.80676727294923,138.46386795043946,-0.006915778007913431,0.6308461186400978,42.71612293661009,-84.45086741339311,-93.69587053751225,0.09969352285822108,-0.2125590654995291,0.07951663849391366,0.8444447809973471,-0.7649281425034334,-207988774.4056753,473188717.1083709,-0.02731278957273571,False,False,False,True,False,True
2024-12-11 00:00:00-05:00,137.33007570041752,140.1394610798945,135.18055019628483,139.27964782714844,184905200,0.031391002506208965,0.024288859369806272,141.3583755493164,138.91013168334962,0.017525438885641842,0.5554053322139416,48.91516911617459,-64.34525779944354,-61.83930404163416,0.3696716871185938,0.28068592086437116,-0.007437983649452917,0.674068228067987,-0.68150621171744,-66301215.90642008,478993076.704982,0.030908379023090328,False,False,False,False,False,True
2024-12-12 00:00:00-05:00,137.05013599112348,138.40984029596007,135.77041608721427,137.31007385253906,159211400,-0.014141147004145926,0.024301267931098065,140.91247634887696,139.2800146484375,0.014847471534940482,0.4782280893628018,46.402576735705225,-63.8707396998223,-74.79376885196218,0.27001941126483675,0.12709266597588062,-0.2325970732331939,0.49273516780775084,-0.7253322410409447,-101626560.76280622,476741644.8928461,-0.014242085746424578,False,False,False,False,False,True
2024-12-13 00:00:00-05:00,138.90974525213795,139.56960518418134,132.51112983721956,134.22076416015625,231514900,-0.022498783998182836,0.024638548536138085,140.2876190185547,139.50813430786133,-0.028866203601223495,0.6954082954236953,42.69783320148947,-83.32720151196203,-102.15219650226236,0.11473310377420816,-0.10895900952228574,-0.6527937476756733,0.263629384711066,-0.9164231323867393,-189282941.2968393,471532841.1653852,-0.02275574313176116,False,False,False,True,False,True
2024-12-16 00:00:00-05:00,134.1507548377073,134.37070812011547,130.39157963416955,131.9712371826172,237951100,-0.01675990292273155,0.023922067019991267,139.78921661376953,139.64987533569337,-0.04775962436517711,0.71474090369645,40.18210794765782,-90.1985109070366,-150.87762457451814,0.046465945034822605,-0.29151483687947966,-1.154017866912369,-0.01990006561362101,-1.134117801298748,-238710723.7951616,467544803.829028,-0.016901939343344132,False,False,False,True,False,True
2024-12-17 00:00:00-05:00,129.06188284882555,131.5613383936032,126.8323727744144,130.36160278320312,259410300,-0.012196857692458485,0.023908054236692712,139.301806640625,139.70343963623046,-0.07030533400004024,0.7791985506693065,38.43697969452445,-82.06301297655156,-174.53138718312823,0.03164150475393309,-0.40023938874829595,-1.661967509379707,-0.3483135543668382,-1.3136539550128687,-264260012.17332733,464380813.31597006,-0.012271849763501331,False,False,False,True,False,True
2024-12-18 00:00:00-05:00,133.83084634553458,136.67022414162827,128.2520598203989,128.88192749023438,277444500,-0.011350545416578761,0.020532395812823154,138.39751052856445,139.62404022216796,-0.11176192157274734,0.8333684217287071,36.852504297877694,-89.5833266038311,-134.21419135195117,0.01885421315608026,-0.4578758788242399,-2.159030728308835,-0.7104569891552376,-1.4485737391535976,-285155406.4085761,461231666.91814005,-0.011415454493576114,False,False,False,True,False,True
2024-12-19 00:00:00-05:00,131.7312862928068,134.0007959707685,129.52177635647746,130.65151977539062,209719200,0.013730336903056806,0.021011987899405307,137.63767776489257,139.58483123779297,-0.09913155570650034,0.6299398932406556,40.03609780447645,-80.58953652027232,-122.34983502038656,0.14417394090365798,-0.21835510493085689,-2.3826993274766437,-1.0449054568195189,-1.3377938706571249,-191402137.15461656,464111182.1891796,0.013636929862881658,False,False,False,True,False,True
2024-12-20 00:00:00-05:00,129.7817201303188,135.25052978203578,128.19207015255643,134.670654296875,306528600,0.030762248524884184,0.022410303606700755,137.03981246948243,139.5828173828125,-0.05433885829466378,0.920729211055581,46.61865983669349,-60.162654855480696,-89.52418491870789,0.3680012569454494,0.23255248227304065,-2.2101702700968247,-1.27795841947498,-0.9322118506218446,11938122.164939404,473540691.1623644,0.030298575653244324,False,False,False,False,False,True
2024-12-23 00:00:00-05:00,136.25031123897003,139.75954112073697,135.09056027465786,139.6395721435547,176053500,0.03689681224631136,0.023150282488317655,136.92632675170898,139.68038146972657,0.006195554294799344,0.5288172136582809,53.425796464278136,-34.90858676852582,24.64779730526034,0.6545076287163046,0.7784321980166714,-1.6534298952624056,-1.3530527146324653,-0.30037718062994023,135203444.44429412,480036504.0971704,0.03623241826577878,False,False,False,False,False,True
2024-12-24 00:00:00-05:00,139.9695150682445,141.8690952419841,138.61980292789985,140.18946838378906,105157000,0.0039379685270666265,0.02102515191473454,137.1367500305176,139.72356201171874,0.038128388410421765,0.3158632559799371,54.123022205224466,-32.11378968792627,63.766692445385125,0.6718731547950797,0.83462792084852,-1.1545284212251659,-1.3133478559510054,0.1588194347258396,124149443.65715586,480450609.05357116,0.003930235025215761,False,False,False,False,True,False
2024-12-26 00:00:00-05:00,139.6695752314167,140.81933395538283,137.70000300728188,139.89952087402344,116205600,-0.0020682545779533434,0.021008676759217103,137.2876884460449,139.89030670166017,0.004450564433105653,0.3490502693981587,53.66682023562393,-30.62639921027136,44.81461088172951,0.6457422079850269,0.792750466133518,-0.773623894810072,-1.205403063722819,0.43177916891274704,101600448.22887355,480210266.28938735,-0.002070396370143514,False,False,False,False,True,False
2024-12-27 00:00:00-05:00,138.51983681592935,138.98973570413628,134.6806765533369,136.98016357421875,170582600,-0.020867528934809587,0.021408446343796798,137.37163696289062,139.91628845214845,-0.0024026662360885354,0.5123841061415142,49.17263328419102,-32.51327992725477,-9.072159977897407,0.47804604892890784,0.4619938351576156,-0.6992613992292718,-1.1041747308241097,0.4049133315948379,15944447.263368323,476650628.9481123,-0.021088332975125464,False,False,False,False,True,False
2024-12-30 00:00:00-05:00,134.80062832550155,140.23944563051566,133.99080722961983,137.46005249023438,167734700,0.0035033460575160102,0.0208653133092797,137.3341209411621,139.92767456054688,0.024134032840201325,0.5038297829228482,49.91512230988283,-29.32183367258976,-1.3133064083636579,0.507068720357871,0.5178242455364347,-0.5947496569783368,-1.002289716054955,0.4075400590766183,25165815.277345143,477238261.6480659,0.00349722363585767,False,False,False,False,True,False
2024-12-31 00:00:00-05:00,137.99994871496077,138.0399485497518,133.80086613446198,134.26075744628906,155659200,-0.023274362158217543,0.021482765925834882,137.11764602661134,139.85368103027344,0.017348630751288008,0.467558238968706,45.17698215856888,-50.598378816289525,-36.08695492193747,0.34102128035980606,0.19971935035745408,-0.761303883427189,-0.9540925495294019,0.1927886661022129,-49572116.49148875,473615393.05400753,-0.02354948741915449,False,False,False,False,True,False
2025-01-02 00:00:00-05:00,135.97038221662075,138.84975989825128,134.60068545398187,138.27987670898438,198247200,0.029935174947178123,0.02243088249078309,137.0206497192383,139.74590240478517,0.06074084513174993,0.5954811004584172,51.41617934838678,-23.86968663377763,5.18074663336966,0.5708189516161172,0.632265374741907,-0.5625057563167957,-0.8757751908868807,0.31326943457008505,71335205.90663967,479549957.66879576,0.02949586331644455,False,False,False,False,True,False
2025-01-03 00:00:00-05:00,139.97950221326124,144.86843662681642,139.69956441393234,144.43853759765625,229322500,0.04453765099626916,0.023324964068992687,136.9876564025879,139.7636962890625,0.12070435638542598,0.6888229173470061,59.09779502984846,-2.3835523797112463,130.02973407846642,0.9245781047528985,1.2752026393139428,0.09094727178415951,-0.6824306983526727,0.7733779701368322,262904392.4403277,489763443.1393877,0.043574348273635606,False,False,True,False,True,False
2025-01-06 00:00:00-05:00,148.55763229845726,152.12686204773377,147.78781099429082,149.39744567871094,265377400,0.03433230606964521,0.02455169350567407,137.20610809326172,139.96124542236328,0.14348035090251798,0.797122109108192,64.02944754432144,-10.790557340494782,253.55239184737442,1.1264916046341495,1.7430979466517302,0.9974578698188168,-0.3464529847183748,1.3439108545371916,413344069.71874976,498874461.26015437,0.03375610363261792,False,False,True,False,True,False
2025-01-07 00:00:00-05:00,152.99665754898407,153.09664186378797,139.97948999458222,140.10946655273438,351782200,-0.062169597905649465,0.02814488050869026,137.09113159179688,139.9560397338867,0.04038602384651502,1.056658815749645,51.50369120786298,-49.44807436620483,140.94779565420183,0.6583003364787301,0.7665722771168313,0.9553985178328048,-0.08608268420813889,1.0414812020409436,-112468758.8825162,477004303.3357896,-0.06418615432540818,False,False,False,False,True,False
2025-01-08 00:00:00-05:00,142.54894625810496,143.91864297451565,137.5300354006173,140.07948303222656,227349900,-0.0002140006756540247,0.027521528825393663,137.1561180114746,139.92764099121095,0.003150331112584892,0.6828977591668942,51.46868755444245,-52.26814972967748,60.2515049322514,0.6523182377328555,0.7465979060998046,0.9091664538963187,0.11296714341275263,0.7961993104835661,-97375614.81202805,476955650.30357975,-0.0002140235770659516,False,False,False,False,True,False
2025-01-10 00:00:00-05:00,137.42007490895548,139.88953842521914,134.19078233209814,135.8804168701172,207602500,-0.029976311100058384,0.027690449604747147,137.19810943603517,139.8356546020508,-0.03073734113803195,0.6235818975396301,46.6835575554641,-69.12877359744577,-13.186670856816821,0.43112731251325603,0.36449841072534434,0.5276156392604605,0.19589684258229423,0.3317187966781663,-207998617.39878285,470732493.1784299,-0.03043478623657809,False,False,False,False,True,False
2025-01-13 00:00:00-05:00,129.96170394882952,133.46094192558937,129.4817974709377,133.20098876953125,204808900,-0.019719015898715497,0.027057773661584683,136.8941764831543,139.67548431396483,-0.04788102248415904,0.6151906768704826,43.88011004880045,-79.88755367868508,-90.40017761036233,0.3089996865794972,0.141875751085266,0.008923549806610254,0.15850218402715743,-0.14957863422054718,-256680346.6146846,466693863.2231315,-0.019916029942706585,False,False,False,False,False,True
2025-01-14 00:00:00-05:00,136.02036676060487,136.35029670610186,130.021673763493,131.73129272460938,195590500,-0.01103367218590845,0.02699250432770551,136.6152374267578,139.52410919189452,-0.038318474096181276,0.5875010904527885,42.37687292893011,-90.47423215563194,-70.77194891858194,0.25389514913012534,0.04131628509294621,-0.5148015443724603,0.0238414383472339,-0.5386429827196941,-261077237.70891425,464535781.76345354,-0.011094994638631065,False,False,False,True,False,True
2025-01-15 00:00:00-05:00,133.6208947252083,136.42028814155947,131.26140794998662,136.21034240722656,185217300,0.03400140991541667,0.027652432618588595,136.71471633911133,139.59387725830078,-0.009091441916163956,0.5563427964073985,48.20091989081327,-71.50713837298868,-36.50537130168317,0.47443409554828897,0.44820394520352613,-0.5619576800091295,-0.09331838532403877,-0.4686392946850907,-105266562.4961819,470833431.1041803,0.03343613963986933,False,False,False,False,False,True
2025-01-16 00:00:00-05:00,138.6097963703303,138.7197730168145,133.46092441099125,133.54090881347656,209235600,-0.01959787741939023,0.027755994043737044,136.7931999206543,139.55747161865236,-0.005361571366826801,0.6284872893189776,45.26459180605486,-82.81118742511036,-29.78001336328994,0.33297814546637833,0.19299039652680958,-0.8054455637841897,-0.235743821016069,-0.5697017427681208,-170019987.80364698,466732857.4636077,-0.01979246231562134,False,False,False,True,False,True
2025-01-17 00:00:00-05:00,136.66022586007293,138.46982912838536,135.4304980750839,137.6800079345703,201188800,0.030994989908860404,0.02835244603914017,137.15912017822265,139.59085174560548,-0.004338077156928022,0.6043168731962338,50.318373167550575,-65.28365663881002,-2.1567818248574704,0.5280614360174685,0.5345802194457102,-0.6568490121955506,-0.31996485925196533,-0.33688415294358526,-26768505.93828225,472968702.2893835,0.030524345574771686,False,False,False,False,False,True
2025-01-21 00:00:00-05:00,139.1296971907641,141.79911388356058,137.0601406758009,140.79933166503906,197749000,0.02265633026365843,0.02845859710050466,137.7549903869629,139.60944061279298,-0.025195532945331056,0.5939846420759111,53.78175848566871,-52.07449176532405,42.74478795035112,0.6773466321372074,0.7922312059196778,-0.2841068122274919,-0.3127932498470707,0.028686437619578786,65176016.106681615,477448968.9426917,0.022403487481705956,False,False,False,False,True,False
2025-01-22 00:00:00-05:00,144.6285153116103,147.7578236263026,143.63872531436203,147.03799438476562,237651400,0.044308894409870625,0.0297544932407296,138.57431411743164,139.63883544921876,-0.015793116697720988,0.7138406857573952,59.815410760799544,-25.656097403109214,143.57697387073276,0.9787745872596256,1.319762917808711,0.5088364595459041,-0.14846730796847574,0.6573037675143798,267669003.7301307,487979039.73164964,0.04335532156933688,False,False,False,False,True,False
2025-01-23 00:00:00-05:00,145.0184168760411,147.19793483530896,143.68870466698334,147.1879425048828,155915500,0.0010197916582350697,0.02920826393401783,139.20017852783204,139.60584747314454,0.05052103991477441,0.46832809501735384,59.950741216617466,-25.021123411230672,123.46837006492945,0.9249038710672587,1.2974577813744,1.1362512779583938,0.10847640921689818,1.0277748687414956,232770465.50041652,488138041.0579392,0.0010192720239710856,False,False,False,False,True,False
2025-01-24 00:00:00-05:00,148.3376757009225,148.93755110518853,141.8490991802554,142.58892822265625,234657600,-0.031245862969203397,0.02924889865433026,139.3476463317871,139.50587249755858,0.017914437832786456,0.704848118303467,53.94961479858403,-44.49622223347394,84.7850145011518,0.6703376312935949,0.8033266122119519,1.2479939276713594,0.33637991290779046,0.911614014763569,45347019.88135594,480805961.843657,-0.031744427840295845,False,False,False,False,True,False
2025-01-27 00:00:00-05:00,124.77282637681094,128.3720332810038,116.67458414531102,118.39421081542969,818830900,-0.16968159946784855,0.0481380556672975,138.25788345336915,138.9693896484375,-0.12868819847235147,2.459547097872536,34.42585566098779,-95.27861197900879,-245.29234772076057,-0.254147580250553,-1.2984557594764505,-0.6087434923911701,0.14735523184799834,-0.7560987242391685,-2791328587.2166934,341865425.0379591,-0.18594603665397563,False,False,False,True,False,True
2025-01-28 00:00:00-05:00,121.78346978934897,128.97190639273322,116.22468308647471,128.9619140625,579666400,0.0892586147100114,0.05276271267073852,137.71100311279298,138.5836782836914,-0.03182464894735759,1.7411614679590384,43.96443294667195,-65.45550765840433,-166.92261629706252,0.18178739953047443,-0.22478347440793653,-1.21350738307396,-0.12481729113639334,-1.0886900919375666,-1517461289.400372,393605644.89589846,0.08549729482968607,False,False,False,False,False,True
2025-01-29 00:00:00-05:00,126.47245082309266,126.86236527865272,120.02385855553806,123.67305755615234,467120600,-0.041010995725330734,0.053317868452836835,137.04564781188964,138.1325782775879,-0.06117176110389477,1.4031042503238185,40.76820039679428,-77.23105639830572,-156.51077985749765,0.05574676105947102,-0.5827690251638364,-2.0953991853053537,-0.5189336699701854,-1.5764655153351683,-1653614508.7087507,374448563.96608454,-0.04187566998855154,False,False,False,False,False,True
2025-01-30 00:00:00-05:00,123.07319063695674,124.97277839409357,118.07427950119299,124.62285614013672,392925500,0.007679915114519931,0.05335560336240252,136.40378799438477,137.6906771850586,-0.08507053181355984,1.1802421882285037,41.589463862520866,-74.32761612690845,-140.8956761769811,0.1316332899106203,-0.44201489399994404,-2.6866934545955132,-0.9524856268952511,-1.7342078277002622,-1364069566.9630218,377466198.4524149,0.007650574691991052,False,False,False,False,False,True
2025-01-31 00:00:00-05:00,123.75304497053646,127.8221583994493,119.16404813082586,120.04385375976562,388161100,-0.03674287784916486,0.05370272028704351,135.69294281005858,137.2527685546875,-0.10107056462048625,1.1659312160935928,38.79662692813814,-88.32517322814341,-122.94292121691271,0.052915558138088174,-0.7141804712357782,-3.4846171494297096,-1.4589119314021428,-2.025705218027567,-1423115428.9493704,363204042.5693174,-0.03743490162743497,False,False,False,True,False,True
2025-02-03 00:00:00-05:00,114.72501007137596,118.54417785753162,112.98539113939225,116.63459777832031,371235700,-0.02840008775682923,0.053337911243342515,134.61067886352538,136.78326446533202,-0.15285741533550323,1.1150918810729777,36.81439983654694,-89.84982642934443,-150.94289091169148,0.03456377233091725,-0.8822745821327069,-4.34202374476348,-2.0355342940744103,-2.30648945068907,-1400618586.3496087,352660916.1108495,-0.02881117217609697,False,False,False,True,False,True
2025-02-04 00:00:00-05:00,116.93452639047727,121.17360082598954,116.67458088005824,118.62416076660156,256550000,0.017058085904001485,0.05228256980422698,133.31996002197266,136.21639068603517,-0.15749485907498573,0.7706069811962385,38.78017694882417,-84.31590860584217,-111.93567193241134,0.13170501207401028,-0.6427379059324315,-4.8055877193100685,-2.589544979121542,-2.2160427401885263,-1127612733.3505855,357037168.0495211,0.01691423038528022,False,False,False,True,False,True
2025-02-05 00:00:00-05:00,121.73347969845142,124.97277180794829,120.73369752398783,124.80281066894531,262230800,0.05208593141915263,0.05318956580682877,132.09022827148436,135.7954833984375,-0.1512206678882997,0.7876705716806649,44.549708717285164,-67.13015423608547,-68.0980274006897,0.3065601667048388,-0.0653603297263241,-4.621130582151835,-2.995862099727601,-1.625268482424234,-735063441.8988557,370695703.5143106,0.05077479483808351,False,False,False,False,False,True
2025-02-06 00:00:00-05:00,127.3922271289814,128.74193900024156,125.18270971123121,128.65194702148438,251483600,0.030841744123450532,0.05221867373731175,131.51735229492186,135.43596313476561,-0.12593419792374316,0.7553888825428274,47.84717760838237,-56.42388135512086,-30.797259014411893,0.42264129383598187,0.2806496477371495,-4.116896813154042,-3.2200690424128897,-0.8968277707411527,-491769426.3665345,378451896.3567548,0.030375695797451675,False,False,False,False,False,True
2025-02-07 00:00:00-05:00,129.19184651154228,130.3415898450845,124.97276475304243,129.81170654296875,228186300,0.009014706332354905,0.05228426022906574,131.00396347045898,135.19401153564453,-0.08960879248447362,0.685410079100913,48.834465308097975,-53.19804034143008,-19.624841401479006,0.4670775483998222,0.42723165367885824,-3.582409233870351,-3.292537080704382,-0.2898721531659687,-383710760.58598816,380508928.8403214,0.008974316421206694,False,False,False,False,False,True
2025-02-10 00:00:00-05:00,130.06165595495793,134.97058996230598,129.93169464945112,133.54090881347656,216989100,0.028727780951507853,0.052303906904629126,130.88698806762696,135.14520965576173,0.1279344479238076,0.6517767113759061,51.98221853131768,-42.82536099739163,20.351488770673736,0.573681169754663,0.7582171704549177,-2.8253397614694507,-3.1990976168573964,0.3737578553879457,-213295474.1600689,386742544.17398626,0.028322874672870098,False,False,False,False,True,False
2025-02-11 00:00:00-05:00,132.55113432807275,134.45071452657314,130.991476437857,132.77108764648438,178902400,-0.005764684199262349,0.05211256776772988,130.8654930114746,135.06301635742187,0.029537197952399286,0.5373745406071406,51.280864830770355,-44.96659859681422,19.293089113950764,0.5529349023572635,0.6910813491633028,-2.2614067948588,-3.011559452457677,0.7501526575988771,-202499385.6151595,385711228.3354961,-0.005781364125113791,False,False,False,False,True,False
2025-02-12 00:00:00-05:00,129.9916837727306,132.21120144058102,129.05188607934784,131.11143493652344,160278600,-0.012500106306125303,0.052131727046377314,130.83450012207032,134.97922119140625,0.060145495933855875,0.48143367022552885,49.7232716648306,-49.582879542214656,3.23233220208434,0.5076945659033597,0.5599159698300854,-1.9262019027834185,-2.7944879425228253,0.8682860397394068,-211571875.2185289,383707728.7968992,-0.012578889858638372,False,False,False,False,True,False
2025-02-13 00:00:00-05:00,131.53134519031366,136.4702717517269,131.1414307383845,135.26052856445312,197430000,0.031645551205647715,0.05205616330826889,130.78700942993163,134.92022430419922,0.08535892013544033,0.5930264521441176,53.52384876808217,-5.151157492529026,34.285184306069105,0.6246562625594543,0.9227114940213723,-1.31064414063556,-2.497719182145372,1.1870750415098121,-64325099.47843075,389955509.97143024,0.03115514993005512,False,False,True,False,True,False
2025-02-14 00:00:00-05:00,136.45026901957874,139.21966995740726,135.47048674490975,138.81976318359375,195479600,0.02631391919664594,0.05211150346509817,131.0509521484375,134.924814453125,0.15640875259971976,0.5871679767743061,56.557629044078034,-1.5243673233315547,63.35739765081961,0.7128398687234472,1.2310424891616365,-0.5295058771337438,-2.1040765211430466,1.5745706440093028,44258166.11216817,395099344.3704229,0.025973664080383454,False,False,True,False,True,False
2025-02-18 00:00:00-05:00,141.239247408195,143.408773131914,137.89996298841217,139.36964416503906,219176600,0.003961114533224563,0.051704704637485326,131.13543395996095,134.90781127929688,0.1949254065241408,0.6583473711746463,57.02436688854118,-13.27639697607508,81.17924753880065,0.7239083506002743,1.2498493765770755,0.13239644039330756,-1.656781928835776,1.7891783692290835,55152862.94155082,395967527.98602563,0.003953289974893495,False,False,True,False,True,False
2025-02-19 00:00:00-05:00,139.47961431944915,141.32921755912488,137.1901197103136,139.19967651367188,167536000,-0.0012195457080016459,0.051476864591743686,131.0554512023926,134.78983673095703,0.17345130717134083,0.5032329417333581,56.82115374142111,-13.835071391066045,73.36053743829589,0.7233513066152256,1.241803536251221,0.6359134128151993,-1.198242860505581,1.8341562733207804,43205925.31569312,395763210.17628986,-0.001220289959028898,False,False,True,False,True,False
2025-02-20 00:00:00-05:00,139.9994986264957,140.62936628696042,136.7601988439899,140.07948303222656,143903600,0.00632046381564888,0.050476837633880736,130.70752563476563,134.69085815429688,0.12240647691664974,0.4322475883035316,57.662210099614995,-10.943195271668966,79.18228226747195,0.7718553090439338,1.350385696610493,1.0933438865596372,-0.7399255110925375,1.8332693976521748,55120411.03109215,396672747.67303145,0.006300573451117179,False,False,True,False,True,False
2025-02-21 00:00:00-05:00,140.00948969645043,141.42919381606555,134.00080428998024,134.4007110595703,228217600,-0.04053964113609554,0.05123336289059776,130.0681640625,134.53069244384767,0.04468462523249572,0.6855040958559762,50.785987823054995,-29.609009526152995,64.69942825288251,0.6387135056214368,0.8840784806055498,0.9862623751610613,-0.3946879338418177,1.380950309002879,-137896177.76576027,387420888.06809044,-0.04138427875584398,False,False,False,False,True,False
2025-02-24 00:00:00-05:00,136.53026411475935,138.55982089892026,130.05167928786804,130.2516326904297,251381100,-0.03087095549146035,0.051222632598473636,129.45129928588867,134.36013000488282,0.0033889558898552163,0.7550810001979722,46.42951819229917,-49.21465484176356,38.44246187401441,0.5275474384593416,0.5823501301784751,0.5601465362118176,-0.20372103983109063,0.7638675760429083,-267196707.28790542,379660513.3185961,-0.031357503090659954,False,False,False,False,True,False
2025-02-25 00:00:00-05:00,129.9516936613149,130.17164697857655,124.41290666278033,126.60242462158203,271428700,-0.028016601354401205,0.03383021358706742,129.8617099761963,134.19136672973633,-0.051957742788660166,0.8152985816293878,42.940601629480724,-74.11815863783596,-27.226699334150666,0.38099267810460213,0.24153145597072861,-0.07119325804353593,-0.1772154834735797,0.10602222543004378,-370525720.8406089,372056003.6345528,-0.028416554250273,False,False,False,False,True,False
2025-02-26 00:00:00-05:00,129.96170661334043,133.7008826502409,128.46203316398234,131.2514190673828,322553800,0.03672121177534127,0.02846741926218923,129.97618522644044,134.03080215454102,-0.011445779393988387,0.9688645881558187,48.273402896576826,-63.99999749569537,14.204990634709345,0.546541688770395,0.6285853844327166,-0.1941614230168227,-0.18060467138222833,-0.013556751634594383,-103371928.62453106,383900570.03329384,0.03606305199932505,False,False,False,False,False,True
2025-02-27 00:00:00-05:00,134.97060540054449,134.98059773119874,119.98387142553824,120.12384033203125,443175800,-0.08478063562603311,0.03318077227756771,129.79872436523436,133.68707748413087,-0.08380348067894872,1.331180531581477,38.90161980539172,-99.40247814805169,-56.30056144631739,0.1571081599987078,-0.3550158161981332,-1.1759614351690288,-0.37967602413958845,-0.7962854110294404,-793100739.9785147,346327844.01521814,-0.08859149995504327,False,False,False,True,False,True
2025-02-28 00:00:00-05:00,117.99429297871988,125.06275289296238,116.37465068149442,124.89279174804688,389091100,0.039700290989980846,0.03436897377882913,129.81222114562988,133.50051803588866,-0.07665012791566839,1.168724685173743,43.92600278079328,-68.49115009309186,-89.04937370533047,0.32540911795178035,0.06846183427754886,-1.5513475262025054,-0.614010324552172,-0.9373372016503334,-414721126.7952874,361774873.9068299,0.03893248988054108,False,False,False,False,False,True
2025-03-03 00:00:00-05:00,123.48310269608358,123.67305612882248,112.25554513947324,114.03515625,411381400,-0.08693564573326684,0.0387930692238999,129.5117862701416,133.14179641723632,-0.1785380292056491,1.2356787323105916,36.55541955151872,-94.28755469269966,-140.421930725811,-0.011560769592425713,-0.806257723850937,-2.69391042897945,-1.0299903454376276,-1.6639200835418224,-993565150.3782778,326011166.2551746,-0.09094891427021023,False,False,False,True,False,True
2025-03-04 00:00:00-05:00,110.62590357369604,119.28401358591904,110.0860202624711,115.96473693847656,398163300,0.01692092817627522,0.0384818743053888,129.47829322814943,132.8538591003418,-0.1679340387699263,1.1959751262371165,38.5294755042854,-82.35825023509305,-155.28336687545604,0.056737578418201436,-0.6071469868570448,-3.4044542958466764,-1.5048831355194374,-1.899571160327239,-741871812.5327953,332748458.8569033,0.016779363971236926,False,False,False,True,False,True
2025-03-05 00:00:00-05:00,117.55439764571528,118.25424216283551,114.48506647308832,117.27445983886719,284337900,0.011294147988154979,0.03837225014291502,129.4108081817627,132.62170974731444,-0.15750910651470684,0.854074335446026,39.89646785432762,-78.4278339650986,-134.84606353214522,0.10712390699539616,-0.49797158953006054,-3.8178716889924402,-1.967480846214038,-1.8503908427784022,-582689573.7311132,335959813.1781445,0.01123084528624005,False,False,False,False,False,True
2025-03-06 00:00:00-05:00,113.50527582346177,115.32487918451908,110.1959990692751,110.5459213256836,321181900,-0.05737428697116553,0.038380307267033835,128.6979637145996,132.21959777832032,-0.21083431397122232,0.9647437707030683,35.52560972133635,-98.61985873431775,-161.60623459627132,-0.021007211369076975,-0.989865514013757,-4.635015206736753,-2.500987718318581,-2.1340274884181722,-808174603.7534516,317532230.6776003,-0.05908598603066686,False,False,False,True,False,True
2025-03-07 00:00:00-05:00,111.22576986878714,113.45528753337068,107.53657110597264,112.66545867919922,341755500,0.019173365494608907,0.037887085532772646,127.89863929748535,131.7794938659668,-0.16171977223198908,1.0265413142163753,37.83595322839463,-85.70233416527492,-142.58476174377003,0.09421508838820228,-0.7283613735038105,-5.053326775552421,-3.0114555297653487,-2.041871245787072,-589240582.0716144,324084833.78889316,0.01899187273782849,False,False,False,True,False,True
2025-03-10 00:00:00-04:00,109.87605754375717,111.82562964494369,105.43702244846195,106.95669555664062,366487400,-0.050670038443757504,0.03898430388396668,126.75588874816894,131.12583633422852,-0.17884564402470382,1.1008292689941857,34.27361717834921,-95.77776763547384,-141.10805548202683,0.024843085606974888,-1.0889501538162687,-5.778875897357963,-3.5649396032838716,-2.2139362940740916,-803947606.6331524,305514903.14174044,-0.051998846856173904,False,False,False,True,False,True
2025-03-11 00:00:00-04:00,106.96669412251354,112.2155506077548,104.74717644545998,108.73631286621094,354865700,0.016638671382923187,0.03846046394825565,125.51565895080566,130.49677322387694,-0.14111982301107873,1.065920817801949,36.28745476622986,-89.12508987592496,-118.4499884108875,0.11851411811810678,-0.8273327998825457,-6.139506154449478,-4.079852913516993,-2.0596532409324846,-598880071.0723041,311419396.90911144,0.016501765227412746,False,False,False,True,False,True
2025-03-12 00:00:00-04:00,114.10564961231475,116.74531696319002,112.8658000774832,115.7254409790039,323857500,0.06427593440097956,0.0418571928163249,124.66337661743164,130.01329162597656,-0.1182918874226272,0.972780551209358,43.59666654852301,-70.0718081488584,-66.27262391724155,0.29798642712662926,-0.21547075890385392,-5.794548060216329,-4.422791942856861,-1.3717561173594675,-189971266.9492823,332235640.3343767,0.06229469414049229,False,False,False,False,False,True
2025-03-13 00:00:00-04:00,117.01527472285696,117.74518623487266,113.77568449740161,115.56546020507812,299033100,-0.0013824166282918604,0.04184010486120158,123.88607788085938,129.58499755859376,-0.037947339298788796,0.8982147513886295,43.47372408510944,-68.00521244498216,-56.30723441311409,0.31304771294733436,-0.16539195279301266,-5.471009010401346,-4.632435356365758,-0.8385736540355877,-169666735.49473134,331822252.00452703,-0.0013833730477073038,False,False,False,False,False,True
2025-03-14 00:00:00-04:00,118.59508095437823,121.86466627272753,118.13513973204245,121.65469360351562,277593500,0.052690772724235835,0.04306851795951583,123.2057861328125,129.26889038085938,-0.025927021881804402,0.8338159775275699,49.33069521423348,-44.07673217575613,-20.561845636730723,0.4641687008710048,0.35263697953955386,-4.669425506421362,-4.639833386376879,-0.02959212004448286,96047314.06011027,346448868.02275217,0.051349526894497524,False,False,False,False,False,True
2025-03-17 00:00:00-04:00,122.72455649146468,122.87453914631989,118.01514995099303,119.51496124267578,255501500,-0.01758857219116783,0.04253682008214198,122.2405460357666,128.97397445678712,0.048053645672764045,0.7674575700881339,47.4693888301603,-51.154106385631486,-18.73916716018058,0.4334007895939298,0.25728402036385994,-4.1588823169151965,-4.5436431724845425,0.384760855569346,4225579.509648621,341954961.4450505,-0.01774508911535283,False,False,False,False,True,False
2025-03-18 00:00:00-04:00,117.98515020944649,119.00501849033903,114.52558655092061,115.41547393798828,299686900,-0.03430103864873846,0.04289649099980726,121.04283752441407,128.5166864013672,-0.004736465713535698,0.900178590189277,44.0408351671183,-64.71356188338306,-42.16113513258269,0.3524448916262789,0.02994207143466913,-4.038514049534555,-4.442617347894545,0.40410329835999015,-171887023.55332294,331675389.50562984,-0.03490312754959522,False,False,False,False,True,False
2025-03-19 00:00:00-04:00,117.25523471702526,120.43483472433577,115.66543852758707,117.50520324707031,273426200,0.018106145023541798,0.04328496072243061,119.95811386108399,127.97801971435547,0.0019675503815592688,0.8212985326913231,46.17499320211598,-37.20076398236386,-23.666939002259124,0.4286506762172499,0.2761813778493326,-3.731483421665274,-4.300390562648691,0.5689071409834172,-65705056.75843035,336626083.9360658,0.01794418088879404,False,False,False,False,True,False
2025-03-20 00:00:00-04:00,116.53533674228605,120.18487133427746,116.4553449784264,118.51508331298828,248829700,0.008594343382348546,0.04332622477731941,118.87989387512206,127.36037246704102,0.07208915436894703,0.747417282981741,47.22252782570153,-27.253543307519326,-10.758557269950524,0.4874209048316983,0.4343352600516984,-3.367848099168384,-4.113882069952631,0.7460339707842465,-20420312.38746196,338764611.82159257,0.008557622259224974,False,False,False,False,True,False
2025-03-21 00:00:00-04:00,116.92528940681295,117.97515272195331,115.40547637665556,117.68518829345703,266498500,-0.00700244218990731,0.042620054655091145,118.0441177368164,126.91188690185547,0.04455429084570506,0.80048959102836,46.4229602655705,-28.627169536452712,-18.068825550365233,0.48579348048191584,0.44378486352884405,-3.110771046357968,-3.913259865233698,0.8024888188757302,-49098236.02676009,336898471.4816456,-0.007027074345736345,False,False,False,False,True,False
2025-03-24 00:00:00-04:00,119.86491568880827,122.20462527069279,119.32498270837338,121.39472961425781,228452500,0.031520885292299905,0.04296579192531954,117.60127258300781,126.5381918334961,0.13498952994458668,0.6862096720784786,50.460693266242984,-8.163402236067578,49.23210356193476,0.6655677451559109,0.8036786960597729,-2.5779891925382685,-3.646205730694612,1.0682165381563435,78980653.20423998,344099496.5288847,0.03103430082036221,False,False,True,False,True,False
2025-03-25 00:00:00-04:00,120.53483816820751,121.27474294212928,118.90503833586045,120.67481994628906,167447200,-0.005930320618171225,0.042560631673087254,117.30489234924316,126.23407989501953,0.10979319387781028,0.5029662104921566,49.67822376491154,-12.134799950389251,47.95192026033055,0.6560609271163195,0.77958834155295,-2.188617409440141,-3.354688066443718,1.1660706570035768,50476723.01016329,343106480.9462697,-0.005947974800732827,False,False,True,False,True,False
2025-03-26 00:00:00-04:00,118.7150653108018,118.82504445296345,112.69581844673802,113.74568939208984,293463300,-0.05741985409452688,0.043308372605662115,116.42960586547852,125.8449739074707,-0.017107315125921563,0.881484574955705,42.79908442936603,-50.35950295073536,-31.81722474981919,0.3472080732275679,0.2508248795926836,-2.411363692995195,-3.1660231917540136,0.7546594987588184,-247226454.35787883,326255861.0781713,-0.05913432783180679,False,False,False,False,True,False
2025-03-27 00:00:00-04:00,111.33598571474475,114.43559407181797,110.6460777346271,111.41597747802734,236902100,-0.020481760025488183,0.03937808852752351,115.99421272277831,125.43866760253906,-0.03590590752364298,0.7115899907232486,40.755635105767375,-63.21141060276235,-82.59668970069669,0.2419294951115975,0.06384080479303687,-2.744246048549087,-3.0816677631130283,0.3374217145639413,-290753195.8548141,321403689.11643714,-0.02069442005115664,False,False,False,False,True,False
2025-03-28 00:00:00-04:00,111.47596724864877,112.85579846281165,109.05627362776653,109.65619659423828,229872500,-0.01579469052484972,0.03814618661655497,115.2323829650879,124.9075846862793,-0.0986274894446868,0.6904749689535464,39.231898919872094,-72.91928103504307,-105.64655319085534,0.16326474737528496,-0.07518511194420797,-3.114159234672215,-3.088166057424866,-0.025993177247348953,-307006343.7625266,317772924.1187636,-0.015920755853217165,False,False,False,False,False,True
2025-03-31 00:00:00-04:00,105.11677236112796,110.94604080353734,103.63696281055644,108.36636352539062,299212700,-0.011762518753230533,0.033098733034682463,114.94894332885742,124.40409378051758,-0.09328202596031365,0.8987542213314198,38.10731954863533,-75.41581833236428,-141.14741237976818,0.1258330789559663,-0.18710177535274253,-3.47138093032153,-3.164809032004199,-0.3065718983173311,-318281785.37919325,314253429.12380886,-0.011832244483078022,False,False,False,False,False,True
2025-04-01 00:00:00-04:00,108.50634668924769,110.18613567920701,106.45660912113902,110.13614654541016,222614000,0.016331479274976912,0.03308123305915313,114.6575138092041,123.85321655273438,-0.045741937475512695,0.6686723933425042,40.62235967278957,-66.21620301112742,-100.22775380329885,0.24952570372183636,0.0007646272404450642,-3.5705163093007997,-3.245950487463519,-0.32456582183728067,-216530319.29379022,317889045.05112857,0.01619955507426822,False,False,False,False,False,True
2025-04-02 00:00:00-04:00,107.27650160670082,111.96591394846298,106.77656451707789,110.4061050415039,220601200,0.002451134387405185,0.03295228043379023,114.31409606933593,123.24535202026367,-0.060415181705950616,0.6626264852086051,41.01609177993918,-64.81291555234351,-76.69820245175653,0.2858242819544147,0.07554372964193444,-3.585961682780777,-3.3139527265269706,-0.2720089562538064,-177089821.08203784,318429768.2383514,0.002448135257360069,False,False,False,False,False,True
2025-04-03 00:00:00-04:00,103.49698496682684,105.61671347851724,101.58722150219326,101.78720092773438,338769400,-0.07806546667441538,0.03502548231851453,113.87616004943848,122.34033615112304,-0.14114559866677046,1.0175718754849385,33.40097206614141,-99.06057010618107,-161.2175613149845,-0.0736836111685265,-0.8272591161593165,-4.244745005177975,-3.5001111822571715,-0.7446338229208038,-568908557.3959233,291983576.9323397,-0.08128106301638738,False,False,False,True,False,True
2025-04-04 00:00:00-04:00,98.89756129670621,100.11740141914926,92.09841365005991,94.29813385009766,532273800,-0.0735757247412051,0.03788458434723468,112.95779380798339,121.28253997802734,-0.19872555571769968,1.5988068843806291,28.457039580092697,-92.69346728922147,-218.6614043428221,-0.1877932644440801,-1.5174289801709335,-5.309931078717426,-3.862075161549223,-1.4478559171682033,-1057097933.7491615,252821146.33658448,-0.07642296864360092,False,True,False,True,False,True
2025-04-07 00:00:00-04:00,87.44898959160196,101.73719167720878,86.60909899272106,97.6277084350586,611041300,0.03530901884287374,0.0376855744909415,112.4913444519043,120.38331558227539,-0.1957829738961565,1.8354032024136626,33.19170733913633,-69.04495987419521,-188.32388648604976,0.002256348553153325,-0.9546945928494883,-5.818359447747554,-4.253332018788889,-1.5650274289586648,-615440002.8076396,274396415.1120585,0.03469995108481195,False,False,False,False,False,True
2025-04-08 00:00:00-04:00,103.79693724960859,105.83668151314755,94.448115096381,96.28788757324219,476243400,-0.013723776613149163,0.03742662055685032,111.86892318725586,119.94118911743163,-0.20208799469434646,1.430506680134994,32.266338318037455,-72.80897463086298,-132.01576340100274,0.026826030259248453,-0.9815619491088464,-6.2572749686112275,-4.654120608753357,-1.6031543598578706,-618674408.4954591,267860557.0769719,-0.013818818190133773,False,False,False,False,False,True
2025-04-09 00:00:00-04:00,98.8775535578917,115.08551252786717,97.51772411084168,114.31561279296875,612918300,0.18722734161151489,0.0553010437590964,111.79843177795411,119.64826309204102,0.005010505487503147,1.841041203987256,51.75610387714831,-22.162932544155552,-26.873768445398248,0.5766978864841249,0.7233569455561084,-5.091737539012158,-4.741643994805117,-0.35009354420704053,1048210891.9384537,382615621.01102084,0.17162062349893423,False,False,False,False,False,True
2025-04-10 00:00:00-04:00,109.3562417228181,110.84605211383005,99.13752639108027,107.55646514892578,437812400,-0.05912707353705149,0.0569029956635499,111.39798202514649,119.32593124389649,-0.034640564275107755,1.3150703250605342,46.368887451227174,-41.15168857843805,-52.63835877209848,0.3829758489321881,0.21699812814840783,-4.659732954218455,-4.725261786687785,0.0655288324693295,475718099.9482749,356729055.0407878,-0.06094718946890385,False,False,False,False,True,False
2025-04-11 00:00:00-04:00,108.4863440509602,111.53596322542542,107.46647578597839,110.9160385131836,313417300,0.03123543860990652,0.056010389254933284,110.86104927062988,119.05179489135742,0.011489017110515976,0.9414210072409894,49.19929804072751,-29.881759715940653,-6.962117223435333,0.5017485515061416,0.5227002627915784,-4.000165299419706,-4.580242489234169,0.580077189814463,558179573.2381785,366518781.8742205,0.030757538431215408,False,False,False,False,True,False
2025-04-14 00:00:00-04:00,114.09564149423704,114.27561914894163,109.0562747909433,110.6960678100586,264705000,-0.0019832181718143493,0.05590799754670023,110.42010459899902,118.86483917236328,0.021498407890397697,0.7951024009259416,49.016890081395786,-25.23277379190006,13.26066265894213,0.5090686942214332,0.5398127222662246,-3.4553716054600585,-4.355268312479347,0.8998967070192885,470121442.0654811,365993814.10805035,-0.0019851873529474666,False,False,False,False,True,False
2025-04-15 00:00:00-04:00,110.95604157012,113.6057097347757,110.48609947397975,112.18588256835938,228966900,0.013458605962924697,0.05549301624359044,110.25862503051758,118.77586486816406,0.018610929174865287,0.6877547908901229,50.359269107925186,-10.182567253172579,25.203920846120436,0.5639541254555126,0.6746885087709501,-2.870315863314289,-4.058277822646335,1.1879619593320463,451692417.025038,369075389.39370275,0.013368843414683697,False,False,True,False,True,False
2025-04-16 00:00:00-04:00,104.53685005598037,106.776566115048,100.43735975697352,104.47685241699219,397016900,-0.06871657979487544,0.05736391568158608,109.60720748901367,118.49291870117187,-0.05370402861583412,1.1925316499430478,43.91577363214139,-37.2542002095228,-64.60676399963451,0.32764832983757847,0.12521459813937755,-2.994194073271373,-3.845461072771343,0.8512669994999698,-50065821.50744331,341793745.90493864,-0.07119162246371745,False,False,False,False,True,False
2025-04-17 00:00:00-04:00,104.43685285244638,104.45685460754896,100.03741265575106,101.47722625732422,292517500,-0.028710916248660956,0.05752636634141263,108.75531463623047,118.02640701293946,-0.0030453207042232533,0.8786436469384943,41.68100599506034,-47.787921936684036,-77.5529113289189,0.25237247989616285,-0.04205849846615277,-3.2964141983876516,-3.735651697894605,0.43923749950695345,-168262582.02933356,333395300.461171,-0.02913113743929457,False,False,False,False,True,False
2025-04-21 00:00:00-04:00,98.75757087400713,99.42749238220217,95.02804439894429,96.89781188964844,288501100,-0.045127508275239814,0.05818098144827725,107.71594581604003,117.39132431030274,0.027568711419924785,0.8665794649884784,38.46302984579412,-63.86935143981927,-118.57005869301848,0.13843987241895037,-0.30889825672936855,-3.8609397821721245,-3.760709314750109,-0.10023046742201558,-332963082.08660984,320375964.6835052,-0.04617746393410636,False,False,False,False,False,True
2025-04-22 00:00:00-04:00,98.7675690784311,99.79743825075411,97.26775782667495,98.87755584716797,241004800,0.020431255555844352,0.05783487950055193,106.59008712768555,116.77264129638672,0.01280217913688686,0.7239133945889816,40.59817869459153,-56.91712778610636,-90.14983014772379,0.22521305442426542,-0.0733734496985139,-4.101304299555309,-3.828828311711149,-0.2724759878441603,-217235813.71235085,325299995.3424903,0.020225337506182262,False,False,False,False,False,True
2025-04-23 00:00:00-04:00,104.50684469329865,104.78681586825162,102.0071592730487,102.69707489013672,247526000,0.03862877687705457,0.05879739879088935,105.69119987487792,116.15576461791993,0.06656275756407393,0.7435013199282017,44.59251666342079,-43.504206112333684,-29.87568314712886,0.3805467754139663,0.2862588888887408,-3.938194589808944,-3.8507015673307086,-0.08749302247823554,-51140658.80631748,334861621.96776015,0.037901359416716324,False,False,False,False,False,True
2025-04-24 00:00:00-04:00,103.4669774804407,106.52658985205171,103.09702130913817,106.4166030883789,220815000,0.036218443438834624,0.05825249359069041,105.32474555969239,115.62867492675781,-0.06909825798594404,0.6632686827240203,48.24243182383708,-30.442420105990294,4.824883839657044,0.5455478956420939,0.610485589646135,-3.4688078716030475,-3.7743228281851766,0.3055149565821291,73497666.60813482,342859197.55570644,0.03557797435116442,False,False,False,False,True,False
2025-04-25 00:00:00-04:00,106.83655988818872,111.90592192622726,105.71670563343305,110.99604034423828,251064700,0.04303310877209787,0.05890741533548214,105.30374870300292,115.22636703491212,0.03197925099667387,0.7541306199646823,52.39991952403878,-14.360910226920199,67.152932636875,0.7382816415970502,0.969806801459316,-2.6962129366825565,-3.558700849884653,0.8624879132020964,227245862.9228523,353663292.09964055,0.04213291930397581,False,False,True,False,True,False
2025-04-28 00:00:00-04:00,109.67619446115806,110.35610916663857,106.0066506499314,108.71631622314453,207708500,-0.02053878781642582,0.05898973641602059,105.25675468444824,114.69548278808594,-0.019832319288770828,0.6239002929401634,50.236544870463696,-30.862400774456418,52.84576107423252,0.6455697476372522,0.8019549956869737,-2.2420357758300042,-3.295367835073723,1.053332059243719,127136728.56155898,349397211.29047245,-0.02075264199002478,False,False,False,False,True,False
2025-04-29 00:00:00-04:00,107.65645038374015,110.18613082106049,107.42648359585715,109.00627899169922,170444300,0.0026671504207291807,0.0589116907962543,105.28875045776367,114.09921310424805,-0.015265120539411203,0.5119686902557242,50.51638318670815,-30.309077382512154,58.77611763302058,0.65594261385904,0.8309328736521081,-1.837517770538554,-3.00379782216669,1.166280051628136,116034696.0688171,349851811.8769283,0.002663599886849873,False,False,False,False,True,False
2025-04-30 00:00:00-04:00,104.45685864823317,108.90629577636719,104.06690832142748,108.90629577636719,235044600,-0.0009172243677783021,0.058815034079994014,105.22725791931153,113.48994613647461,-0.029233507076915854,0.7060105618884327,50.411116122656786,-27.896103495195852,37.62825186386509,0.6554798349435272,0.826613902294669,-1.5076232049886755,-2.704562898731087,1.1969396937424115,96101094.50835307,349636223.2422936,-0.000917645275446254,False,False,False,False,True,False
2025-05-01 00:00:00-04:00,113.06577112138011,114.92553765737502,111.28599634849851,111.59595489501953,236121500,0.024697003047237986,0.0590536186321064,105.2867504119873,112.93787170410157,0.06814047622351116,0.7092452789340387,53.23432061130391,-16.733679560085864,110.65303260487092,0.7640671364899021,1.0327668097449387,-1.0174182087823027,-2.3671339607413304,1.3497157519590277,173098987.51928398,355467716.647312,0.024396962106891636,False,False,True,False,True,False
2025-05-02 00:00:00-04:00,114.1656362648126,115.38548400726445,113.35574060530446,114.485595703125,190194800,0.025893777340082025,0.05612681518106721,105.92167015075684,112.42599395751954,0.12819003756384095,0.5712938634465887,56.12441624146542,-4.420439512303228,121.11910113441957,0.8433005728865716,1.2284979209670241,-0.39124729875712205,-1.971956628344489,1.5807093295873669,226884082.9550231,360392578.4497534,0.025564210531268762,False,False,True,False,True,False
2025-05-05 00:00:00-04:00,112.89579778060671,114.65557085202862,112.64582923459892,113.80567932128906,133163200,-0.005938881460677781,0.05294349126536542,106.89704742431641,112.01409332275391,0.17449173621067993,0.3999863245310113,55.25907990342145,-7.7603309471674295,103.78189417190788,0.7949298940635375,1.1307980471058825,0.049562760389719074,-1.5676527505976474,1.6172155109873665,181537808.08463478,359601737.99002886,-0.005956586751732791,False,False,True,False,True,False
2025-05-06 00:00:00-04:00,111.46598025800552,114.72556468927546,110.8060596179303,113.52571868896484,158525600,-0.002459988236033883,0.05269253863315915,107.69194793701172,111.67957504272461,0.14814446732925002,0.4761681311959557,54.88384452880781,-9.135556111582495,89.09403899914322,0.7595943427466395,1.087909635202568,0.3720289071667935,-1.1797164190447593,1.5517453262115528,149263703.0417475,359211766.87891865,-0.00246301897850875,False,False,True,False,True,False
2025-05-07 00:00:00-04:00,113.03578272910664,117.66519758488604,112.2658753138673,117.04527282714844,206758800,0.031002262560666072,0.052634821098217294,108.72981719970703,111.48843200683594,0.13971379372159465,0.6210476503751972,58.68233676989082,-2.7385279087239467,121.73571238601039,0.8903795300943822,1.388911142194737,0.9011958319649835,-0.7635339688428108,1.6647298008077942,231897286.91376558,365621757.48324686,0.03053139956264387,False,False,True,False,True,False
2025-05-08 00:00:00-04:00,118.23512643493164,118.66507265437788,115.83542678286972,117.35523986816406,198428100,0.002648266209549277,0.03241687873523703,108.8817985534668,111.21050842285156,0.1027906967740797,0.5960244752504593,59.00965730998899,-5.541444432265796,130.29552787790894,0.8836067289196373,1.5289964676003946,1.330241980512227,-0.34477877897180326,1.6750207594840303,207555698.9277066,366147247.91550195,0.0026447657313610623,False,False,True,False,True,False
2025-05-09 00:00:00-04:00,117.33523143311392,118.21512557823269,115.19550133583151,116.63532257080078,132972200,-0.006134513449693735,0.029176934581417645,109.33574142456055,111.14073806762696,0.05080615676985478,0.39941261206401274,57.86311239613631,-9.486003734212472,108.81628448141575,0.8166824430336604,1.4814358280398086,1.5938004950486118,0.042937075832279736,1.550863419216332,164229315.24539858,365331528.1661666,-0.006153406884977771,False,False,True,False,True,False
2025-05-12 00:00:00-04:00,121.95465837416761,122.98452758789062,120.26486852149502,122.98452758789062,225023300,0.054436382368091785,0.030717682702678373,109.9391658782959,111.10257278442383,0.13124259412414263,0.6759092804982091,64.42762220171488,-0.0,158.28900383519854,1.003042065960071,2.2552559285660854,2.2886185292247347,0.49207336651077077,1.796545162713964,344870708.1135006,377580982.5666964,0.05300638945162764,False,False,True,False,True,False
2025-05-13 00:00:00-04:00,124.96428378706925,131.20349680462547,124.45434579721417,129.9136505126953,330430100,0.05634142002011444,0.03266385161439793,110.90004501342773,111.42014266967773,0.19179969919520112,0.9925228682805348,69.93285445963734,-4.589142783616732,197.11095099902417,1.1084639841218198,3.004129649825651,3.359661056791893,1.0655909045669953,2.2940701522248976,622687861.3766441,396197883.61808485,0.054811447442214924,False,False,True,False,True,False
2025-05-14 00:00:00-04:00,133.18323739959362,135.4229610498005,131.66342437777934,135.32296752929688,281180800,0.041637787832564666,0.033484378641970035,112.05689926147461,111.80730728149415,0.2425633115570729,0.8445912588514648,73.39450303989618,-0.31889702881239934,208.71048972713945,1.1150573030776374,3.5350305764447034,4.59202267308433,1.7708772582704624,2.8211454148138673,751017607.7773579,407905630.11107564,0.04079427045520887,True,False,True,False,True,False
2025-05-15 00:00:00-04:00,134.27309347043854,136.28285028501523,132.64330897356982,134.8130340576172,226632600,-0.0037682699470013015,0.02818278879339069,113.57370834350586,112.15807876586913,0.20804588467779506,0.6807431834989461,72.54656638751015,-4.562387867035859,181.5240166221199,1.0059256350542733,3.372623901968933,5.464538959640038,2.509609598544378,2.95492936109566,627219728.3071935,407051617.2954849,-0.003775387763059354,True,False,True,False,True,False
2025-05-16 00:00:00-04:00,136.20286928250525,136.3328578150344,133.44322189103337,135.38296508789062,226542500,0.004227566230946556,0.02651784337779063,115.26899528503418,112.65481964111328,0.18253273921860913,0.680472547408493,72.92309019274524,-2.9439478523078493,157.76399050937925,0.9520409076130704,3.2854916747311314,6.1313249761981865,3.2339526740751396,2.897372302123047,556061710.0384116,408009340.7183591,0.004218655178709104,True,False,True,False,True,False
2025-05-19 00:00:00-04:00,132.3733402168265,135.85289804232983,132.3733402168265,135.55294799804688,193154600,0.0012555708914034902,0.022758183895242336,117.20175209045411,113.11256942749023,0.19109124260277288,0.5801843040739308,73.04184564711676,-2.4171296032743603,133.4316013576843,0.9124887584166163,3.0870911634364684,6.597422913899251,3.9066467220399623,2.690776191859289,481314748.7497909,408251860.0116598,0.0012547833214361743,True,False,True,False,True,False
2025-05-20 00:00:00-04:00,134.27309787247168,134.56306993057714,132.60330981084104,134.36309814453125,161514200,-0.008777749736086693,0.02346401699173195,118.97602920532226,113.66069747924804,0.18354765507062032,0.48514507925287664,70.70423863175384,-7.716438447523794,109.55709004355931,0.8533862609913909,2.7000003788074554,6.792498256673483,4.483817028966667,2.308681227706816,385101549.3268646,406834128.7852355,-0.008816501114558823,True,False,True,False,True,False
2025-05-21 00:00:00-04:00,133.04325269152105,137.3827028648009,130.57356230685332,131.78341674804688,270608700,-0.019199329519102526,0.024046611800910857,120.43034629821777,114.12163955688476,0.1259183183131507,0.812835522870546,65.78829401270656,-21.068447451178187,91.89658820697,0.7689979054303897,2.049609526790882,6.662141126003007,4.919481848373935,1.7426592776290724,230360723.8349095,401638623.1831996,-0.019386030194288487,False,False,False,False,True,False
2025-05-22 00:00:00-04:00,132.21336282687446,134.23311300774128,131.53345568577518,132.81329345703125,187344000,0.007814918860036713,0.02342239260585868,121.75018081665038,114.46339660644531,0.1317201822963563,0.562730829410361,66.78129144212534,-17.19332786057435,79.28332514680935,0.7668362598695847,2.0188690198649595,6.566243041710038,5.248834087041155,1.317408954668883,225015080.73963225,403102701.3421143,0.007784540548358406,False,False,True,False,True,False
2025-05-23 00:00:00-04:00,129.98365220977007,132.66330787048915,129.14376150329426,131.2734832763672,198821300,-0.011593795625301828,0.022713296264856617,122.76405296325683,114.7775570678711,0.1255036671817893,0.597205541962626,63.79963093424446,-22.987175361783425,59.75693927625404,0.7074518746872411,1.716395349804054,6.293446373886667,5.457756544410258,0.8356898294764088,149134774.65213284,400797607.8239575,-0.01166152769728015,False,False,False,False,True,False
2025-05-27 00:00:00-04:00,134.13310453484723,135.64292419162265,133.2932139517279,135.48294067382812,192953600,0.03206631904936086,0.022193422700620875,124.10238418579101,115.05412200927735,0.10162589824159407,0.5795805543049952,68.00521390918037,-7.5637028088850515,77.40963905223965,0.7822795023242262,2.1571621722167027,6.343793775544611,5.634963990637129,0.7088297849074827,243862658.11421657,406984919.52328026,0.031562927639345206,False,False,True,False,True,False
2025-05-28 00:00:00-04:00,136.01289284806998,137.23274065219468,134.773043287045,134.7930450439453,304021100,-0.0050921217568175026,0.022418858177908573,125.39172248840332,115.35968368530274,0.03755875161689182,0.9131973575948539,66.63879981452033,-11.671854233055605,75.8538519494232,0.7421003760783779,1.8776810565317157,6.25591139012306,5.759153470534315,0.49675791958874527,179061874.34330484,405436807.0654387,-0.005105130789988944,False,False,True,False,True,False
2025-05-29 00:00:00-04:00,142.2321134030903,143.47196297724966,137.89266277883826,139.17250061035156,369241900,0.032490219098310735,0.02273383872721718,126.90503273010253,115.83482421875,0.028447004609334137,1.1091030438127591,70.66787248219734,-15.205093273058003,102.02215499305542,0.8271824050032662,2.246165231120757,6.465123510658557,5.900347478559164,0.5647760320993935,384492820.05217844,417433557.29671526,0.03197357277991088,True,False,True,False,True,False
2025-05-30 00:00:00-04:00,138.7025513364048,139.6024320207408,132.9032778793795,135.11300659179688,333170900,-0.0291687941278016,0.024355371778609816,128.0808853149414,116.18698028564454,0.0022251003864468544,1.0007554919954544,63.06483451227398,-36.01896998088023,65.02921474096576,0.6988903785671956,1.4735907926888934,6.23152523882122,5.9665830306115755,0.26494220820964465,136350234.94379842,407715363.9052409,-0.029602661154968134,False,False,False,False,True,False
2025-06-02 00:00:00-04:00,135.4729551269194,138.10261378714853,135.38295485750098,137.3627166748047,197663100,0.016650581167249268,0.024122168597247442,129.2247413635254,116.56393295288086,0.014623343384662979,0.5937266216522713,65.29335730247601,-32.12414176082165,69.91683610036885,0.7399525317895057,1.6139322979905935,6.156956169344468,6.004657658358154,0.15229851098631464,180398011.25305316,411006569.395561,0.016513480023338883,False,False,False,False,True,False
2025-06-03 00:00:00-04:00,138.76252943263086,141.9821253260672,137.93263208053457,141.2022247314453,225578800,0.02795160251329598,0.024176619707016577,130.5945686340332,117.03427368164063,0.04167579397446852,0.6775778526208148,68.75793621097098,-15.841054789256605,97.61787375286673,0.8281776632052884,1.9089208251987029,6.334653909522416,6.0706569085910065,0.26399700093140943,278357098.21794903,417311858.3485873,0.027568086657488073,False,False,True,False,True,False
2025-06-04 00:00:00-04:00,142.17211569309742,142.37208748278405,139.52243989492337,141.9021453857422,167120800,0.004956867043901525,0.02401374678920333,132.01338996887208,117.44442199707031,0.05610950733735964,0.5019857929569298,69.35842763490085,-10.956138454368853,107.5048920220933,0.8330143868730534,1.8351923119898879,6.457520123856199,6.148029551644045,0.3094905722121535,255301984.14147308,418140253.9344577,0.004944622225742636,False,False,True,False,True,False
2025-06-05 00:00:00-04:00,142.15211531599257,143.98188696027037,138.81253909953503,139.97239685058594,231397900,-0.013599149821945877,0.02417650985840432,133.15974617004395,117.83037353515626,0.06213968574054607,0.6950568589910313,65.61387960324058,-27.021540701419138,106.76667988398471,0.7517703368597755,1.4188397441950384,6.326252800386072,6.183674201392451,0.14257859899362124,155038878.0408009,414993439.2238741,-0.013692465232481282,False,False,False,False,True,False
2025-06-06 00:00:00-04:00,142.4920575502711,143.2519716576077,141.49218341482276,141.70216369628906,153986200,0.012357914021787986,0.024134264487321956,134.3770923614502,118.38950302124023,0.06692756431142644,0.4625329983546296,67.31717990059164,-15.363957331345402,127.10142757017228,0.8076158507971004,1.4969498592369088,6.2893010810808505,6.204799577330132,0.08450150375071885,170941927.3858023,416896387.4440159,0.012282178320791714,False,False,True,False,True,False
2025-06-09 00:00:00-04:00,143.17198765195985,144.98175749406252,141.9221449149421,142.612060546875,185114500,0.006421192357627836,0.023861284062397636,135.6759292602539,119.01342468261718,0.08637370615539286,0.5560340129434851,68.20924822213618,-14.962100941108853,139.27660991362515,0.8748033019279033,1.4410787063371806,6.261261721203766,6.2160920061048595,0.04516971509890677,170583809.26608634,418085043.256702,0.006400664331388976,False,False,True,False,True,False
2025-06-10 00:00:00-04:00,142.6720500430919,144.27183958658884,141.51219232566982,143.94189453125,155881900,0.009324835355968286,0.021490991486579788,136.7237976074219,119.69913864135742,0.06243556432530206,0.46822716968284517,69.51873619048303,-6.565622086396799,125.08813092279422,0.9558662967810586,1.4768135842906847,6.274023774512841,6.227678359786456,0.046345414726385314,175828557.6807805,419538616.3091775,0.009281627475316726,False,False,True,False,True,False
2025-06-11 00:00:00-04:00,144.6018435649776,144.9818270127783,141.8619926278542,142.8219451904297,167694000,-0.007780565515463356,0.018491357949677538,137.36921234130858,120.3882502746582,0.059564647002868565,0.5037075311039643,67.01516780748145,-13.637283044796373,109.60658482588453,0.8544235999178563,1.2664798371446964,6.123182999638118,6.206779287756788,-0.08359628811867026,123880365.90359451,418233862.1556274,-0.007810992041811264,False,False,True,False,False,True
2025-06-12 00:00:00-04:00,141.9619934165529,144.9918212890625,141.84200506767834,144.9918212890625,162365000,0.015192875966922648,0.016572729658990027,137.85265502929687,121.08536376953126,0.04181372507636105,0.4877006529016849,69.32046836937783,-0.0,107.3548468901901,0.9296604143127678,1.510583426524756,6.108318571354971,6.1870871444764255,-0.07876857312145447,156513446.8822977,420700653.46199685,0.015078620024351478,False,False,True,False,False,True
2025-06-13 00:00:00-04:00,142.47195608609783,143.57190012016565,140.84205843661482,141.9619903564453,180820600,-0.020896564410876506,0.017394966079044463,138.2101028442383,121.71648147583008,0.05069078053558962,0.5431362958647148,62.72807134877597,-25.06365597521262,67.81705119168821,0.7241543217410402,1.035710242659964,5.7853662688576435,6.10674296935267,-0.3213767004950263,55889262.022769555,416922124.1472835,-0.021117987702597655,False,False,False,False,False,True
2025-06-16 00:00:00-04:00,143.3419182543515,146.17174515794912,143.19191756263837,144.6818389892578,183133700,0.019158991966676142,0.017778801954736547,138.67504653930663,122.57437423706055,0.05328317968390617,0.5500842241757847,65.86624489785228,-11.228924467392746,100.81281246141236,0.8446190213500977,1.3552396916808118,5.683378842807969,6.022070144043729,-0.33869130123576063,119061645.1005017,420430781.2344112,0.018977769514788943,False,False,True,False,False,True
2025-06-17 00:00:00-04:00,144.48185167828373,145.2118062109318,143.77188503129375,144.1118621826172,139108000,-0.003939518675062925,0.017850766639062238,139.10299224853514,123.57064880371094,0.020606172860985428,0.41784289978657707,64.63801341867196,-15.524649020003391,87.68085988930251,0.7814450442458224,1.2249547232272309,5.493238078930943,5.916303731021173,-0.42306565209022917,90725933.85497802,419882762.67056054,-0.0039472990193553685,False,False,True,False,False,True
2025-06-18 00:00:00-04:00,144.00186822839106,145.64177507521472,143.1119190601379,145.47178649902344,161494100,0.009436588326663609,0.017670330457529977,139.65842666625977,124.52753036499024,0.02515565288726007,0.4850847042759831,66.25486703395188,-5.27535429850446,88.2721128798748,0.8218379399257009,1.3380094234958728,5.3901503822855545,5.811073061274049,-0.4209226789884948,109139336.66800153,421406716.0094456,0.009392341866327442,False,False,True,False,False,True
2025-06-20 00:00:00-04:00,145.4417889825313,146.1917466588846,142.6419439392267,143.84188842773438,242956200,-0.011204221179341944,0.017198979698328926,140.26135025024413,125.47861038208008,0.027644676123385503,0.7297748736889867,62.56271140120488,-21.740248811614812,75.66347298558904,0.7121507422169377,1.0456046860084216,5.117937094243615,5.672445867867962,-0.554508773624347,36977454.03146993,418684581.0077532,-0.011267461279875837,False,False,False,False,False,True
2025-06-23 00:00:00-04:00,142.49196127355907,144.77183143330174,142.02198656661903,144.161865234375,154308900,0.002224503655632759,0.017188163250259944,140.82877883911132,126.0755354309082,0.017358249683172344,0.46350230208813975,62.998647217764926,-24.577470202806165,60.83388940383448,0.7118712767589872,1.01151283518151,4.871865721016917,5.512329838497753,-0.6404641174808363,38748570.46386388,419027841.7198999,0.00222203311052184,False,False,False,False,False,True
2025-06-24 00:00:00-04:00,145.55178305584516,147.9516567694991,145.4917888831412,147.8916473388672,187566100,0.025872182622140638,0.017410965035923383,141.65968704223633,126.88223907470703,0.037020619236175056,0.5633979578863839,67.71748616326718,-0.6566217089985651,134.99781968013596,0.937071939066546,1.4759101600862752,4.921087397382649,5.394081350274733,-0.47299395289208324,133153157.99608219,423880586.1128226,0.025543160647058204,False,False,True,False,False,True
2025-06-25 00:00:00-04:00,149.2615908362584,154.44129154756814,149.2515816348226,154.30130004882812,269146500,0.043340194157648115,0.018446853921675832,142.60060501098633,127.74994430541992,0.07196935646368807,0.8084434685813034,73.8819352329584,-0.8957304762840147,247.9422334774888,1.191315812698343,2.2578935985784074,5.414881948066295,5.398241469833046,0.016640478233249212,360579220.1539992,435545447.679674,0.04242729173228149,True,False,True,False,True,False
2025-06-26 00:00:00-04:00,155.9711982969104,156.71116205301092,153.99131424314706,155.01126098632812,198145700,0.004601133867798479,0.018247405334664863,143.61151580810548,128.63624816894531,0.08534623849049239,0.5951762218437556,74.46359800397612,-10.712016934128814,268.9873498246425,1.1141278252529871,2.210663768419196,5.796685024692323,5.4779301808049015,0.3187548438874215,329164432.55108416,436457142.5707027,0.004590581009059721,True,False,True,False,True,False
2025-06-27 00:00:00-04:00,156.03119384319848,158.7010567029259,155.25123904977087,157.74110412597656,263234500,0.017610611785741304,0.017446455504309896,144.53994598388672,129.54735260009767,0.08793104827269183,0.7906854156760914,76.61969533191025,-5.375175934476607,241.53579146865223,1.105884905044537,2.5548019789548513,6.247524665386152,5.631849077721152,0.6156755876649997,384796498.4643274,441092863.1588164,0.017457341797913372,True,False,True,False,True,False
2025-06-30 00:00:00-04:00,158.39105963903748,158.65105473929458,155.95121007936535,157.98109436035156,194580300,0.0015214185022018878,0.015378035081952316,145.68335037231446,130.61743743896486,0.11284079607284081,0.5844667222111029,76.8051089177277,-4.0313702473025765,189.286284162765,1.035572797035936,2.5513710642558634,6.548694263938188,5.81521811496456,0.7334761489736277,336496623.2268175,441388901.22740036,0.001520262317617653,True,False,True,False,True,False
2025-07-01 00:00:00-04:00,156.28118836420296,157.19114075936278,151.4814709885328,153.29136657714844,213143600,-0.029685373444153784,0.01736223826139033,146.47978286743165,131.65372024536134,0.05950662258674955,0.6402258669159953,65.82035449740232,-30.291117369008433,111.51370847255365,0.8022100996829001,1.5915247616213208,6.335915017830956,5.91935749553784,0.4165575222931164,145627753.8041388,435061653.864169,-0.030134902803088715,False,False,False,False,True,False
2025-07-02 00:00:00-04:00,152.97137110311218,157.5911210146133,152.9613771597412,157.2411346435547,171224100,0.02576640912401551,0.017220763679897638,147.2817283630371,132.86058670043946,0.09110473115877316,0.514310999060779,69.74504486091817,-8.174714155861672,117.6727021429723,0.9178541557051365,2.071931867413709,6.412084684806928,6.017902933391658,0.3941817514152701,221437429.31485474,439473484.07666034,0.02544004940841766,False,False,True,False,True,False
2025-07-03 00:00:00-04:00,158.36106240246136,160.97091579811564,157.76110539966962,159.3310089111328,143716100,0.013290887733134138,0.017306680321142395,148.15317153930664,134.06965576171876,0.0952708614202824,0.431684388892211,71.60303345020675,-8.147044104547005,135.19927269064283,0.9387901385420083,2.245421760160414,6.565403200964653,6.127402986906257,0.4380002140583956,232710450.73083043,441383598.62720424,0.013203338767271606,True,False,True,False,True,False
2025-07-07 00:00:00-04:00,158.19107281354107,159.3010108082469,157.33112071622008,158.2310791015625,140139000,-0.006903425874769886,0.016970085982899653,149.06610565185548,135.18033584594727,0.10003477311866082,0.4209397456162918,69.19452722877584,-14.459058150890279,105.85986652968973,0.8558543216245607,2.0175481727413658,6.522961447322331,6.206514678989472,0.3164467683328587,177445662.97165838,440416159.4285399,-0.006927364756319279,False,False,True,False,True,False
2025-07-08 00:00:00-04:00,159.32102164925746,160.21097087662494,158.3810721884118,159.99098205566406,138133000,0.01112235955220875,0.016949052487564297,149.9805465698242,136.25182342529297,0.10980099900590523,0.41491426284771005,70.8821819929031,-5.171446525974398,104.96306403938456,0.8778106296960143,2.15968146431544,6.55576473699162,6.276364690589902,0.2794000464017179,186824950.36983734,441952524.3205651,0.011060960956559299,True,False,True,False,True,False
2025-07-09 00:00:00-04:00,161.2109090473586,164.41072552837133,161.15091487239096,162.87081909179688,183656400,0.01799999599434221,0.017152681755047642,150.9934844970703,137.28931900024415,0.10128477180734619,0.5516542739480369,73.44579739269777,-6.87804006829124,123.09410415856544,0.9266167145172308,2.459774779194948,6.73648634019051,6.3683890205100235,0.3680973196804862,235692886.40883523,445258338.7849004,0.01783991419350016,True,False,True,False,True,False
2025-07-10 00:00:00-04:00,164.31074810125853,164.4907306346819,161.6008940928153,164.09075927734375,167704100,0.007490231782154355,0.017143386719773248,152.000927734375,138.3968078613281,0.06344378968562014,0.5037378687789207,74.47116671517479,-1.7801233399007825,115.9275522257661,0.9131447357423689,2.4897778169155695,6.8986254305444845,6.474436302516915,0.42418912802756914,231249469.90342617,446514481.364718,0.007462319290115549,True,False,True,False,True,False
2025-07-11 00:00:00-04:00,163.71077623333997,167.88053943905462,163.4607903198708,164.91070556640625,193633300,0.004996907154757091,0.01680975523438493,153.10536575317383,139.51489639282227,0.06386274466182984,0.5816221897176598,75.1652916878046,-11.484919079961806,123.9785993216396,0.8929157880723501,2.4034934004861577,7.012449488148178,6.582038939643168,0.4304105485050096,220895103.59921184,447482048.9868872,0.004984464048350547,True,False,True,False,True,False
2025-07-14 00:00:00-04:00,165.36067502496692,165.48067863727533,162.0108729824689,164.06076049804688,136975800,-0.005153971450429062,0.016925410176770458,154.05881271362304,140.61798568725587,0.04006347240363706,0.4114383462675491,72.95103335717693,-17.061152793981364,100.11964709973527,0.8277058926693096,2.1051044866590956,6.9539120407817165,6.656413559870878,0.2974984809108383,172706959.41438445,446776079.62428755,-0.005167298974125016,True,False,True,False,True,False
2025-07-15 00:00:00-04:00,171.18034650685541,172.39026971263084,169.19045325951484,170.69036865234375,230627400,0.040409468627178535,0.017282210324141324,155.49523162841797,141.79987396240233,0.0804480709761548,0.6927424848767779,78.31664370888367,-7.346574942238942,155.6434498568421,0.9798540750887229,2.9010764253673464,7.357660138022169,6.796662875501137,0.560997262521032,366458721.1615134,456095610.3091553,0.03961435549979123,True,False,True,False,True,False
2025-07-16 00:00:00-04:00,171.05035621730414,171.74031976856003,168.89047429804987,171.36033630371094,158831500,0.0039250466013800445,0.017164661729315314,156.82915649414062,142.93736877441407,0.11787336840962115,0.4770869722622115,78.77485911986156,-4.925837311413172,140.74190268896896,0.9417417215929597,2.807981287427765,7.643583728983202,6.96604704619755,0.6775366827856519,329309184.8553154,456719031.3484224,0.003917363703228754,True,False,True,False,True,False
2025-07-17 00:00:00-04:00,172.01030913929756,174.15018791751396,170.82037376702192,172.99024963378906,160841100,0.009511613744672687,0.016907583307476794,158.27307586669923,144.12106018066407,0.1001590011795297,0.4831232684594906,79.88834899135765,-5.116911942386814,145.8486460177737,0.9381399020184692,2.7746020065476444,7.910513147332296,7.1549402664245,0.7555728809077955,319716023.14947444,458248889.76589066,0.009466663156954554,True,False,True,False,True,False
2025-07-18 00:00:00-04:00,173.63021019833226,174.24017641906912,171.2503394915346,172.40028381347656,146456400,-0.0034103992656315807,0.01714484136096916,159.61950073242187,145.29855148315428,0.08202593450991813,0.43991551074203383,78.2874105200392,-8.084346498566179,131.00770147231518,0.8805667921615341,2.4608242346106266,7.982434784050014,7.320439169949603,0.6619956141004106,261698838.39011875,457749414.9668836,-0.003416227933035546,True,False,True,False,True,False
2025-07-21 00:00:00-04:00,172.7402639749064,173.37023335124513,170.99036260323587,171.37034606933594,123126100,-0.005974107010490393,0.01686338691134232,160.99592361450195,146.38505294799805,0.08303847159722544,0.3698375842037271,75.44497690242406,-12.609813675441337,110.39394212324015,0.8266240459485271,2.126790716156281,7.865655451073508,7.429482426174385,0.4361730248991229,206197258.9516971,457013846.46969926,-0.005992023379618822,True,False,True,False,True,False
2025-07-22 00:00:00-04:00,171.33033873133073,171.38033896465845,164.5707252526767,167.0205841064453,193114300,-0.025382232472884958,0.01849215941251514,162.13885955810548,147.37835983276366,0.04393748922883356,0.5800632537471244,64.75216564123636,-33.92857005058204,61.143583413491086,0.6736521533330881,1.2327621957491552,7.337535014225153,7.4110929437845385,-0.07355792955938512,56740331.0114191,452112174.4132608,-0.025709918154959016,False,False,False,False,False,True
2025-07-23 00:00:00-04:00,169.52044095634585,171.25033914956657,167.96053134785282,170.77037048339844,154082200,0.022451043366986,0.01832883158534009,163.28279571533204,148.46106079101563,0.048501944274923936,0.46282135645322575,68.8507583929682,-20.520400409385637,79.28119053591331,0.7900139919818765,1.5947838755290973,7.139275066545622,7.356729368336755,-0.21745430179113345,131173902.93706878,455571480.5675414,0.02220272844087625,False,False,False,False,False,True
2025-07-24 00:00:00-04:00,172.43027959809626,173.82020061413024,171.29034448608226,173.73020935058594,128984600,0.017332274087179744,0.01647147316133445,164.2542411804199,149.47597442626954,0.05874462471679909,0.3874349375435757,71.65270689084036,-3.0159405554341676,102.11413110089426,0.8649320021874026,1.925513002399064,7.138696440913719,7.313122782852149,-0.17442634193842999,166973864.28157794,457807077.00776666,0.01718378355484954,True,False,True,False,False,True
2025-07-25 00:00:00-04:00,173.60021352539138,174.71015156060187,172.9502562716434,173.49021911621094,122316800,-0.0013813961041784228,0.016553783258027505,165.17818908691407,150.34750579833985,0.0520252067343796,0.3674066653579578,71.09429123677941,-7.470919925030137,99.66893453497991,0.8234249921486319,1.7714707211570109,7.037745915629046,7.258047409407529,-0.22030149377848307,138926906.8842097,457638109.0567711,-0.0013823511113735406,True,False,True,False,False,True
2025-07-28 00:00:00-04:00,174.0101941822023,176.9900219174052,173.96019394928393,176.7400360107422,140023500,0.018731989106281377,0.016597815105396284,166.12813568115234,151.17584716796875,0.07728402254264966,0.42059281477891836,74.04420502092172,-1.57828282839776,111.74242344072337,0.898609771624601,2.12916327065146,7.1376960436377885,7.23397713625358,-0.09628109261579176,184087453.89095068,460261027.7333945,0.018558706011775717,True,False,True,False,False,True
2025-07-29 00:00:00-04:00,177.94996552058157,179.36988356772682,175.01012896550742,175.50009155273438,154077500,-0.00701563995343113,0.016822782998680362,167.00408554077148,151.9895883178711,0.028178056784134764,0.4628072389213153,71.06428166479972,-21.77834603625772,108.89217186536524,0.8180359967086396,1.766169123995804,7.0357503348162425,7.194331775966114,-0.15858144114987116,130496740.15957221,459180075.46846974,-0.007040365265865425,True,False,False,False,False,True
2025-07-30 00:00:00-04:00,176.50004870661488,179.87986313645385,176.03007396904806,179.25990295410156,174312200,0.021423415612506602,0.01499412803039518,168.30251235961913,152.8671270751953,0.046099154686471966,0.5235868182719742,74.42531503350898,-3.4694752026265454,120.40956349185464,0.9276854708968302,2.1862966760658407,7.175626824768074,7.190590785726506,-0.014963960958432665,205480205.4164044,462914438.17540014,0.021197159985772103,True,False,True,False,False,True
2025-07-31 00:00:00-04:00,182.88968537366165,183.28967198380855,175.92007699286586,177.85997009277344,221685400,-0.0078095147785869345,0.014773728811006956,169.33345413208008,153.71326751708983,0.028150259735986838,0.6658831294846252,71.11313298270764,-25.51695652885894,120.55816921504503,0.8439391205515954,1.7478192902345193,7.0917675863649094,7.170826145854187,-0.07905855948927787,131790936.59453666,461183182.7679032,-0.00784016873845862,True,False,False,False,False,True
2025-08-01 00:00:00-04:00,174.08017933113513,176.53003812303805,170.88036283204175,173.710205078125,204529000,-0.02333164124835896,0.01607193406746608,170.0524139404297,154.50020965576172,0.007598138678621025,0.6143499327892632,62.26701825819697,-51.17524529172228,50.521619369883794,0.6571739530686046,1.0218039196783406,6.614212653839331,7.059503447451217,-0.4452907936118855,-8285952.730544314,456411185.5150176,-0.023608133130421878,False,False,False,False,False,True
2025-08-04 00:00:00-04:00,175.150129411279,180.18983857913796,174.5101661001552,179.98985290527344,148174600,0.03615013766361175,0.017306850429844575,171.14035263061524,155.46433837890626,0.05029753999825659,0.44507651996086595,68.6269927238285,-17.628230508542003,107.64006773298505,0.8998340515515943,1.700822764979716,6.665624853555158,6.980727728672006,-0.31510287511684787,125824084.07790329,461767717.70326823,0.03551205386204827,False,False,True,False,False,True
2025-08-05 00:00:00-04:00,179.6098628583566,180.24982614601393,175.8900714807458,178.24993896484375,156407600,-0.009666733498278846,0.01764226063010007,172.0533004760742,156.3730712890625,0.06723335880110293,0.4698062306456784,65.3407796333459,-26.923165557082974,101.39586716245974,0.8032611784754699,1.3169835611285516,6.4911469765625895,6.882811578250124,-0.39166460168753403,68972677.26260993,460255767.11696285,-0.009713759671598475,False,False,False,False,False,True
2025-08-06 00:00:00-04:00,176.32005948301483,179.88985025482887,176.2400621628547,179.40988159179688,137192300,0.006507394244785081,0.017401434897282242,172.88025360107423,157.3357992553711,0.05059139406878743,0.4120886538544873,66.49272860305948,-20.726542191388994,101.55466322750246,0.8339009832999312,1.3610286653118604,6.373005636036851,6.78085038980747,-0.40784475377061913,81853037.20505726,461148531.5004117,0.006486312563307068,False,False,False,False,False,True
2025-08-07 00:00:00-04:00,181.5597693442696,183.86963665167795,178.78992126086553,180.7598114013672,151878400,0.007524277913753652,0.017401694000410216,173.71370620727538,158.24133666992188,0.040462750128825276,0.45620173585232815,67.8326789552639,-16.11399309533958,134.3629987702468,0.8717900189638413,1.3952664040393548,6.315504620308218,6.68778123590762,-0.37227661559940195,99449057.54574105,462291306.79110795,0.007496111733235648,False,False,True,False,False,True
2025-08-08 00:00:00-04:00,181.5397681998595,183.2896695438941,180.3898238761652,182.689697265625,123396700,0.01067652067844116,0.017448061501012812,174.60265579223633,159.19926971435547,0.05302591809658086,0.3706503935941449,69.69829322911858,-6.114020431815729,134.22171322765607,0.9328962037609052,1.5519688542094083,6.352433413449546,6.6207116714160055,-0.2682782579664593,119262270.32864405,463608754.2103093,0.010619929076134701,False,False,True,False,False,True
2025-08-11 00:00:00-04:00,182.0397344504628,183.82962677132744,180.23983292857787,182.0497283935547,138323200,-0.003503037563961864,0.01739995988325494,175.50210418701172,160.05681427001954,0.03004238599617448,0.41548557233055367,68.28400522396208,-11.439412986258196,121.62334841125507,0.883494739007359,1.353376534334019,6.257922177102245,6.548153772553254,-0.29023159545100974,89578725.66952974,463124202.84474194,-0.0035091875667100955,False,False,True,False,False,True
2025-08-12 00:00:00-04:00,182.94968779347354,184.46959107996432,179.4498851930147,183.14967346191406,145485700,0.006042003347467295,0.015330136971549856,176.12506942749025,161.01754760742188,0.043587338567747436,0.4369997898429998,69.43210103859352,-9.712969669576605,114.7831573897857,0.8966972099809463,1.3986912609882693,6.200304465450245,6.478583911132652,-0.2782794456824078,99642661.74985571,464003227.93115056,0.006023823636406688,False,False,True,False,False,True
2025-08-13 00:00:00-04:00,182.60969839497247,183.95962838065756,179.33989375414814,181.5797576904297,179871700,-0.008571763966649049,0.0155707005105949,176.63604049682618,161.90188842773438,0.012941291934773114,0.5402860562839036,65.77249646813533,-21.265618155883207,92.79467052306964,0.7785350947526903,1.1218233214997113,5.959268197166324,6.374720768339387,-0.4154525711730628,45067507.40363261,462461410.17447066,-0.008608712831548364,False,False,False,False,False,True
2025-08-14 00:00:00-04:00,179.73985890356857,183.0096786896392,179.44988197821397,182.00973510742188,129554000,0.0023679810043872873,0.01549558790435973,177.0870147705078,162.71803863525392,0.023331641248358848,0.38914526151587403,66.29646271951225,-18.10151340212046,82.38649843797289,0.7733830106127904,1.1186549183800585,5.736810422548189,6.247138699181147,-0.5103282766329587,46587191.24325736,462768191.58551306,0.0023651817555431923,False,False,True,False,False,True
2025-08-15 00:00:00-04:00,181.86974661621798,181.88973450248375,178.02995160113952,180.4398193359375,156602200,-0.008625449460479717,0.015646225151018205,177.48899154663087,163.48879211425782,0.03874046579350887,0.4703907565413743,62.5324676362984,-29.654161888427062,52.850164029995575,0.6667704466833662,0.8789036172354536,5.371907940178545,6.072092547380627,-0.7001846072020816,4810126.261484824,461417427.2240131,-0.008662863949559025,False,False,False,False,False,True
2025-08-18 00:00:00-04:00,180.58981649127065,182.92968080449612,180.5798072904055,181.99972534179688,132008000,0.008645020880647225,0.015575877409105057,178.0204605102539,164.32933868408202,0.011166587471912681,0.3965164154112378,64.67835244035783,-18.175172961312356,79.80402223874917,0.731727476162408,1.006699875569827,5.149234304143505,5.887520898733203,-0.7382865945896979,33540118.51291333,462558639.14042556,0.008607866666712883,False,False,True,False,False,True
2025-08-19 00:00:00-04:00,182.41970688751834,182.4897102645763,175.48011099603517,175.63009643554688,185229200,-0.034998013839239506,0.016615927785830868,178.450936126709,165.0078973388672,-0.014697578829542146,0.5563785407967036,51.665982778967305,-65.04780465195859,-10.235937418435832,0.3003826992952817,0.18167305117716562,4.407975624652835,5.591611843917129,-1.1836362192642946,-139800079.3605832,456075985.0353943,-0.03562511944758994,False,False,False,False,False,True
2025-08-20 00:00:00-04:00,175.1601234390134,175.99007848098316,168.79048741289236,175.39010620117188,215142700,-0.001366452784833938,0.015962550253096962,178.68192291259766,165.66345825195313,-0.02240554062552147,0.6462306239462404,51.24763698116872,-57.90818832240057,-131.55539173664417,0.2390570526459298,0.14903307482057535,3.7578395394077404,5.224857383015252,-1.4670178436075112,-127204660.45150992,455782002.6938426,-0.0013673872327902067,False,False,False,False,False,True
2025-08-21 00:00:00-04:00,174.8401410010552,176.89001313294924,173.80019113380274,174.97012329101562,140040900,-0.0023945644326968107,0.015533652759142669,178.74391860961913,166.28402282714845,-0.03202973086476546,0.4206450796842889,50.477354477099475,-60.58680388024184,-90.81842364024652,0.19236803708928124,0.09061522705895103,3.172146368227061,4.814315180057614,-1.6421688118305529,-117434678.20456572,455446665.7355797,-0.0023974359871052576,False,False,False,False,False,True
2025-08-22 00:00:00-04:00,172.60026380920357,178.57992220965232,171.19033968434712,177.97996520996094,172789400,0.017202033480534507,0.015966825234573948,178.96840591430663,166.98718322753905,-0.025779954349676615,0.519012737932993,55.625028390156295,-41.39028612734025,-78.0647591770368,0.41265542931133387,0.42499854336458526,2.9172214855572065,4.434896441157532,-1.5176749556003255,-26362755.708283603,458418994.7794612,0.017055753659911226,False,False,False,False,False,True
2025-08-25 00:00:00-04:00,178.3399565343825,181.89975349617023,176.56005805348863,179.79986572265625,163012800,0.010225311093573941,0.015589656666049825,179.12139739990235,167.68334411621095,-0.012358506056294072,0.4896464693211701,58.43816334230062,-29.78311424214296,16.57355263023639,0.5608618464261254,0.5981624989215518,2.829426572961836,4.113802467518393,-1.2843758945565567,19784363.43517097,460085851.37169576,0.010173386265127206,False,False,False,False,False,True
2025-08-26 00:00:00-04:00,180.04984011627135,182.379710508586,178.79991063056144,181.75975036621094,168688200,0.010900367670896083,0.015621101560513556,179.43438034057618,168.47929931640624,-0.0075890012219550496,0.5066938396625504,61.28461374569905,-17.283135383844538,56.73411903078942,0.7142665389524359,0.782081099706697,2.884741281691049,3.867990230352924,-0.983248948661875,64187941.9057011,461924614.7734374,0.010841386884304001,False,False,True,False,False,True
2025-08-27 00:00:00-04:00,181.96973565618129,182.47971666734583,179.0899084065932,181.5897674560547,235518900,-0.0009352065559826706,0.014932989148157204,179.55087356567384,169.2174578857422,5.512599946344565e-05,0.7074352311193092,60.89507515011409,-18.367272039648626,53.72098242910177,0.6851581299011568,0.7514354797863062,2.8816445816608507,3.67072110061451,-0.7890765189536593,49299066.20220111,461704355.95409954,-0.0009356441344726344,False,False,True,False,False,True
2025-08-28 00:00:00-04:00,180.80980830742462,184.45959632874283,176.40005338826177,180.1598358154297,281787800,-0.007874516613228466,0.014934957520681804,179.66586685180664,169.93841735839842,-0.010163738169831293,0.8464145230790466,57.57948012364837,-27.487255368976513,30.568276518903055,0.545271810621992,0.5927864127206257,2.7323105167820927,3.4830389838480267,-0.750728467065934,-15306127.7069861,459485413.24159443,-0.007905684347558289,False,False,False,False,False,True
2025-08-29 00:00:00-04:00,178.099952232122,178.13994326196564,173.14022534545884,174.170166015625,243257900,-0.03324642128304889,0.015909110482999436,179.68886489868163,170.51238494873047,-0.03474650630546161,0.730681099088429,46.22581303757572,-65.68886387280781,-125.13560853506989,-0.014998338722657552,-0.04651950636471661,2.106365034436436,3.207704193965709,-1.1013391595292727,-221267323.34797505,451397958.61776465,-0.033811646699719186,False,False,False,False,False,True
2025-09-02 00:00:00-04:00,169.99041567915194,172.37028638119727,167.2105736316213,170.77037048339844,231164900,-0.019519964928560563,0.014060578661655774,179.2278907775879,171.05095458984374,-0.06169984508113746,0.6943569898558969,41.25344527881133,-79.36232727914957,-216.0669655011717,-0.13934508057940467,-0.3673707735382902,1.3207389869004373,2.830311152552655,-1.5095721656522176,-301931047.75935006,446885627.87705046,-0.01971299554035733,False,False,False,False,False,True
2025-09-03 00:00:00-04:00,171.0503597309562,172.40028977270214,168.8704898798795,170.61038208007812,164424900,-0.0009368627758283843,0.01396254756005912,178.8459129333496,171.57992492675783,-0.028581174054703617,0.49388803672770765,41.029780158924645,-80.28984883286061,-166.81350359743726,-0.04150613081855298,-0.352038107064849,0.6774062395700184,2.3997301699561278,-1.7223239303861093,-262556051.96760038,446731584.30882114,-0.0009373019060500131,False,False,False,True,False,True
2025-09-04 00:00:00-04:00,170.56039467979372,171.85031526705663,169.40045639085815,171.65032958984375,141670100,0.0060954526746064275,0.013949488888907765,178.45793533325195,172.05509857177734,-0.02132262014277253,0.42553875691588083,43.18603809963423,-74.26082604109881,-132.79262297594047,0.08574733006759372,-0.2093721280230171,0.24860965780160882,1.969506067525224,-1.7208964097236152,-204000977.7289079,447595127.6987779,0.006076950550765085,False,False,False,False,False,True
2025-09-05 00:00:00-04:00,168.02052717453523,169.02047080600087,164.06075893837155,167.01058959960938,224441400,-0.027030183986951672,0.014806381873060744,177.77047424316407,172.30928436279297,-0.045490816041591886,0.6741614098984894,36.732658223512544,-85.53922164882684,-172.3860122725517,-0.06467630200711251,-0.635871115955402,-0.4602969471672793,1.4835454645867234,-1.9438424117540027,-323622229.34537673,441528435.3624889,-0.027402218846634227,False,False,False,True,False,True
2025-09-08 00:00:00-04:00,167.5405549408978,170.95036631358883,167.34056927044318,168.30050659179688,163769100,0.007723564088240931,0.014668057819706475,177.05101470947267,172.57506927490235,-0.05438510231612481,0.4919181904666728,39.44202627749433,-79.21573875858932,-119.52865847477281,0.06635717640897673,-0.4166583985168064,-0.9075631944508018,1.0053237327792184,-1.9128869272300202,-247212118.74100092,442793316.5020125,0.00769389006201819,False,False,False,False,False,True
2025-09-09 00:00:00-04:00,169.08046220477644,170.97035502688004,166.7306038641957,170.7503662109375,157548400,0.0145564601601742,0.01524417841306805,176.4860466003418,172.83525451660157,-0.05033095812027877,0.4732328860506625,44.31909445419469,-67.20593853194987,-98.42882943724128,0.21805785345829928,-0.08081867107086829,-1.052212470488513,0.5938164921256721,-1.646028962614185,-156757321.3179701,445086663.50991166,0.014451531924085766,False,False,False,False,False,True
2025-09-10 00:00:00-04:00,176.63004377208136,179.2798883121013,175.46011154547278,177.32000732421875,226852000,0.03847512165898026,0.017780525039576507,176.19456329345704,173.22203277587892,-0.02442643672786171,0.6814022019034461,54.825731896104955,-34.99997998853666,22.220541271592136,0.5579225814324701,0.6511790808435511,-0.6294767150940288,0.349157850681732,-0.9786345657757608,78541756.84603676,453814821.8084946,0.03775340801335812,False,False,False,False,False,True
2025-09-11 00:00:00-04:00,179.67999267578125,180.27999877929688,176.47999572753906,177.1699981689453,151159300,-0.0008459798617036496,0.017701759199490446,175.9740753173828,173.69960540771484,-0.024339308040465246,0.4540417534700315,54.57251526250476,-35.73536089482422,36.15906537549516,0.5635344526537717,0.6560887125282252,-0.303066506415405,0.2187129792623046,-0.5217794856777096,64082180.31021378,453686944.0847854,-0.0008463379046124896,False,False,False,False,False,True
2025-09-12 00:00:00-04:00,177.77000427246094,178.60000610351562,176.4499969482422,177.82000732421875,124911000,0.003668844397986648,0.017717474769837697,175.76458892822265,174.11118286132813,-0.012987514562391445,0.37519894222647965,55.530927295407906,-32.54885990540873,35.04943246714605,0.6136311943738753,0.7522529064359594,0.007974319111497152,0.17656524723214312,-0.16859092812064597,66526625.06509186,454145223.1073823,0.0036621306046096948,False,False,False,False,False,True
2025-09-15 00:00:00-04:00,175.6699981689453,178.85000610351562,174.50999450683594,177.75,147061600,-0.00039369767931174415,0.01762673364837238,175.63009796142578,174.47956268310546,0.02055365776050211,0.441733368255267,55.39537223345043,-32.89205262212598,28.749006675828785,0.6199059830053021,0.7602158546400367,0.24599176830045622,0.19045055144580575,0.055541216854650466,55552051.61131758,454087325.29674643,-0.00039377519858986614,False,False,False,False,True,False
2025-09-16 00:00:00-04:00,177.0,177.5,174.3800048828125,174.8800048828125,140737800,-0.016146245385021074,0.01781290905202357,175.27411193847655,174.81254119873046,0.024065266051604528,0.4227383792562852,50.00614436294346,-46.96145796256074,9.46652499589945,0.4763858102007615,0.4777001969789943,0.20072387135607528,0.19250521542785964,0.008218655928215635,-10086355.590829343,451814938.2429984,-0.0162780163341907,False,False,False,False,True,False
2025-09-17 00:00:00-04:00,172.63999938964844,173.1999969482422,168.41000366210938,170.2899932861328,211843800,-0.026246634655319623,0.017046579054490345,175.00710678100586,175.01852142333985,-0.0018778974060027487,0.6363216184102113,42.82961394184923,-69.4627971753841,-73.67640694542959,0.2263625730405671,0.002134366073083676,-0.20318465243926198,0.11336724185443532,-0.3165518942936973,-147554804.60423836,446254751.42040384,-0.02659722573672721,False,False,False,False,False,True
2025-09-18 00:00:00-04:00,173.97999572753906,177.10000610351562,172.9600067138672,176.24000549316406,191763300,0.03494046885675561,0.018884936125713292,175.04960174560546,175.2859051513672,0.026738520772358942,0.5760052142554225,52.37173054227607,-24.908647543017814,11.167662996553913,0.5689307721710984,0.6647412942368951,-0.04267685653354647,0.08215842217683897,-0.12483527871038544,36523592.60502362,452955051.0319225,0.03434390705031156,False,False,False,False,False,True
2025-09-19 00:00:00-04:00,175.77000427246094,178.0800018310547,175.17999267578125,176.6699981689453,236658800,0.0024398131092768782,0.018878075630336076,175.13459548950195,175.5374899291992,0.0578371023807136,0.7108591831671189,52.982477371941144,-22.25752036320839,31.60504555101988,0.5886144078301088,0.7069440506490556,0.11786487059490014,0.08929971186045121,0.028565158734448926,45843300.89847449,453532454.2745882,0.0024368415975801567,False,False,False,False,True,False
